time_s,ecg_mv
0.00000,-0.00746
0.00400,0.02537
0.00800,0.04972
0.01200,0.00338
0.01600,0.06209
0.02000,0.04121
0.02400,0.02744
0.02800,0.03722
0.03200,0.04400
0.03600,0.03369
0.04000,0.05447
0.04400,0.01860
0.04800,0.02382
0.05200,0.05322
0.05600,0.03320
0.06000,0.01533
0.06400,0.05214
0.06800,0.06279
0.07200,0.02486
0.07600,0.00643
0.08000,0.03161
0.08400,0.03159
0.08800,0.02888
0.09200,0.06321
0.09600,0.01484
0.10000,0.06086
0.10400,0.01055
0.10800,0.02045
0.11200,0.04909
0.11600,0.05929
0.12000,0.05417
0.12400,0.04416
0.12800,0.04036
0.13200,0.04083
0.13600,0.04955
0.14000,0.03478
0.14400,0.04412
0.14800,0.05028
0.15200,0.03910
0.15600,0.05463
0.16000,0.05092
0.16400,0.08008
0.16800,0.04662
0.17200,0.03183
0.17600,0.03318
0.18000,0.04063
0.18400,0.05962
0.18800,0.03466
0.19200,0.04937
0.19600,0.07865
0.20000,-0.00914
0.20400,0.01992
0.20800,0.04753
0.21200,0.05087
0.21600,0.04792
0.22000,0.03477
0.22400,0.05674
0.22800,0.04953
0.23200,0.03369
0.23600,0.09297
0.24000,0.05172
0.24400,0.03377
0.24800,0.04311
0.25200,0.04083
0.25600,0.04432
0.26000,-0.00875
0.26400,0.03631
0.26800,0.06646
0.27200,0.02315
0.27600,0.04542
0.28000,0.06606
0.28400,0.06435
0.28800,0.07728
0.29200,0.01366
0.29600,0.04086
0.30000,0.04136
0.30400,0.06090
0.30800,0.07054
0.31200,-0.00463
0.31600,0.07117
0.32000,0.02091
0.32400,0.06414
0.32800,0.02145
0.33200,0.05592
0.33600,0.07782
0.34000,0.05299
0.34400,0.06254
0.34800,0.07824
0.35200,0.06967
0.35600,0.07071
0.36000,0.10991
0.36400,0.10808
0.36800,0.09006
0.37200,0.16039
0.37600,0.09242
0.38000,0.14339
0.38400,0.12886
0.38800,0.14466
0.39200,0.16221
0.39600,0.15648
0.40000,0.16628
0.40400,0.12189
0.40800,0.11872
0.41200,0.15552
0.41600,0.11652
0.42000,0.10657
0.42400,0.08836
0.42800,0.13362
0.43200,0.11408
0.43600,0.12018
0.44000,0.06450
0.44400,0.07691
0.44800,0.04885
0.45200,0.08283
0.45600,0.09612
0.46000,0.04419
0.46400,0.09154
0.46800,0.07898
0.47200,0.05495
0.47600,0.01865
0.48000,0.08601
0.48400,0.05588
0.48800,0.04577
0.49200,0.06591
0.49600,0.06623
0.50000,0.08814
0.50400,0.03793
0.50800,0.08121
0.51200,0.08840
0.51600,0.08786
0.52000,0.05536
0.52400,0.04423
0.52800,0.07956
0.53200,0.06141
0.53600,0.06110
0.54000,0.08569
0.54400,0.04871
0.54800,0.00173
0.55200,0.02927
0.55600,-0.01539
0.56000,0.02021
0.56400,-0.00386
0.56800,-0.02107
0.57200,0.02377
0.57600,0.12173
0.58000,0.24709
0.58400,0.46865
0.58800,0.66997
0.59200,0.90984
0.59600,1.07230
0.60000,1.11974
0.60400,0.99407
0.60800,0.83821
0.61200,0.53519
0.61600,0.29744
0.62000,0.06642
0.62400,-0.02091
0.62800,-0.14569
0.63200,-0.14250
0.63600,-0.12849
0.64000,-0.08780
0.64400,-0.05676
0.64800,-0.00246
0.65200,0.05783
0.65600,0.04300
0.66000,0.06552
0.66400,0.08268
0.66800,0.06357
0.67200,0.04584
0.67600,0.06304
0.68000,0.09894
0.68400,0.04839
0.68800,0.07396
0.69200,0.11155
0.69600,0.11376
0.70000,0.10568
0.70400,0.13048
0.70800,0.12782
0.71200,0.11237
0.71600,0.11745
0.72000,0.15003
0.72400,0.19655
0.72800,0.18315
0.73200,0.19366
0.73600,0.21418
0.74000,0.21718
0.74400,0.26369
0.74800,0.26028
0.75200,0.30820
0.75600,0.26957
0.76000,0.33757
0.76400,0.33045
0.76800,0.31438
0.77200,0.37505
0.77600,0.35956
0.78000,0.32204
0.78400,0.34771
0.78800,0.36666
0.79200,0.34447
0.79600,0.35945
0.80000,0.34668
0.80400,0.33094
0.80800,0.30844
0.81200,0.31168
0.81600,0.28051
0.82000,0.25826
0.82400,0.18947
0.82800,0.23134
0.83200,0.22249
0.83600,0.17414
0.84000,0.15554
0.84400,0.18980
0.84800,0.10319
0.85200,0.13642
0.85600,0.16553
0.86000,0.08980
0.86400,0.11466
0.86800,0.13224
0.87200,0.08677
0.87600,0.09597
0.88000,0.09917
0.88400,0.06007
0.88800,0.07406
0.89200,0.07984
0.89600,0.08904
0.90000,0.07073
0.90400,0.06666
0.90800,0.04961
0.91200,0.06227
0.91600,0.08694
0.92000,0.07089
0.92400,0.05161
0.92800,0.05172
0.93200,0.12180
0.93600,0.09121
0.94000,0.08112
0.94400,0.01649
0.94800,0.08076
0.95200,0.07794
0.95600,0.10200
0.96000,0.07687
0.96400,0.06697
0.96800,0.07876
0.97200,0.02943
0.97600,0.08898
0.98000,0.07481
0.98400,0.05426
0.98800,0.09481
0.99200,0.10448
0.99600,0.04023
1.00000,0.05494
1.00400,0.07408
1.00800,0.07191
1.01200,0.06026
1.01600,0.04873
1.02000,0.11061
1.02400,0.08893
1.02800,0.04427
1.03200,0.04124
1.03600,0.10217
1.04000,0.08787
1.04400,0.10448
1.04800,0.08424
1.05200,0.05056
1.05600,0.07319
1.06000,0.02474
1.06400,0.05295
1.06800,0.06670
1.07200,0.07829
1.07600,0.05325
1.08000,0.06528
1.08400,0.07689
1.08800,0.07522
1.09200,0.08040
1.09600,0.07177
1.10000,0.06107
1.10400,0.08328
1.10800,0.06844
1.11200,0.05088
1.11600,0.05483
1.12000,0.06729
1.12400,0.06505
1.12800,0.07033
1.13200,0.06712
1.13600,0.07059
1.14000,0.06433
1.14400,0.04179
1.14800,0.07532
1.15200,0.08791
1.15600,0.07546
1.16000,0.06292
1.16400,0.07556
1.16800,0.04725
1.17200,0.02857
1.17600,0.06762
1.18000,0.04774
1.18400,0.08108
1.18800,0.04452
1.19200,0.01356
1.19600,0.04526
1.20000,0.09753
1.20400,0.05825
1.20800,0.03842
1.21200,0.05046
1.21600,0.07606
1.22000,0.07549
1.22400,0.06901
1.22800,0.09506
1.23200,0.07942
1.23600,0.06479
1.24000,0.07705
1.24400,0.09811
1.24800,0.08435
1.25200,0.08531
1.25600,0.04308
1.26000,0.06167
1.26400,0.07914
1.26800,0.05851
1.27200,0.08572
1.27600,0.07616
1.28000,0.08230
1.28400,0.05978
1.28800,0.11485
1.29200,0.08862
1.29600,0.05941
1.30000,0.06542
1.30400,0.11541
1.30800,0.05655
1.31200,0.08081
1.31600,0.08288
1.32000,0.06337
1.32400,0.03993
1.32800,0.06715
1.33200,0.07086
1.33600,0.08674
1.34000,0.08058
1.34400,0.06659
1.34800,0.08489
1.35200,0.08101
1.35600,0.07757
1.36000,0.07877
1.36400,0.07809
1.36800,0.10310
1.37200,0.07582
1.37600,0.09282
1.38000,0.11470
1.38400,0.09485
1.38800,0.12482
1.39200,0.10209
1.39600,0.13612
1.40000,0.16690
1.40400,0.17044
1.40800,0.15915
1.41200,0.15419
1.41600,0.12664
1.42000,0.18550
1.42400,0.15148
1.42800,0.15403
1.43200,0.10483
1.43600,0.10896
1.44000,0.06680
1.44400,0.11003
1.44800,0.10532
1.45200,0.04197
1.45600,0.07331
1.46000,0.08247
1.46400,0.03111
1.46800,0.02717
1.47200,0.04039
1.47600,0.04765
1.48000,0.03113
1.48400,0.05907
1.48800,0.06288
1.49200,0.07017
1.49600,0.07122
1.50000,0.08699
1.50400,0.08001
1.50800,0.03030
1.51200,0.04625
1.51600,0.03498
1.52000,0.03449
1.52400,0.05423
1.52800,0.05579
1.53200,0.06530
1.53600,0.02351
1.54000,0.03009
1.54400,0.05356
1.54800,0.04830
1.55200,0.04251
1.55600,0.04083
1.56000,0.01592
1.56400,0.02949
1.56800,0.00438
1.57200,-0.01882
1.57600,-0.02946
1.58000,0.01298
1.58400,0.04282
1.58800,0.21775
1.59200,0.43441
1.59600,0.63235
1.60000,0.88393
1.60400,1.03602
1.60800,1.05027
1.61200,0.99246
1.61600,0.80399
1.62000,0.57125
1.62400,0.32037
1.62800,0.09367
1.63200,-0.07091
1.63600,-0.13584
1.64000,-0.15577
1.64400,-0.12248
1.64800,-0.09417
1.65200,-0.07252
1.65600,-0.04766
1.66000,0.00080
1.66400,0.01326
1.66800,0.01831
1.67200,0.04569
1.67600,0.04275
1.68000,0.05788
1.68400,0.06906
1.68800,0.05335
1.69200,0.11166
1.69600,0.06304
1.70000,0.09669
1.70400,0.08330
1.70800,0.11053
1.71200,0.04923
1.71600,0.09156
1.72000,0.12269
1.72400,0.14229
1.72800,0.19076
1.73200,0.16548
1.73600,0.20071
1.74000,0.20740
1.74400,0.22862
1.74800,0.23782
1.75200,0.24243
1.75600,0.27329
1.76000,0.25831
1.76400,0.31907
1.76800,0.28907
1.77200,0.32639
1.77600,0.37348
1.78000,0.33366
1.78400,0.34276
1.78800,0.36693
1.79200,0.34250
1.79600,0.32117
1.80000,0.33503
1.80400,0.33144
1.80800,0.32161
1.81200,0.27759
1.81600,0.31212
1.82000,0.29324
1.82400,0.24231
1.82800,0.22898
1.83200,0.19670
1.83600,0.21555
1.84000,0.15581
1.84400,0.16691
1.84800,0.12843
1.85200,0.10996
1.85600,0.12532
1.86000,0.12606
1.86400,0.08895
1.86800,0.06666
1.87200,0.08870
1.87600,0.06488
1.88000,0.06650
1.88400,0.08608
1.88800,0.07439
1.89200,0.03818
1.89600,0.09167
1.90000,0.04397
1.90400,0.05794
1.90800,0.02792
1.91200,0.03889
1.91600,0.00392
1.92000,0.07394
1.92400,0.06495
1.92800,0.01285
1.93200,0.00665
1.93600,0.00398
1.94000,0.05961
1.94400,0.02663
1.94800,0.03435
1.95200,0.02906
1.95600,0.03266
1.96000,0.01310
1.96400,0.03513
1.96800,0.00567
1.97200,0.03279
1.97600,0.04018
1.98000,0.04315
1.98400,0.02895
1.98800,0.01530
1.99200,0.03636
1.99600,0.02326
2.00000,0.06406
2.00400,0.04789
2.00800,0.03002
2.01200,0.02270
2.01600,0.01786
2.02000,0.01296
2.02400,0.02443
2.02800,0.03718
2.03200,0.04138
2.03600,0.04224
2.04000,0.07263
2.04400,0.01635
2.04800,0.03050
2.05200,0.08592
2.05600,-0.00752
2.06000,0.01918
2.06400,0.03280
2.06800,0.03229
2.07200,0.03715
2.07600,0.02401
2.08000,0.03590
2.08400,0.02942
2.08800,0.04358
2.09200,-0.00990
2.09600,0.01004
2.10000,0.02749
2.10400,0.00669
2.10800,0.00623
2.11200,0.03947
2.11600,0.01371
2.12000,0.03920
2.12400,0.04121
2.12800,0.03222
2.13200,0.03604
2.13600,0.02358
2.14000,-0.00272
2.14400,0.02466
2.14800,0.03414
2.15200,0.01426
2.15600,0.02265
2.16000,0.03942
2.16400,0.00667
2.16800,0.03683
2.17200,0.06108
2.17600,0.01253
2.18000,0.02635
2.18400,0.02020
2.18800,0.05381
2.19200,0.02913
2.19600,0.04056
2.20000,0.00860
2.20400,0.02187
2.20800,0.02179
2.21200,-0.01373
2.21600,0.05040
2.22000,0.03937
2.22400,-0.01380
2.22800,0.03587
2.23200,0.01816
2.23600,0.02955
2.24000,0.02771
2.24400,-0.00980
2.24800,0.01574
2.25200,0.04963
2.25600,0.00808
2.26000,-0.00108
2.26400,-0.00801
2.26800,-0.00544
2.27200,0.02549
2.27600,0.05243
2.28000,0.02697
2.28400,0.02310
2.28800,0.06266
2.29200,0.00740
2.29600,0.00411
2.30000,0.02797
2.30400,0.02817
2.30800,-0.00329
2.31200,-0.00659
2.31600,0.02244
2.32000,0.02138
2.32400,-0.00988
2.32800,0.01205
2.33200,0.00510
2.33600,0.02505
2.34000,0.01347
2.34400,0.01413
2.34800,0.00898
2.35200,0.03752
2.35600,0.04496
2.36000,0.01092
2.36400,0.03683
2.36800,0.00708
2.37200,0.02684
2.37600,0.04455
2.38000,0.06506
2.38400,0.03349
2.38800,0.04713
2.39200,0.06097
2.39600,0.03622
2.40000,0.07598
2.40400,0.07149
2.40800,0.10112
2.41200,0.07854
2.41600,0.06730
2.42000,0.11114
2.42400,0.11667
2.42800,0.09902
2.43200,0.12387
2.43600,0.09456
2.44000,0.08008
2.44400,0.09270
2.44800,0.04206
2.45200,0.05002
2.45600,0.05364
2.46000,0.06223
2.46400,0.03416
2.46800,0.03685
2.47200,0.01197
2.47600,0.02660
2.48000,0.05029
2.48400,0.00059
2.48800,0.05962
2.49200,-0.00206
2.49600,0.01009
2.50000,0.01243
2.50400,0.02889
2.50800,-0.01676
2.51200,-0.03436
2.51600,0.01950
2.52000,0.02306
2.52400,0.01942
2.52800,0.05936
2.53200,0.01067
2.53600,0.01146
2.54000,0.02479
2.54400,0.01340
2.54800,0.03910
2.55200,-0.01919
2.55600,-0.00235
2.56000,-0.06456
2.56400,0.01884
2.56800,-0.00842
2.57200,0.01087
2.57600,0.02449
2.58000,-0.03436
2.58400,-0.05750
2.58800,-0.07676
2.59200,-0.08248
2.59600,-0.04585
2.60000,0.06034
2.60400,0.18842
2.60800,0.38530
2.61200,0.60928
2.61600,0.84856
2.62000,0.99329
2.62400,1.02533
2.62800,0.96113
2.63200,0.75760
2.63600,0.48938
2.64000,0.28764
2.64400,0.05411
2.64800,-0.12260
2.65200,-0.16093
2.65600,-0.19709
2.66000,-0.21797
2.66400,-0.11735
2.66800,-0.10087
2.67200,-0.05219
2.67600,-0.03721
2.68000,-0.02432
2.68400,-0.03980
2.68800,0.01809
2.69200,0.00385
2.69600,0.00075
2.70000,0.01634
2.70400,0.01394
2.70800,0.02947
2.71200,0.01287
2.71600,0.02478
2.72000,-0.01103
2.72400,0.03065
2.72800,0.06122
2.73200,0.08431
2.73600,0.06149
2.74000,0.07887
2.74400,0.12680
2.74800,0.10365
2.75200,0.14096
2.75600,0.17685
2.76000,0.16172
2.76400,0.20345
2.76800,0.18268
2.77200,0.21864
2.77600,0.22975
2.78000,0.24921
2.78400,0.28352
2.78800,0.32075
2.79200,0.26936
2.79600,0.27827
2.80000,0.30402
2.80400,0.27431
2.80800,0.30370
2.81200,0.30060
2.81600,0.27620
2.82000,0.28236
2.82400,0.22842
2.82800,0.26028
2.83200,0.19827
2.83600,0.19812
2.84000,0.18302
2.84400,0.16784
2.84800,0.17475
2.85200,0.14127
2.85600,0.11438
2.86000,0.11677
2.86400,0.12218
2.86800,0.07655
2.87200,0.07091
2.87600,0.07688
2.88000,0.04727
2.88400,0.00735
2.88800,0.07516
2.89200,0.06298
2.89600,-0.02641
2.90000,0.00790
2.90400,0.01322
2.90800,0.02108
2.91200,0.01262
2.91600,-0.00823
2.92000,-0.02548
2.92400,-0.00363
2.92800,0.01396
2.93200,-0.02931
2.93600,-0.02870
2.94000,-0.00916
2.94400,-0.04783
2.94800,-0.01463
2.95200,-0.01844
2.95600,-0.00093
2.96000,-0.02419
2.96400,-0.02799
2.96800,-0.01841
2.97200,-0.01169
2.97600,-0.02414
2.98000,-0.01075
2.98400,0.00386
2.98800,0.01242
2.99200,0.02267
2.99600,-0.02724
3.00000,-0.02011
3.00400,-0.06151
3.00800,0.02599
3.01200,-0.02663
3.01600,-0.01294
3.02000,-0.00196
3.02400,-0.03972
3.02800,-0.00341
3.03200,-0.01335
3.03600,-0.04948
3.04000,-0.00726
3.04400,0.01065
3.04800,-0.05073
3.05200,0.00263
3.05600,-0.00946
3.06000,-0.00429
3.06400,-0.00509
3.06800,0.01202
3.07200,-0.01867
3.07600,0.00314
3.08000,-0.02267
3.08400,-0.00005
3.08800,-0.03102
3.09200,-0.01704
3.09600,0.01961
3.10000,-0.00623
3.10400,-0.01845
3.10800,-0.03831
3.11200,-0.03135
3.11600,-0.01181
3.12000,0.00297
3.12400,-0.00743
3.12800,-0.00561
3.13200,-0.01706
3.13600,0.01068
3.14000,-0.02431
3.14400,-0.02762
3.14800,0.00100
3.15200,-0.01562
3.15600,-0.02260
3.16000,-0.02868
3.16400,-0.02243
3.16800,-0.00496
3.17200,-0.01049
3.17600,-0.04189
3.18000,-0.00930
3.18400,-0.01438
3.18800,-0.03810
3.19200,-0.00277
3.19600,-0.02397
3.20000,-0.02520
3.20400,-0.00271
3.20800,0.00766
3.21200,-0.03266
3.21600,-0.01026
3.22000,-0.03668
3.22400,0.02700
3.22800,-0.02930
3.23200,0.00435
3.23600,-0.03263
3.24000,-0.00359
3.24400,0.02443
3.24800,-0.07089
3.25200,-0.02888
3.25600,-0.01030
3.26000,-0.02227
3.26400,-0.03386
3.26800,0.02251
3.27200,-0.01893
3.27600,-0.05329
3.28000,-0.00307
3.28400,-0.05412
3.28800,0.00409
3.29200,-0.02931
3.29600,-0.01315
3.30000,0.01156
3.30400,-0.00807
3.30800,-0.03405
3.31200,-0.03486
3.31600,0.02914
3.32000,0.02782
3.32400,0.00518
3.32800,0.04789
3.33200,0.05017
3.33600,0.06259
3.34000,0.01320
3.34400,0.05984
3.34800,0.08965
3.35200,0.08990
3.35600,0.09400
3.36000,0.02582
3.36400,0.07450
3.36800,0.07494
3.37200,0.10836
3.37600,0.02925
3.38000,0.03207
3.38400,0.02957
3.38800,0.03712
3.39200,0.00178
3.39600,0.02580
3.40000,-0.01959
3.40400,-0.00404
3.40800,-0.02439
3.41200,-0.01417
3.41600,-0.03381
3.42000,-0.05391
3.42400,-0.00153
3.42800,-0.01835
3.43200,-0.03632
3.43600,-0.02165
3.44000,-0.00624
3.44400,-0.04587
3.44800,-0.02875
3.45200,-0.01595
3.45600,-0.01637
3.46000,-0.03374
3.46400,-0.06932
3.46800,-0.00246
3.47200,-0.02089
3.47600,-0.02733
3.48000,-0.03332
3.48400,-0.02269
3.48800,-0.03684
3.49200,-0.04960
3.49600,-0.04561
3.50000,-0.04627
3.50400,-0.05318
3.50800,-0.07505
3.51200,-0.05476
3.51600,-0.11181
3.52000,-0.08674
3.52400,-0.11915
3.52800,-0.05928
3.53200,0.04199
3.53600,0.15873
3.54000,0.33638
3.54400,0.58077
3.54800,0.80032
3.55200,0.91586
3.55600,0.98318
3.56000,0.91829
3.56400,0.71849
3.56800,0.48129
3.57200,0.24051
3.57600,0.02747
3.58000,-0.11798
3.58400,-0.20334
3.58800,-0.24232
3.59200,-0.21960
3.59600,-0.18748
3.60000,-0.14628
3.60400,-0.10607
3.60800,-0.10808
3.61200,-0.06039
3.61600,-0.04168
3.62000,-0.05316
3.62400,-0.02954
3.62800,-0.01550
3.63200,-0.02622
3.63600,0.02168
3.64000,-0.06837
3.64400,-0.01602
3.64800,-0.04315
3.65200,0.01922
3.65600,0.06010
3.66000,-0.03442
3.66400,0.02807
3.66800,0.04712
3.67200,0.04324
3.67600,0.07417
3.68000,0.03334
3.68400,0.11138
3.68800,0.11880
3.69200,0.12948
3.69600,0.13528
3.70000,0.17779
3.70400,0.17294
3.70800,0.20394
3.71200,0.20491
3.71600,0.18421
3.72000,0.24057
3.72400,0.25497
3.72800,0.27313
3.73200,0.24483
3.73600,0.26306
3.74000,0.27443
3.74400,0.26041
3.74800,0.27496
3.75200,0.27994
3.75600,0.20962
3.76000,0.17507
3.76400,0.21471
3.76800,0.21107
3.77200,0.18104
3.77600,0.16060
3.78000,0.11368
3.78400,0.09385
3.78800,0.10859
3.79200,0.05618
3.79600,0.02281
3.80000,0.02501
3.80400,0.08198
3.80800,0.05912
3.81200,-0.00324
3.81600,-0.01297
3.82000,-0.00142
3.82400,-0.02757
3.82800,0.00810
3.83200,-0.02426
3.83600,-0.04821
3.84000,-0.00341
3.84400,-0.04377
3.84800,-0.02970
3.85200,-0.03599
3.85600,-0.04330
3.86000,-0.03153
3.86400,-0.05267
3.86800,-0.07635
3.87200,-0.08412
3.87600,-0.06570
3.88000,-0.05587
3.88400,-0.04143
3.88800,-0.04010
3.89200,-0.03029
3.89600,-0.03920
3.90000,-0.05763
3.90400,-0.05610
3.90800,-0.08445
3.91200,-0.04560
3.91600,-0.03266
3.92000,-0.03190
3.92400,-0.04506
3.92800,-0.04625
3.93200,-0.02418
3.93600,-0.04273
3.94000,-0.02842
3.94400,-0.03166
3.94800,-0.03918
3.95200,-0.01745
3.95600,-0.05517
3.96000,-0.05102
3.96400,-0.06014
3.96800,-0.06006
3.97200,-0.01312
3.97600,-0.00919
3.98000,-0.04405
3.98400,-0.03328
3.98800,-0.02127
3.99200,-0.02876
3.99600,-0.02093
4.00000,-0.07043
4.00400,-0.05809
4.00800,-0.03638
4.01200,-0.01686
4.01600,-0.04362
4.02000,-0.06300
4.02400,-0.05305
4.02800,-0.05931
4.03200,-0.06339
4.03600,-0.01633
4.04000,-0.05900
4.04400,-0.04621
4.04800,-0.00350
4.05200,-0.02318
4.05600,-0.04028
4.06000,-0.05937
4.06400,-0.03906
4.06800,-0.01496
4.07200,-0.03506
4.07600,-0.02242
4.08000,-0.04582
4.08400,-0.03758
4.08800,-0.05206
4.09200,-0.03963
4.09600,-0.02228
4.10000,-0.07704
4.10400,-0.04980
4.10800,-0.04387
4.11200,-0.06022
4.11600,-0.05509
4.12000,-0.03332
4.12400,-0.00915
4.12800,-0.03672
4.13200,-0.04291
4.13600,-0.08058
4.14000,-0.01113
4.14400,-0.04826
4.14800,-0.05060
4.15200,-0.07242
4.15600,-0.05131
4.16000,-0.07222
4.16400,-0.04900
4.16800,-0.04121
4.17200,-0.05004
4.17600,-0.04518
4.18000,-0.06793
4.18400,-0.02240
4.18800,-0.06415
4.19200,-0.08752
4.19600,-0.05494
4.20000,-0.06643
4.20400,-0.07123
4.20800,-0.05786
4.21200,-0.04446
4.21600,-0.07315
4.22000,-0.05108
4.22400,-0.01807
4.22800,-0.03054
4.23200,-0.04400
4.23600,-0.03418
4.24000,-0.03383
4.24400,-0.02595
4.24800,-0.00281
4.25200,-0.01080
4.25600,-0.04782
4.26000,0.00939
4.26400,0.00146
4.26800,0.04103
4.27200,0.02332
4.27600,0.04427
4.28000,0.08846
4.28400,0.02514
4.28800,0.02220
4.29200,0.01263
4.29600,-0.01303
4.30000,-0.01045
4.30400,0.02543
4.30800,-0.00426
4.31200,-0.03864
4.31600,-0.04037
4.32000,-0.00710
4.32400,-0.04271
4.32800,-0.04120
4.33200,-0.03277
4.33600,-0.01669
4.34000,-0.00846
4.34400,-0.02926
4.34800,-0.04898
4.35200,-0.04957
4.35600,-0.01820
4.36000,-0.02637
4.36400,-0.06164
4.36800,-0.04662
4.37200,-0.05028
4.37600,-0.05516
4.38000,-0.06636
4.38400,-0.08302
4.38800,-0.06728
4.39200,-0.08759
4.39600,-0.03233
4.40000,-0.04617
4.40400,-0.08112
4.40800,-0.02920
4.41200,-0.03946
4.41600,-0.09579
4.42000,-0.02153
4.42400,-0.04382
4.42800,-0.02221
4.43200,-0.09468
4.43600,-0.07034
4.44000,-0.08805
4.44400,-0.11057
4.44800,-0.12545
4.45200,-0.10668
4.45600,-0.12506
4.46000,-0.03913
4.46400,0.09804
4.46800,0.31115
4.47200,0.53905
4.47600,0.77612
4.48000,0.92732
4.48400,0.96747
4.48800,0.87306
4.49200,0.69066
4.49600,0.47043
4.50000,0.21284
4.50400,-0.01405
4.50800,-0.17069
4.51200,-0.21214
4.51600,-0.27647
4.52000,-0.23422
4.52400,-0.18689
4.52800,-0.17317
4.53200,-0.11375
4.53600,-0.12362
4.54000,-0.06112
4.54400,-0.06479
4.54800,-0.09293
4.55200,-0.04312
4.55600,-0.07103
4.56000,-0.02460
4.56400,-0.06067
4.56800,-0.04670
4.57200,-0.03332
4.57600,-0.04031
4.58000,-0.02212
4.58400,-0.03092
4.58800,0.00227
4.59200,-0.00108
4.59600,0.01433
4.60000,-0.03232
4.60400,0.05989
4.60800,0.05245
4.61200,0.03238
4.61600,0.08705
4.62000,0.11223
4.62400,0.14239
4.62800,0.11740
4.63200,0.18770
4.63600,0.17050
4.64000,0.23730
4.64400,0.20060
4.64800,0.22927
4.65200,0.21816
4.65600,0.21039
4.66000,0.25905
4.66400,0.25670
4.66800,0.26781
4.67200,0.24969
4.67600,0.21379
4.68000,0.18211
4.68400,0.19013
4.68800,0.17544
4.69200,0.15683
4.69600,0.16778
4.70000,0.14491
4.70400,0.11479
4.70800,0.10548
4.71200,0.08129
4.71600,0.07127
4.72000,0.06576
4.72400,0.05468
4.72800,0.00777
4.73200,-0.02136
4.73600,0.02595
4.74000,-0.01035
4.74400,0.00071
4.74800,-0.06181
4.75200,-0.04196
4.75600,-0.04021
4.76000,-0.07406
4.76400,-0.05922
4.76800,-0.03739
4.77200,-0.03270
4.77600,-0.02428
4.78000,-0.07492
4.78400,-0.08682
4.78800,-0.04927
4.79200,-0.04154
4.79600,-0.05699
4.80000,-0.08725
4.80400,-0.04585
4.80800,-0.04584
4.81200,-0.05076
4.81600,-0.07167
4.82000,-0.05592
4.82400,-0.04623
4.82800,-0.07324
4.83200,-0.09896
4.83600,-0.05552
4.84000,-0.05248
4.84400,-0.06182
4.84800,-0.04430
4.85200,-0.07381
4.85600,-0.06371
4.86000,-0.06815
4.86400,-0.05061
4.86800,-0.03010
4.87200,-0.06702
4.87600,-0.02088
4.88000,-0.03138
4.88400,-0.04612
4.88800,-0.05017
4.89200,-0.02647
4.89600,-0.06547
4.90000,-0.06407
4.90400,-0.08306
4.90800,-0.05232
4.91200,-0.03485
4.91600,-0.05107
4.92000,-0.05322
4.92400,-0.06566
4.92800,-0.05822
4.93200,-0.09007
4.93600,-0.04056
4.94000,-0.06969
4.94400,-0.08355
4.94800,-0.07644
4.95200,-0.07786
4.95600,-0.04422
4.96000,-0.04011
4.96400,-0.08838
4.96800,-0.04266
4.97200,-0.04337
4.97600,-0.07267
4.98000,-0.09076
4.98400,-0.07588
4.98800,-0.07359
4.99200,-0.05401
4.99600,-0.06796
5.00000,-0.10131
5.00400,-0.05601
5.00800,-0.09131
5.01200,-0.04245
5.01600,-0.08463
5.02000,-0.07429
5.02400,-0.07745
5.02800,-0.07115
5.03200,-0.03427
5.03600,-0.04311
5.04000,-0.04805
5.04400,-0.05362
5.04800,-0.09089
5.05200,-0.07027
5.05600,-0.07082
5.06000,-0.07925
5.06400,-0.04944
5.06800,-0.07436
5.07200,-0.07365
5.07600,-0.08026
5.08000,-0.10044
5.08400,-0.04730
5.08800,-0.03250
5.09200,-0.05553
5.09600,-0.07847
5.10000,-0.11294
5.10400,-0.05529
5.10800,-0.03433
5.11200,-0.05261
5.11600,-0.03991
5.12000,-0.02879
5.12400,-0.03571
5.12800,-0.06697
5.13200,-0.03697
5.13600,-0.04238
5.14000,-0.08847
5.14400,-0.06564
5.14800,-0.08575
5.15200,-0.05911
5.15600,-0.04486
5.16000,-0.07708
5.16400,-0.09583
5.16800,-0.02733
5.17200,-0.04380
5.17600,-0.01928
5.18000,-0.07170
5.18400,-0.01956
5.18800,0.00625
5.19200,0.01159
5.19600,-0.02497
5.20000,-0.00664
5.20400,-0.00565
5.20800,0.02720
5.21200,0.03765
5.21600,0.02763
5.22000,0.00648
5.22400,0.05451
5.22800,0.03414
5.23200,0.05752
5.23600,0.04908
5.24000,0.07270
5.24400,0.05723
5.24800,0.01797
5.25200,0.02524
5.25600,0.04415
5.26000,-0.01140
5.26400,-0.00117
5.26800,0.00550
5.27200,-0.00068
5.27600,-0.02185
5.28000,-0.06389
5.28400,-0.06689
5.28800,-0.03992
5.29200,-0.03949
5.29600,0.00203
5.30000,-0.06729
5.30400,-0.02804
5.30800,-0.03582
5.31200,-0.08489
5.31600,-0.06790
5.32000,-0.04820
5.32400,-0.06132
5.32800,-0.05442
5.33200,-0.04179
5.33600,-0.06723
5.34000,-0.04155
5.34400,-0.06343
5.34800,-0.06143
5.35200,-0.03963
5.35600,-0.06169
5.36000,-0.04438
5.36400,-0.01819
5.36800,-0.05011
5.37200,-0.05496
5.37600,-0.04054
5.38000,-0.06884
5.38400,-0.05049
5.38800,-0.11310
5.39200,-0.09288
5.39600,-0.12949
5.40000,-0.13382
5.40400,-0.04961
5.40800,-0.02084
5.41200,0.17178
5.41600,0.34647
5.42000,0.59150
5.42400,0.76080
5.42800,0.95781
5.43200,1.00810
5.43600,0.89667
5.44000,0.70959
5.44400,0.51346
5.44800,0.21436
5.45200,-0.01100
5.45600,-0.16304
5.46000,-0.22020
5.46400,-0.24362
5.46800,-0.22899
5.47200,-0.16060
5.47600,-0.15920
5.48000,-0.10529
5.48400,-0.05634
5.48800,-0.08539
5.49200,-0.03166
5.49600,-0.00792
5.50000,-0.06668
5.50400,-0.05793
5.50800,-0.05351
5.51200,-0.06624
5.51600,-0.01629
5.52000,-0.05775
5.52400,-0.00505
5.52800,0.02067
5.53200,-0.03294
5.53600,0.00200
5.54000,-0.01977
5.54400,0.04576
5.54800,0.02834
5.55200,0.05199
5.55600,0.07383
5.56000,0.10015
5.56400,0.09971
5.56800,0.12498
5.57200,0.13212
5.57600,0.16372
5.58000,0.15597
5.58400,0.19790
5.58800,0.17400
5.59200,0.21725
5.59600,0.27779
5.60000,0.25118
5.60400,0.23190
5.60800,0.26693
5.61200,0.24409
5.61600,0.22926
5.62000,0.24336
5.62400,0.26582
5.62800,0.24915
5.63200,0.22760
5.63600,0.19709
5.64000,0.17854
5.64400,0.21039
5.64800,0.17079
5.65200,0.12899
5.65600,0.08793
5.66000,0.08521
5.66400,0.14522
5.66800,0.05672
5.67200,0.06323
5.67600,0.05524
5.68000,0.03547
5.68400,0.02196
5.68800,-0.00970
5.69200,-0.01173
5.69600,0.03581
5.70000,-0.01923
5.70400,0.00771
5.70800,-0.04727
5.71200,-0.02227
5.71600,-0.01426
5.72000,-0.00086
5.72400,-0.04565
5.72800,-0.01249
5.73200,-0.01755
5.73600,-0.04063
5.74000,-0.01672
5.74400,-0.04444
5.74800,-0.04250
5.75200,-0.02694
5.75600,-0.08076
5.76000,-0.02854
5.76400,-0.04617
5.76800,-0.05521
5.77200,-0.03422
5.77600,-0.01022
5.78000,-0.03330
5.78400,0.00037
5.78800,-0.04787
5.79200,-0.05064
5.79600,0.00691
5.80000,-0.01586
5.80400,-0.00465
5.80800,-0.03980
5.81200,-0.00689
5.81600,-0.01749
5.82000,-0.00943
5.82400,-0.02160
5.82800,0.00231
5.83200,-0.03451
5.83600,-0.04051
5.84000,-0.05050
5.84400,0.00256
5.84800,-0.03513
5.85200,-0.04093
5.85600,-0.03857
5.86000,-0.02838
5.86400,-0.04461
5.86800,-0.02470
5.87200,-0.03114
5.87600,-0.02932
5.88000,-0.03719
5.88400,-0.01697
5.88800,-0.02663
5.89200,-0.01481
5.89600,-0.01183
5.90000,-0.00971
5.90400,-0.06000
5.90800,-0.02663
5.91200,-0.03153
5.91600,0.00017
5.92000,-0.04657
5.92400,-0.02900
5.92800,-0.02029
5.93200,-0.02083
5.93600,0.00602
5.94000,-0.02236
5.94400,0.00609
5.94800,-0.04221
5.95200,-0.04884
5.95600,0.01209
5.96000,-0.00327
5.96400,-0.00193
5.96800,-0.00891
5.97200,-0.00139
5.97600,-0.03508
5.98000,0.00851
5.98400,-0.02080
5.98800,0.00986
5.99200,-0.00779
5.99600,-0.04871
6.00000,-0.03467
6.00400,0.01393
6.00800,-0.01105
6.01200,-0.01592
6.01600,-0.00285
6.02000,-0.01590
6.02400,-0.01798
6.02800,-0.00473
6.03200,-0.00359
6.03600,0.02417
6.04000,-0.00494
6.04400,0.03205
6.04800,0.03081
6.05200,0.02940
6.05600,0.01661
6.06000,-0.00170
6.06400,-0.00126
6.06800,-0.00655
6.07200,-0.01801
6.07600,-0.00441
6.08000,-0.01559
6.08400,0.03033
6.08800,0.00853
6.09200,-0.01077
6.09600,-0.03984
6.10000,-0.00229
6.10400,-0.00923
6.10800,-0.02229
6.11200,-0.02297
6.11600,-0.04488
6.12000,0.01190
6.12400,-0.00034
6.12800,0.05315
6.13200,0.00161
6.13600,0.00016
6.14000,0.03321
6.14400,0.00862
6.14800,0.01143
6.15200,0.00349
6.15600,0.00248
6.16000,0.04921
6.16400,0.04496
6.16800,0.06614
6.17200,0.03278
6.17600,0.04930
6.18000,0.04072
6.18400,0.08766
6.18800,0.05029
6.19200,0.09862
6.19600,0.11719
6.20000,0.12969
6.20400,0.08670
6.20800,0.12886
6.21200,0.09183
6.21600,0.08754
6.22000,0.07064
6.22400,0.11288
6.22800,0.11417
6.23200,0.06008
6.23600,0.04741
6.24000,0.04680
6.24400,0.09541
6.24800,0.05799
6.25200,0.02080
6.25600,-0.00935
6.26000,0.00905
6.26400,0.04319
6.26800,0.05457
6.27200,0.01035
6.27600,0.00085
6.28000,0.00389
6.28400,-0.02393
6.28800,0.03186
6.29200,-0.00796
6.29600,0.03516
6.30000,-0.02005
6.30400,-0.01105
6.30800,0.02039
6.31200,-0.00038
6.31600,0.03081
6.32000,0.01564
6.32400,-0.00773
6.32800,0.02849
6.33200,0.03315
6.33600,-0.02173
6.34000,0.05311
6.34400,0.02617
6.34800,0.03015
6.35200,-0.02535
6.35600,-0.00872
6.36000,-0.01183
6.36400,0.00150
6.36800,-0.06694
6.37200,-0.06933
6.37600,-0.09074
6.38000,-0.02203
6.38400,0.07097
6.38800,0.17090
6.39200,0.38955
6.39600,0.64081
6.40000,0.88028
6.40400,1.01544
6.40800,1.04130
6.41200,0.94392
6.41600,0.76201
6.42000,0.51969
6.42400,0.28246
6.42800,0.06525
6.43200,-0.04824
6.43600,-0.15444
6.44000,-0.20267
6.44400,-0.13260
6.44800,-0.10693
6.45200,-0.08144
6.45600,-0.05994
6.46000,-0.05364
6.46400,-0.01640
6.46800,0.03521
6.47200,0.00885
6.47600,0.00353
6.48000,0.03749
6.48400,0.04174
6.48800,0.05246
6.49200,0.05746
6.49600,0.07728
6.50000,0.03796
6.50400,0.08099
6.50800,0.04946
6.51200,0.09209
6.51600,0.09208
6.52000,0.10497
6.52400,0.13241
6.52800,0.12695
6.53200,0.16500
6.53600,0.17679
6.54000,0.17941
6.54400,0.18341
6.54800,0.19807
6.55200,0.22098
6.55600,0.24548
6.56000,0.26625
6.56400,0.34238
6.56800,0.30995
6.57200,0.32500
6.57600,0.30252
6.58000,0.31303
6.58400,0.32555
6.58800,0.33751
6.59200,0.31170
6.59600,0.36045
6.60000,0.30993
6.60400,0.33314
6.60800,0.25291
6.61200,0.28556
6.61600,0.27572
6.62000,0.25726
6.62400,0.24795
6.62800,0.22362
6.63200,0.20336
6.63600,0.14470
6.64000,0.15136
6.64400,0.10273
6.64800,0.14718
6.65200,0.12701
6.65600,0.10449
6.66000,0.08084
6.66400,0.07584
6.66800,0.11586
6.67200,0.10627
6.67600,0.06431
6.68000,0.08608
6.68400,0.02432
6.68800,0.01393
6.69200,0.04023
6.69600,0.03023
6.70000,0.03488
6.70400,0.04856
6.70800,0.10437
6.71200,0.02999
6.71600,0.04374
6.72000,0.04799
6.72400,0.04162
6.72800,0.06086
6.73200,0.07776
6.73600,0.01745
6.74000,0.04566
6.74400,0.03726
6.74800,0.04983
6.75200,0.01224
6.75600,0.00789
6.76000,-0.00310
6.76400,0.05393
6.76800,0.04745
6.77200,0.04528
6.77600,-0.00334
6.78000,0.03672
6.78400,0.02927
6.78800,0.01629
6.79200,0.02645
6.79600,0.05890
6.80000,0.05601
6.80400,0.04486
6.80800,0.05579
6.81200,0.03362
6.81600,0.04729
6.82000,0.04685
6.82400,0.05732
6.82800,0.04501
6.83200,0.04372
6.83600,0.04407
6.84000,0.03404
6.84400,0.09178
6.84800,0.05757
6.85200,0.05603
6.85600,0.09346
6.86000,0.07585
6.86400,0.01683
6.86800,0.06203
6.87200,0.06505
6.87600,0.08616
6.88000,0.07493
6.88400,0.06419
6.88800,0.02540
6.89200,0.03169
6.89600,0.05464
6.90000,0.05951
6.90400,0.02914
6.90800,0.04203
6.91200,0.04187
6.91600,0.05124
6.92000,0.05691
6.92400,0.04459
6.92800,0.02574
6.93200,0.07548
6.93600,0.08269
6.94000,0.04879
6.94400,0.07155
6.94800,0.06008
6.95200,0.06453
6.95600,0.06111
6.96000,0.03635
6.96400,0.06323
6.96800,0.07210
6.97200,0.03410
6.97600,0.09148
6.98000,0.09408
6.98400,0.08888
6.98800,0.09233
6.99200,0.06752
6.99600,0.04604
7.00000,0.04093
7.00400,0.03679
7.00800,0.05549
7.01200,0.05264
7.01600,0.06682
7.02000,0.01314
7.02400,0.09989
7.02800,0.09930
7.03200,0.05334
7.03600,0.06752
7.04000,0.06362
7.04400,0.05969
7.04800,0.05016
7.05200,0.05199
7.05600,0.03806
7.06000,0.05822
7.06400,0.05428
7.06800,0.06128
7.07200,0.03788
7.07600,0.05589
7.08000,0.05619
7.08400,0.06747
7.08800,0.03431
7.09200,0.06421
7.09600,0.07582
7.10000,0.06858
7.10400,0.04995
7.10800,0.04849
7.11200,0.05498
7.11600,0.07621
7.12000,0.09530
7.12400,0.06452
7.12800,0.05925
7.13200,0.08513
7.13600,0.08833
7.14000,0.07382
7.14400,0.08593
7.14800,0.10806
7.15200,0.13327
7.15600,0.10559
7.16000,0.11803
7.16400,0.15609
7.16800,0.12757
7.17200,0.15804
7.17600,0.16425
7.18000,0.15378
7.18400,0.13199
7.18800,0.14533
7.19200,0.13231
7.19600,0.13687
7.20000,0.10390
7.20400,0.13290
7.20800,0.06830
7.21200,0.08972
7.21600,0.08580
7.22000,0.09838
7.22400,0.06162
7.22800,0.08042
7.23200,0.05487
7.23600,0.07849
7.24000,0.09669
7.24400,0.05267
7.24800,0.06871
7.25200,0.04075
7.25600,0.07842
7.26000,0.08298
7.26400,0.05936
7.26800,0.03591
7.27200,0.06665
7.27600,0.08159
7.28000,0.08043
7.28400,0.07493
7.28800,0.02209
7.29200,0.04513
7.29600,0.08720
7.30000,0.03425
7.30400,0.08135
7.30800,0.09616
7.31200,0.07313
7.31600,0.07876
7.32000,0.04634
7.32400,0.02205
7.32800,0.03372
7.33200,0.01635
7.33600,0.00139
7.34000,0.00212
7.34400,-0.01347
7.34800,0.02593
7.35200,0.11157
7.35600,0.24329
7.36000,0.47675
7.36400,0.67768
7.36800,0.88823
7.37200,1.03571
7.37600,1.07230
7.38000,1.03153
7.38400,0.82063
7.38800,0.54803
7.39200,0.30463
7.39600,0.09959
7.40000,-0.05467
7.40400,-0.10295
7.40800,-0.16919
7.41200,-0.11864
7.41600,-0.08831
7.42000,-0.07256
7.42400,-0.01038
7.42800,0.01581
7.43200,0.04772
7.43600,0.04135
7.44000,0.06407
7.44400,0.02944
7.44800,0.04446
7.45200,0.08483
7.45600,0.09317
7.46000,0.07582
7.46400,0.06857
7.46800,0.10758
7.47200,0.05048
7.47600,0.08384
7.48000,0.12200
7.48400,0.13162
7.48800,0.10927
7.49200,0.10484
7.49600,0.18559
7.50000,0.17479
7.50400,0.17006
7.50800,0.20622
7.51200,0.24094
7.51600,0.18918
7.52000,0.28133
7.52400,0.29166
7.52800,0.25218
7.53200,0.32496
7.53600,0.28808
7.54000,0.35863
7.54400,0.35365
7.54800,0.39796
7.55200,0.34511
7.55600,0.35889
7.56000,0.37821
7.56400,0.33999
7.56800,0.33140
7.57200,0.32816
7.57600,0.32192
7.58000,0.28753
7.58400,0.30305
7.58800,0.28723
7.59200,0.26001
7.59600,0.27440
7.60000,0.21567
7.60400,0.23052
7.60800,0.17626
7.61200,0.18599
7.61600,0.11694
7.62000,0.14557
7.62400,0.12537
7.62800,0.10758
7.63200,0.09519
7.63600,0.09167
7.64000,0.07665
7.64400,0.04074
7.64800,0.06725
7.65200,0.06367
7.65600,0.06047
7.66000,0.04678
7.66400,0.06279
7.66800,0.07926
7.67200,0.05703
7.67600,0.05099
7.68000,0.08706
7.68400,0.07873
7.68800,0.07707
7.69200,0.08132
7.69600,0.05134
7.70000,0.05504
7.70400,0.07970
7.70800,0.04619
7.71200,0.05475
7.71600,0.06459
7.72000,0.06439
7.72400,0.05133
7.72800,0.07644
7.73200,0.05314
7.73600,0.07114
7.74000,0.07797
7.74400,0.06968
7.74800,0.07110
7.75200,0.03316
7.75600,0.03007
7.76000,0.04385
7.76400,0.06566
7.76800,0.08610
7.77200,0.03157
7.77600,0.06208
7.78000,0.03879
7.78400,0.04116
7.78800,0.05021
7.79200,0.06950
7.79600,0.05985
7.80000,0.07911
7.80400,0.03573
7.80800,0.07315
7.81200,0.07389
7.81600,0.05661
7.82000,0.06469
7.82400,0.04380
7.82800,0.03319
7.83200,0.04681
7.83600,0.04198
7.84000,0.11256
7.84400,0.04497
7.84800,0.08760
7.85200,0.05856
7.85600,0.06068
7.86000,0.06922
7.86400,0.03869
7.86800,0.07252
7.87200,0.06164
7.87600,0.02371
7.88000,0.06597
7.88400,0.06491
7.88800,0.06283
7.89200,0.08539
7.89600,0.04532
7.90000,0.06376
7.90400,0.06840
7.90800,0.03534
7.91200,0.07726
7.91600,0.02416
7.92000,0.02709
7.92400,0.06345
7.92800,0.03113
7.93200,0.05050
7.93600,0.01983
7.94000,0.05403
7.94400,0.02988
7.94800,0.05930
7.95200,0.02172
7.95600,0.06126
7.96000,0.04686
7.96400,0.05338
7.96800,0.05066
7.97200,0.05453
7.97600,0.02540
7.98000,0.00043
7.98400,0.05232
7.98800,0.03283
7.99200,0.04236
7.99600,0.05989
8.00000,0.01156
8.00400,0.03591
8.00800,0.03887
8.01200,0.02984
8.01600,0.05743
8.02000,0.04801
8.02400,0.03434
8.02800,0.03102
8.03200,0.06685
8.03600,0.03756
8.04000,0.06260
8.04400,0.06017
8.04800,0.01381
8.05200,0.03081
8.05600,0.05374
8.06000,0.06226
8.06400,0.07344
8.06800,0.07715
8.07200,0.08603
8.07600,0.06318
8.08000,0.07291
8.08400,0.10019
8.08800,0.08468
8.09200,0.12355
8.09600,0.08020
8.10000,0.13449
8.10400,0.12672
8.10800,0.09839
8.11200,0.16311
8.11600,0.15335
8.12000,0.14872
8.12400,0.12540
8.12800,0.13380
8.13200,0.16735
8.13600,0.11283
8.14000,0.05097
8.14400,0.09363
8.14800,0.07700
8.15200,0.08892
8.15600,0.07497
8.16000,0.05683
8.16400,0.05158
8.16800,0.08385
8.17200,0.02960
8.17600,0.09412
8.18000,0.04148
8.18400,0.02857
8.18800,0.06476
8.19200,0.05930
8.19600,0.02646
8.20000,0.06180
8.20400,0.00968
8.20800,0.02774
8.21200,0.06855
8.21600,0.04075
8.22000,0.01969
8.22400,0.05589
8.22800,0.06383
8.23200,0.04494
8.23600,0.00914
8.24000,0.03823
8.24400,0.05339
8.24800,0.06022
8.25200,0.08156
8.25600,0.03869
8.26000,0.03241
8.26400,0.03780
8.26800,0.05612
8.27200,0.00225
8.27600,0.03160
8.28000,-0.06759
8.28400,-0.01096
8.28800,-0.03931
8.29200,0.01593
8.29600,0.10138
8.30000,0.20414
8.30400,0.42242
8.30800,0.65780
8.31200,0.88231
8.31600,1.00516
8.32000,1.04875
8.32400,0.94983
8.32800,0.85196
8.33200,0.54918
8.33600,0.29474
8.34000,0.05562
8.34400,-0.04409
8.34800,-0.15238
8.35200,-0.13440
8.35600,-0.12871
8.36000,-0.10814
8.36400,-0.05195
8.36800,-0.05116
8.37200,-0.00653
8.37600,0.00835
8.38000,0.00704
8.38400,0.04031
8.38800,0.04172
8.39200,0.07660
8.39600,-0.01626
8.40000,0.04045
8.40400,0.03916
8.40800,0.05263
8.41200,0.07562
8.41600,0.08155
8.42000,0.08146
8.42400,0.08004
8.42800,0.10933
8.43200,0.11788
8.43600,0.08641
8.44000,0.13190
8.44400,0.12474
8.44800,0.14476
8.45200,0.18838
8.45600,0.20434
8.46000,0.22343
8.46400,0.22167
8.46800,0.25280
8.47200,0.25543
8.47600,0.29698
8.48000,0.31717
8.48400,0.35058
8.48800,0.35055
8.49200,0.31627
8.49600,0.32756
8.50000,0.31933
8.50400,0.34261
8.50800,0.37155
8.51200,0.33874
8.51600,0.27060
8.52000,0.27715
8.52400,0.26217
8.52800,0.28244
8.53200,0.25509
8.53600,0.24320
8.54000,0.25459
8.54400,0.18417
8.54800,0.16585
8.55200,0.20485
8.55600,0.15599
8.56000,0.11826
8.56400,0.07917
8.56800,0.07646
8.57200,0.04659
8.57600,0.08671
8.58000,0.07737
8.58400,0.08871
8.58800,0.05956
8.59200,0.04299
8.59600,0.03747
8.60000,0.08654
8.60400,0.01013
8.60800,0.04643
8.61200,0.04147
8.61600,0.05170
8.62000,0.03002
8.62400,0.04711
8.62800,0.05267
8.63200,0.03280
8.63600,0.02611
8.64000,0.03116
8.64400,0.01528
8.64800,0.03017
8.65200,0.02807
8.65600,0.03814
8.66000,0.06049
8.66400,0.05978
8.66800,0.02458
8.67200,0.04542
8.67600,0.03914
8.68000,0.04836
8.68400,0.03344
8.68800,0.03821
8.69200,0.02340
8.69600,0.01697
8.70000,0.04999
8.70400,0.05842
8.70800,0.04557
8.71200,0.04093
8.71600,0.03743
8.72000,0.02299
8.72400,-0.00378
8.72800,0.04503
8.73200,0.03564
8.73600,0.02046
8.74000,0.01213
8.74400,0.05687
8.74800,-0.00488
8.75200,0.06632
8.75600,0.04377
8.76000,0.07828
8.76400,0.01639
8.76800,0.03020
8.77200,0.02039
8.77600,0.03351
8.78000,0.02609
8.78400,0.01521
8.78800,0.05156
8.79200,0.01425
8.79600,0.01968
8.80000,0.04081
8.80400,0.01886
8.80800,0.02080
8.81200,0.03650
8.81600,0.02191
8.82000,0.00422
8.82400,0.02699
8.82800,0.02452
8.83200,0.06290
8.83600,0.00675
8.84000,0.04796
8.84400,0.01274
8.84800,0.02122
8.85200,0.02169
8.85600,0.03352
8.86000,0.04526
8.86400,0.06288
8.86800,0.01503
8.87200,0.05424
8.87600,0.04744
8.88000,0.04366
8.88400,0.01211
8.88800,0.04519
8.89200,0.02491
8.89600,0.03401
8.90000,0.02144
8.90400,0.03999
8.90800,0.04889
8.91200,0.04909
8.91600,0.02225
8.92000,0.04614
8.92400,0.05515
8.92800,0.00729
8.93200,0.05532
8.93600,-0.00095
8.94000,0.03649
8.94400,0.03740
8.94800,0.05505
8.95200,0.03085
8.95600,0.01554
8.96000,0.00910
8.96400,-0.00011
8.96800,0.04011
8.97200,0.01993
8.97600,0.01020
8.98000,0.03507
8.98400,0.00901
8.98800,0.01545
8.99200,0.01489
8.99600,0.05703
9.00000,0.05307
9.00400,0.02053
9.00800,-0.00785
9.01200,0.02898
9.01600,0.02476
9.02000,0.03018
9.02400,0.03439
9.02800,0.01654
9.03200,0.04133
9.03600,0.03945
9.04000,0.02680
9.04400,0.01436
9.04800,0.01277
9.05200,0.03616
9.05600,0.00028
9.06000,0.01911
9.06400,0.00742
9.06800,-0.00519
9.07200,0.03522
9.07600,0.02340
9.08000,0.02580
9.08400,0.04428
9.08800,-0.00069
9.09200,0.03108
9.09600,0.04240
9.10000,0.05856
9.10400,0.02664
9.10800,0.07018
9.11200,0.06874
9.11600,0.10067
9.12000,0.10586
9.12400,0.10349
9.12800,0.14420
9.13200,0.10871
9.13600,0.10600
9.14000,0.11126
9.14400,0.10041
9.14800,0.11724
9.15200,0.07639
9.15600,0.10625
9.16000,0.10868
9.16400,0.11099
9.16800,0.07454
9.17200,0.09946
9.17600,0.04919
9.18000,0.05077
9.18400,0.00812
9.18800,0.02376
9.19200,0.01760
9.19600,0.05813
9.20000,0.03581
9.20400,0.00123
9.20800,0.03124
9.21200,0.02878
9.21600,0.01378
9.22000,0.01806
9.22400,0.01112
9.22800,0.00610
9.23200,-0.01822
9.23600,0.01441
9.24000,0.04107
9.24400,0.04378
9.24800,0.01021
9.25200,0.00091
9.25600,0.01122
9.26000,0.03273
9.26400,0.02191
9.26800,0.00349
9.27200,0.02173
9.27600,0.01025
9.28000,0.02354
9.28400,0.00381
9.28800,-0.02048
9.29200,0.00275
9.29600,0.00550
9.30000,-0.04657
9.30400,-0.04521
9.30800,-0.04033
9.31200,-0.06368
9.31600,-0.03656
9.32000,0.09653
9.32400,0.21326
9.32800,0.41343
9.33200,0.60376
9.33600,0.87154
9.34000,0.96061
9.34400,1.02756
9.34800,0.97174
9.35200,0.79606
9.35600,0.50386
9.36000,0.25515
9.36400,0.05819
9.36800,-0.13142
9.37200,-0.16049
9.37600,-0.18352
9.38000,-0.18579
9.38400,-0.12950
9.38800,-0.08284
9.39200,-0.05440
9.39600,-0.02141
9.40000,0.01769
9.40400,-0.00849
9.40800,0.01143
9.41200,0.00273
9.41600,0.03618
9.42000,0.01104
9.42400,0.03120
9.42800,0.02823
9.43200,0.03119
9.43600,0.06841
9.44000,0.03972
9.44400,0.07619
9.44800,0.07331
9.45200,0.09272
9.45600,0.07516
9.46000,0.10884
9.46400,0.11933
9.46800,0.10784
9.47200,0.14104
9.47600,0.15033
9.48000,0.16976
9.48400,0.21358
9.48800,0.19245
9.49200,0.19145
9.49600,0.20710
9.50000,0.24761
9.50400,0.25790
9.50800,0.28264
9.51200,0.30298
9.51600,0.33314
9.52000,0.30939
9.52400,0.31369
9.52800,0.28889
9.53200,0.30965
9.53600,0.31724
9.54000,0.30685
9.54400,0.23091
9.54800,0.27145
9.55200,0.26887
9.55600,0.23711
9.56000,0.17442
9.56400,0.17901
9.56800,0.17794
9.57200,0.15665
9.57600,0.11566
9.58000,0.09769
9.58400,0.11808
9.58800,0.05959
9.59200,0.10006
9.59600,0.06128
9.60000,0.05647
9.60400,0.01607
9.60800,0.02257
9.61200,0.04073
9.61600,-0.00642
9.62000,0.05712
9.62400,-0.01361
9.62800,-0.01326
9.63200,0.00852
9.63600,0.01489
9.64000,0.01806
9.64400,-0.00452
9.64800,-0.00243
9.65200,-0.00384
9.65600,-0.01104
9.66000,-0.05012
9.66400,0.01749
9.66800,0.00344
9.67200,0.00132
9.67600,-0.01410
9.68000,0.00255
9.68400,-0.00278
9.68800,-0.00423
9.69200,0.01828
9.69600,-0.03627
9.70000,0.00146
9.70400,-0.02408
9.70800,-0.00990
9.71200,0.02481
9.71600,-0.02501
9.72000,-0.00630
9.72400,-0.01595
9.72800,0.01346
9.73200,-0.02380
9.73600,-0.03751
9.74000,0.00449
9.74400,-0.01239
9.74800,-0.01192
9.75200,0.01477
9.75600,-0.02324
9.76000,-0.01357
9.76400,-0.00376
9.76800,0.00114
9.77200,-0.01693
9.77600,0.01267
9.78000,0.03564
9.78400,-0.01546
9.78800,0.02809
9.79200,-0.04854
9.79600,0.01879
9.80000,-0.01505
9.80400,-0.00601
9.80800,-0.01538
9.81200,-0.02129
9.81600,-0.03381
9.82000,-0.01706
9.82400,0.01521
9.82800,0.01200
9.83200,-0.01680
9.83600,-0.02046
9.84000,-0.02401
9.84400,-0.03378
9.84800,0.02369
9.85200,0.00158
9.85600,-0.00913
9.86000,-0.02103
9.86400,-0.03143
9.86800,0.01327
9.87200,0.00277
9.87600,-0.03074
9.88000,0.00633
9.88400,-0.03414
9.88800,-0.00076
9.89200,-0.03176
9.89600,-0.02148
9.90000,-0.00423
9.90400,-0.00566
9.90800,0.00525
9.91200,-0.03046
9.91600,0.01571
9.92000,0.01099
9.92400,-0.01524
9.92800,-0.00633
9.93200,-0.03042
9.93600,-0.01863
9.94000,-0.04128
9.94400,-0.01443
9.94800,-0.01254
9.95200,0.00921
9.95600,0.00139
9.96000,-0.00138
9.96400,-0.02420
9.96800,-0.02179
9.97200,-0.02424
9.97600,-0.01365
9.98000,-0.05520
9.98400,-0.00356
9.98800,-0.04867
9.99200,-0.02870
9.99600,-0.01860
10.00000,-0.02911
10.00400,0.01245
10.00800,-0.02158
10.01200,0.01025
10.01600,0.00238
10.02000,-0.02992
10.02400,-0.01291
10.02800,0.00410
10.03200,-0.02745
10.03600,-0.01959
10.04000,-0.03222
10.04400,-0.02061
10.04800,-0.02875
10.05200,-0.02060
10.05600,-0.00317
10.06000,0.00411
10.06400,-0.02029
10.06800,-0.01919
10.07200,-0.00682
10.07600,-0.02901
10.08000,-0.04390
10.08400,-0.00234
10.08800,-0.04159
10.09200,-0.00562
10.09600,-0.04163
10.10000,0.01270
10.10400,-0.04142
10.10800,-0.00347
10.11200,0.01132
10.11600,-0.03279
10.12000,0.01828
10.12400,-0.02085
10.12800,-0.03260
10.13200,0.02256
10.13600,0.03056
10.14000,0.02230
10.14400,-0.01285
10.14800,0.04389
10.15200,0.04771
10.15600,0.05370
10.16000,0.06108
10.16400,0.03577
10.16800,0.06029
10.17200,0.10423
10.17600,0.09542
10.18000,0.05266
10.18400,0.03807
10.18800,0.05025
10.19200,0.05326
10.19600,0.03686
10.20000,-0.00903
10.20400,0.00768
10.20800,-0.00062
10.21200,0.01752
10.21600,0.00722
10.22000,-0.01026
10.22400,-0.00056
10.22800,-0.03425
10.23200,0.00080
10.23600,-0.03843
10.24000,-0.02378
10.24400,-0.01457
10.24800,-0.05036
10.25200,-0.04678
10.25600,-0.06742
10.26000,-0.03083
10.26400,-0.03533
10.26800,-0.04080
10.27200,-0.02521
10.27600,-0.07564
10.28000,-0.03570
10.28400,-0.03380
10.28800,-0.04082
10.29200,-0.02072
10.29600,-0.00262
10.30000,-0.04529
10.30400,-0.05565
10.30800,-0.05101
10.31200,-0.04124
10.31600,-0.03846
10.32000,-0.07728
10.32400,-0.05727
10.32800,-0.11435
10.33200,-0.09321
10.33600,-0.09990
10.34000,-0.06677
10.34400,0.04650
10.34800,0.14008
10.35200,0.33821
10.35600,0.57925
10.36000,0.80414
10.36400,0.91495
10.36800,0.99063
10.37200,0.89073
10.37600,0.72982
10.38000,0.49575
10.38400,0.21649
10.38800,-0.00033
10.39200,-0.14308
10.39600,-0.28244
10.40000,-0.23245
10.40400,-0.21922
10.40800,-0.18975
10.41200,-0.15856
10.41600,-0.12753
10.42000,-0.08814
10.42400,-0.04162
10.42800,-0.05444
10.43200,-0.01916
10.43600,-0.08988
10.44000,-0.04616
10.44400,-0.02927
10.44800,-0.03180
10.45200,-0.05989
10.45600,-0.03650
10.46000,0.00543
10.46400,-0.03718
10.46800,-0.02409
10.47200,-0.01760
10.47600,0.00268
10.48000,0.03676
10.48400,0.04830
10.48800,0.01169
10.49200,0.09369
10.49600,0.07035
10.50000,0.08737
10.50400,0.14828
10.50800,0.13262
10.51200,0.12832
10.51600,0.15739
10.52000,0.17247
10.52400,0.18260
10.52800,0.20955
10.53200,0.24478
10.53600,0.24432
10.54000,0.21814
10.54400,0.30241
10.54800,0.23118
10.55200,0.25071
10.55600,0.24445
10.56000,0.25100
10.56400,0.22002
10.56800,0.22270
10.57200,0.24000
10.57600,0.18544
10.58000,0.14565
10.58400,0.15480
10.58800,0.11475
10.59200,0.10473
10.59600,0.09746
10.60000,0.08296
10.60400,0.05456
10.60800,0.06092
10.61200,0.02676
10.61600,-0.00746
10.62000,0.02290
10.62400,-0.01117
10.62800,0.01019
10.63200,-0.03339
10.63600,-0.01640
10.64000,-0.02691
10.64400,-0.08939
10.64800,-0.07012
10.65200,-0.06609
10.65600,-0.02015
10.66000,-0.08547
10.66400,-0.03334
10.66800,-0.03123
10.67200,-0.04375
10.67600,-0.04115
10.68000,-0.06429
10.68400,-0.05552
10.68800,-0.05145
10.69200,-0.04805
10.69600,-0.04287
10.70000,-0.06069
10.70400,-0.07042
10.70800,-0.06798
10.71200,-0.04949
10.71600,-0.08946
10.72000,-0.08183
10.72400,-0.06584
10.72800,-0.06872
10.73200,-0.06347
10.73600,-0.10956
10.74000,-0.06515
10.74400,-0.06359
10.74800,-0.04403
10.75200,-0.09710
10.75600,-0.06513
10.76000,-0.05029
10.76400,-0.05016
10.76800,-0.03675
10.77200,-0.03961
10.77600,-0.08018
10.78000,-0.04796
10.78400,-0.06677
10.78800,-0.07591
10.79200,-0.03116
10.79600,-0.07288
10.80000,-0.07734
10.80400,-0.06891
10.80800,-0.07760
10.81200,-0.04201
10.81600,-0.05420
10.82000,-0.03472
10.82400,-0.05388
10.82800,-0.07376
10.83200,-0.04193
10.83600,-0.07480
10.84000,-0.07123
10.84400,-0.06570
10.84800,-0.06185
10.85200,-0.03976
10.85600,-0.07453
10.86000,-0.05623
10.86400,-0.06367
10.86800,-0.08748
10.87200,-0.08446
10.87600,-0.06774
10.88000,-0.05585
10.88400,-0.05759
10.88800,-0.05466
10.89200,-0.06307
10.89600,-0.07275
10.90000,-0.05603
10.90400,-0.08367
10.90800,-0.09035
10.91200,-0.07100
10.91600,-0.09225
10.92000,-0.07473
10.92400,-0.07933
10.92800,-0.07572
10.93200,-0.06601
10.93600,-0.08068
10.94000,-0.07351
10.94400,-0.09843
10.94800,-0.06277
10.95200,-0.08265
10.95600,-0.05798
10.96000,-0.12038
10.96400,-0.08143
10.96800,-0.06138
10.97200,-0.11323
10.97600,-0.07320
10.98000,-0.06453
10.98400,-0.06446
10.98800,-0.09539
10.99200,-0.06219
10.99600,-0.06384
11.00000,-0.08556
11.00400,-0.05252
11.00800,-0.06791
11.01200,-0.06669
11.01600,-0.07580
11.02000,-0.05664
11.02400,-0.06541
11.02800,-0.04542
11.03200,-0.05872
11.03600,-0.07942
11.04000,-0.07188
11.04400,-0.04989
11.04800,-0.07472
11.05200,-0.06029
11.05600,-0.05758
11.06000,-0.07104
11.06400,-0.11238
11.06800,-0.06452
11.07200,-0.06240
11.07600,-0.06308
11.08000,-0.07914
11.08400,-0.03931
11.08800,-0.06282
11.09200,-0.06896
11.09600,-0.06649
11.10000,-0.04032
11.10400,-0.06185
11.10800,-0.05250
11.11200,0.01410
11.11600,0.01005
11.12000,0.01472
11.12400,0.03023
11.12800,0.02416
11.13200,-0.01235
11.13600,0.04921
11.14000,0.05375
11.14400,0.04051
11.14800,-0.00815
11.15200,0.05001
11.15600,0.04647
11.16000,0.00285
11.16400,0.00595
11.16800,0.00895
11.17200,-0.01743
11.17600,-0.00386
11.18000,-0.03220
11.18400,-0.02806
11.18800,-0.04637
11.19200,-0.08211
11.19600,-0.07709
11.20000,0.00016
11.20400,-0.05831
11.20800,-0.04017
11.21200,-0.04482
11.21600,-0.03456
11.22000,-0.05764
11.22400,-0.08033
11.22800,-0.06867
11.23200,-0.10639
11.23600,-0.07292
11.24000,-0.05175
11.24400,-0.11128
11.24800,-0.06555
11.25200,-0.05339
11.25600,-0.04361
11.26000,-0.08733
11.26400,-0.08200
11.26800,-0.10576
11.27200,-0.08922
11.27600,-0.05930
11.28000,-0.03014
11.28400,-0.09409
11.28800,-0.04846
11.29200,-0.07337
11.29600,-0.10206
11.30000,-0.06531
11.30400,-0.17484
11.30800,-0.14135
11.31200,-0.13455
11.31600,-0.06475
11.32000,0.00979
11.32400,0.15919
11.32800,0.31432
11.33200,0.55974
11.33600,0.78491
11.34000,0.92170
11.34400,0.96372
11.34800,0.87303
11.35200,0.68168
11.35600,0.41773
11.36000,0.22581
11.36400,-0.03425
11.36800,-0.21405
11.37200,-0.24733
11.37600,-0.27439
11.38000,-0.25278
11.38400,-0.18357
11.38800,-0.17868
11.39200,-0.14405
11.39600,-0.12432
11.40000,-0.09018
11.40400,-0.08555
11.40800,-0.06532
11.41200,-0.00373
11.41600,-0.05338
11.42000,-0.07461
11.42400,-0.01713
11.42800,-0.03405
11.43200,-0.03042
11.43600,-0.02692
11.44000,-0.01842
11.44400,-0.01363
11.44800,0.00951
11.45200,0.01176
11.45600,0.02985
11.46000,0.00662
11.46400,0.03041
11.46800,0.03155
11.47200,0.08073
11.47600,0.09553
11.48000,0.08817
11.48400,0.12684
11.48800,0.18480
11.49200,0.17561
11.49600,0.14688
11.50000,0.18267
11.50400,0.21110
11.50800,0.21033
11.51200,0.22852
11.51600,0.25133
11.52000,0.23930
11.52400,0.21314
11.52800,0.24705
11.53200,0.22689
11.53600,0.22386
11.54000,0.20086
11.54400,0.17289
11.54800,0.16149
11.55200,0.16323
11.55600,0.13244
11.56000,0.08275
11.56400,0.13999
11.56800,0.07698
11.57200,0.06782
11.57600,0.07526
11.58000,0.00181
11.58400,0.05983
11.58800,0.00486
11.59200,0.02013
11.59600,-0.01333
11.60000,-0.00788
11.60400,-0.02039
11.60800,-0.02985
11.61200,-0.07168
11.61600,-0.06996
11.62000,-0.04645
11.62400,-0.02170
11.62800,-0.06261
11.63200,-0.04386
11.63600,-0.05279
11.64000,-0.04787
11.64400,-0.03896
11.64800,-0.08820
11.65200,-0.05417
11.65600,-0.06333
11.66000,-0.06616
11.66400,-0.07683
11.66800,-0.07555
11.67200,-0.08027
11.67600,-0.08154
11.68000,-0.01116
11.68400,-0.02683
11.68800,-0.05963
11.69200,-0.04522
11.69600,-0.07855
11.70000,-0.11358
11.70400,-0.09472
11.70800,-0.05629
11.71200,-0.03083
11.71600,-0.05953
11.72000,-0.07803
11.72400,-0.06307
11.72800,-0.07762
11.73200,-0.08518
11.73600,-0.06235
11.74000,-0.06544
11.74400,-0.07329
11.74800,-0.07455
11.75200,-0.07523
11.75600,-0.05231
11.76000,-0.02958
11.76400,-0.06065
11.76800,-0.01279
11.77200,-0.08770
11.77600,-0.05063
11.78000,-0.07833
11.78400,-0.05874
11.78800,-0.05341
11.79200,-0.04431
11.79600,-0.03299
11.80000,-0.06563
11.80400,-0.07883
11.80800,-0.05808
11.81200,-0.04849
11.81600,-0.06763
11.82000,-0.03640
11.82400,-0.02079
11.82800,-0.08113
11.83200,-0.04613
11.83600,-0.03317
11.84000,-0.09024
11.84400,-0.04856
11.84800,-0.05675
11.85200,-0.07990
11.85600,-0.02629
11.86000,-0.04749
11.86400,-0.06084
11.86800,-0.04265
11.87200,-0.03855
11.87600,-0.03586
11.88000,-0.03934
11.88400,-0.04246
11.88800,-0.07314
11.89200,-0.05819
11.89600,-0.04725
11.90000,-0.10349
11.90400,-0.00776
11.90800,-0.05649
11.91200,-0.06942
11.91600,-0.08409
11.92000,-0.04355
11.92400,-0.04755
11.92800,-0.05933
11.93200,-0.05584
11.93600,-0.06480
11.94000,-0.06187
11.94400,-0.04894
11.94800,-0.05934
11.95200,-0.03332
11.95600,-0.04910
11.96000,-0.04351
11.96400,-0.03794
11.96800,-0.02084
11.97200,-0.03365
11.97600,-0.04068
11.98000,-0.04807
11.98400,-0.06035
11.98800,-0.05107
11.99200,-0.03084
11.99600,-0.03947
12.00000,-0.05117
12.00400,-0.06928
12.00800,-0.07286
12.01200,-0.03631
12.01600,-0.02207
12.02000,-0.03417
12.02400,-0.06738
12.02800,-0.04362
12.03200,-0.03359
12.03600,-0.05373
12.04000,-0.02630
12.04400,-0.03335
12.04800,-0.04112
12.05200,-0.04339
12.05600,0.00343
12.06000,0.00249
12.06400,-0.01289
12.06800,-0.00577
12.07200,0.04127
12.07600,0.04533
12.08000,0.03691
12.08400,0.08178
12.08800,0.05124
12.09200,0.04029
12.09600,0.08368
12.10000,0.05772
12.10400,0.06466
12.10800,0.05304
12.11200,0.02541
12.11600,0.01320
12.12000,0.02327
12.12400,0.04503
12.12800,-0.01097
12.13200,0.02669
12.13600,-0.00287
12.14000,-0.03511
12.14400,-0.01341
12.14800,-0.01162
12.15200,-0.04328
12.15600,-0.06949
12.16000,-0.02265
12.16400,-0.05223
12.16800,-0.02266
12.17200,-0.06879
12.17600,-0.03445
12.18000,-0.04742
12.18400,-0.06036
12.18800,-0.03605
12.19200,-0.02780
12.19600,-0.04174
12.20000,-0.05362
12.20400,-0.02624
12.20800,-0.06414
12.21200,-0.01943
12.21600,-0.02003
12.22000,0.00332
12.22400,-0.01194
12.22800,-0.02219
12.23200,-0.02434
12.23600,-0.03022
12.24000,-0.05965
12.24400,-0.01162
12.24800,-0.04035
12.25200,-0.07136
12.25600,-0.10580
12.26000,-0.06858
12.26400,-0.08560
12.26800,-0.08605
12.27200,0.03130
12.27600,0.19566
12.28000,0.35511
12.28400,0.59255
12.28800,0.79466
12.29200,0.94411
12.29600,1.02239
12.30000,0.98147
12.30400,0.73716
12.30800,0.48473
12.31200,0.24909
12.31600,0.01448
12.32000,-0.11326
12.32400,-0.18992
12.32800,-0.24681
12.33200,-0.23015
12.33600,-0.17317
12.34000,-0.11311
12.34400,-0.08594
12.34800,-0.03792
12.35200,-0.06848
12.35600,-0.01923
12.36000,-0.03296
12.36400,-0.01390
12.36800,-0.00592
12.37200,-0.02772
12.37600,-0.00983
12.38000,-0.02396
12.38400,0.00857
12.38800,-0.00744
12.39200,0.00616
12.39600,0.02780
12.40000,0.01989
12.40400,0.06517
12.40800,0.04214
12.41200,0.08396
12.41600,0.08723
12.42000,0.07715
12.42400,0.10954
12.42800,0.11498
12.43200,0.14227
12.43600,0.16244
12.44000,0.22139
12.44400,0.19602
12.44800,0.25181
12.45200,0.24611
12.45600,0.22654
12.46000,0.21949
12.46400,0.28764
12.46800,0.24343
12.47200,0.30067
12.47600,0.30846
12.48000,0.29487
12.48400,0.27907
12.48800,0.27129
12.49200,0.27159
12.49600,0.24878
12.50000,0.23039
12.50400,0.21810
12.50800,0.23125
12.51200,0.17907
12.51600,0.18059
12.52000,0.13307
12.52400,0.12405
12.52800,0.09435
12.53200,0.10114
12.53600,0.10327
12.54000,0.08225
12.54400,0.05438
12.54800,0.06468
12.55200,0.03636
12.55600,0.04182
12.56000,0.03266
12.56400,0.03172
12.56800,-0.03184
12.57200,-0.01328
12.57600,0.02353
12.58000,0.00378
12.58400,0.04717
12.58800,-0.00242
12.59200,-0.00976
12.59600,0.02896
12.60000,0.01019
12.60400,0.03577
12.60800,0.00867
12.61200,-0.00524
12.61600,0.01271
12.62000,-0.01648
12.62400,-0.00975
12.62800,-0.01168
12.63200,-0.00505
12.63600,0.01453
12.64000,-0.00962
12.64400,0.00617
12.64800,-0.00946
12.65200,0.01752
12.65600,-0.05262
12.66000,-0.00308
12.66400,0.00446
12.66800,-0.01940
12.67200,0.02131
12.67600,0.00616
12.68000,0.02701
12.68400,0.02109
12.68800,0.01515
12.69200,0.00011
12.69600,-0.01774
12.70000,-0.00074
12.70400,-0.00512
12.70800,0.00886
12.71200,-0.00471
12.71600,0.06360
12.72000,-0.02610
12.72400,0.02774
12.72800,-0.00379
12.73200,0.00085
12.73600,0.02368
12.74000,0.00609
12.74400,-0.01714
12.74800,0.01453
12.75200,0.00301
12.75600,-0.03274
12.76000,0.01110
12.76400,-0.01286
12.76800,-0.00661
12.77200,0.01733
12.77600,0.01405
12.78000,0.00289
12.78400,0.05066
12.78800,0.01709
12.79200,-0.00263
12.79600,0.01404
12.80000,0.00737
12.80400,-0.03261
12.80800,-0.02025
12.81200,-0.01643
12.81600,0.05055
12.82000,0.00735
12.82400,0.00580
12.82800,0.00046
12.83200,0.03055
12.83600,0.01238
12.84000,0.04500
12.84400,0.02752
12.84800,0.04429
12.85200,0.01050
12.85600,0.02024
12.86000,0.00487
12.86400,0.01019
12.86800,-0.01971
12.87200,0.00269
12.87600,-0.00422
12.88000,0.00179
12.88400,0.03805
12.88800,0.01986
12.89200,0.03867
12.89600,0.03181
12.90000,0.03322
12.90400,0.03507
12.90800,0.00425
12.91200,0.03161
12.91600,0.01015
12.92000,0.00635
12.92400,0.03984
12.92800,0.05875
12.93200,-0.00160
12.93600,0.05100
12.94000,0.03379
12.94400,0.00174
12.94800,0.02370
12.95200,0.02605
12.95600,0.02672
12.96000,0.01342
12.96400,-0.00338
12.96800,0.02351
12.97200,0.04156
12.97600,0.04281
12.98000,0.04399
12.98400,0.05703
12.98800,0.02231
12.99200,0.04736
12.99600,0.06259
13.00000,0.08410
13.00400,0.07739
13.00800,0.09424
13.01200,0.09656
13.01600,0.14349
13.02000,0.06882
13.02400,0.11650
13.02800,0.16859
13.03200,0.12690
13.03600,0.08598
13.04000,0.12033
13.04400,0.08444
13.04800,0.09153
13.05200,0.10027
13.05600,0.11961
13.06000,0.08603
13.06400,0.08085
13.06800,0.07916
13.07200,0.05593
13.07600,0.02919
13.08000,0.03858
13.08400,0.04280
13.08800,0.02781
13.09200,0.01794
13.09600,0.02223
13.10000,-0.00090
13.10400,0.00758
13.10800,0.02515
13.11200,0.01974
13.11600,0.02734
13.12000,0.05368
13.12400,0.03251
13.12800,0.02624
13.13200,0.00440
13.13600,0.00640
13.14000,0.03456
13.14400,0.01068
13.14800,0.03593
13.15200,0.00715
13.15600,0.03055
13.16000,0.02665
13.16400,0.04716
13.16800,0.01995
13.17200,0.01893
13.17600,0.02761
13.18000,0.01763
13.18400,0.03845
13.18800,-0.01434
13.19200,-0.03755
13.19600,-0.04740
13.20000,-0.03075
13.20400,-0.00256
13.20800,0.08741
13.21200,0.18788
13.21600,0.45882
13.22000,0.67565
13.22400,0.85747
13.22800,0.98827
13.23200,1.05960
13.23600,0.98459
13.24000,0.74676
13.24400,0.54210
13.24800,0.25981
13.25200,0.08366
13.25600,-0.04651
13.26000,-0.13195
13.26400,-0.20200
13.26800,-0.12881
13.27200,-0.10052
13.27600,-0.08258
13.28000,-0.02816
13.28400,0.02055
13.28800,0.00510
13.29200,0.02398
13.29600,0.02131
13.30000,0.05923
13.30400,-0.00095
13.30800,0.07096
13.31200,0.02837
13.31600,0.06870
13.32000,0.02421
13.32400,0.04298
13.32800,0.05604
13.33200,0.09114
13.33600,0.05287
13.34000,0.10583
13.34400,0.09349
13.34800,0.14243
13.35200,0.12666
13.35600,0.15733
13.36000,0.16106
13.36400,0.21616
13.36800,0.19264
13.37200,0.21735
13.37600,0.27427
13.38000,0.25546
13.38400,0.28426
13.38800,0.27276
13.39200,0.30508
13.39600,0.26988
13.40000,0.32555
13.40400,0.31845
13.40800,0.30654
13.41200,0.30982
13.41600,0.35766
13.42000,0.33957
13.42400,0.29504
13.42800,0.34937
13.43200,0.28900
13.43600,0.28124
13.44000,0.27742
13.44400,0.23394
13.44800,0.20705
13.45200,0.20580
13.45600,0.22486
13.46000,0.20275
13.46400,0.13698
13.46800,0.17438
13.47200,0.13677
13.47600,0.13187
13.48000,0.11065
13.48400,0.10636
13.48800,0.06923
13.49200,0.06234
13.49600,0.05888
13.50000,0.05902
13.50400,0.07276
13.50800,0.03307
13.51200,0.08360
13.51600,0.03787
13.52000,0.03644
13.52400,0.05951
13.52800,0.05294
13.53200,0.03702
13.53600,0.02217
13.54000,0.02294
13.54400,0.01103
13.54800,0.06351
13.55200,0.06218
13.55600,0.07718
13.56000,0.05077
13.56400,0.04756
13.56800,0.05575
13.57200,0.05952
13.57600,0.03629
13.58000,0.04811
13.58400,0.08286
13.58800,0.00888
13.59200,0.01450
13.59600,0.02310
13.60000,0.05622
13.60400,0.06466
13.60800,0.03535
13.61200,0.05489
13.61600,0.04110
13.62000,0.04789
13.62400,0.03179
13.62800,0.04175
13.63200,0.04226
13.63600,0.06420
13.64000,0.08547
13.64400,0.00764
13.64800,0.05291
13.65200,0.04264
13.65600,0.06145
13.66000,0.06332
13.66400,0.05798
13.66800,0.05860
13.67200,0.02481
13.67600,0.01033
13.68000,0.07539
13.68400,0.06659
13.68800,0.02504
13.69200,0.06830
13.69600,0.05636
13.70000,-0.00367
13.70400,0.06097
13.70800,0.02471
13.71200,0.06624
13.71600,0.03073
13.72000,0.02960
13.72400,0.01422
13.72800,0.03987
13.73200,0.06371
13.73600,0.03124
13.74000,0.00840
13.74400,0.08561
13.74800,0.07991
13.75200,0.05772
13.75600,0.03413
13.76000,0.02120
13.76400,0.01303
13.76800,0.05542
13.77200,0.06976
13.77600,0.02436
13.78000,0.04483
13.78400,0.03955
13.78800,0.04001
13.79200,0.05467
13.79600,0.08538
13.80000,0.03285
13.80400,0.06155
13.80800,0.06621
13.81200,0.03980
13.81600,0.04247
13.82000,0.01953
13.82400,0.06623
13.82800,0.03526
13.83200,0.03294
13.83600,0.04689
13.84000,0.02911
13.84400,0.02560
13.84800,0.04001
13.85200,0.07446
13.85600,0.04189
13.86000,0.05606
13.86400,0.01767
13.86800,0.00845
13.87200,0.08109
13.87600,0.03841
13.88000,0.01647
13.88400,0.04414
13.88800,0.05794
13.89200,0.01297
13.89600,0.02931
13.90000,0.05137
13.90400,0.02863
13.90800,0.06183
13.91200,0.06505
13.91600,0.05508
13.92000,0.03830
13.92400,0.04573
13.92800,0.03447
13.93200,0.04419
13.93600,0.05289
13.94000,0.04100
13.94400,0.06562
13.94800,0.09695
13.95200,0.03636
13.95600,0.05359
13.96000,0.06290
13.96400,0.05951
13.96800,0.04255
13.97200,0.03797
13.97600,0.06674
13.98000,0.05961
13.98400,0.05760
13.98800,0.03273
13.99200,0.06108
13.99600,0.06516
14.00000,0.04758
14.00400,0.06551
14.00800,0.09753
14.01200,0.02273
14.01600,0.07507
14.02000,0.04618
14.02400,0.04904
14.02800,0.07854
14.03200,0.10229
14.03600,0.10210
14.04000,0.08828
14.04400,0.09258
14.04800,0.11852
14.05200,0.13721
14.05600,0.12682
14.06000,0.11755
14.06400,0.18185
14.06800,0.13046
14.07200,0.13997
14.07600,0.12653
14.08000,0.11821
14.08400,0.12147
14.08800,0.10543
14.09200,0.11352
14.09600,0.06933
14.10000,0.05491
14.10400,0.11375
14.10800,0.06805
14.11200,0.07898
14.11600,0.08264
14.12000,0.06720
14.12400,0.05469
14.12800,0.02207
14.13200,0.01991
14.13600,0.06897
14.14000,0.06258
14.14400,0.06013
14.14800,0.01677
14.15200,0.00748
14.15600,0.02825
14.16000,0.02580
14.16400,0.05176
14.16800,0.02889
14.17200,0.07936
14.17600,0.03667
14.18000,0.03786
14.18400,0.06551
14.18800,0.05513
14.19200,0.03128
14.19600,0.06442
14.20000,0.08514
14.20400,0.02254
14.20800,0.03815
14.21200,0.01564
14.21600,-0.01192
14.22000,0.02244
14.22400,0.00584
14.22800,-0.00295
14.23200,-0.01230
14.23600,-0.02703
14.24000,0.09253
14.24400,0.22040
14.24800,0.40701
14.25200,0.63734
14.25600,0.89139
14.26000,1.02410
14.26400,1.11298
14.26800,1.00380
14.27200,0.77058
14.27600,0.57700
14.28000,0.33020
14.28400,0.09300
14.28800,-0.07925
14.29200,-0.10019
14.29600,-0.18138
14.30000,-0.13999
14.30400,-0.13810
14.30800,-0.08323
14.31200,-0.05421
14.31600,0.02907
14.32000,0.05083
14.32400,0.03270
14.32800,0.02188
14.33200,0.05186
14.33600,0.06381
14.34000,0.02976
14.34400,0.04014
14.34800,0.06446
14.35200,0.08466
14.35600,0.07781
14.36000,0.09154
14.36400,0.06599
14.36800,0.05057
14.37200,0.11520
14.37600,0.10262
14.38000,0.13078
14.38400,0.13985
14.38800,0.17179
14.39200,0.16365
14.39600,0.22405
14.40000,0.21430
14.40400,0.24217
14.40800,0.26228
14.41200,0.28801
14.41600,0.29263
14.42000,0.26637
14.42400,0.30244
14.42800,0.36325
14.43200,0.34603
14.43600,0.35502
14.44000,0.35765
14.44400,0.33751
14.44800,0.33530
14.45200,0.33148
14.45600,0.35952
14.46000,0.33415
14.46400,0.34965
14.46800,0.31045
14.47200,0.32193
14.47600,0.27694
14.48000,0.22710
14.48400,0.26620
14.48800,0.22061
14.49200,0.21955
14.49600,0.18328
14.50000,0.15640
14.50400,0.15094
14.50800,0.11167
14.51200,0.09756
14.51600,0.09222
14.52000,0.08933
14.52400,0.06430
14.52800,0.08134
14.53200,0.08295
14.53600,0.11139
14.54000,0.10327
14.54400,0.06254
14.54800,0.07791
14.55200,0.05389
14.55600,0.06398
14.56000,0.05418
14.56400,0.04310
14.56800,0.05433
14.57200,0.02314
14.57600,0.06034
14.58000,0.04565
14.58400,0.02980
14.58800,0.04381
14.59200,0.06164
14.59600,0.03730
14.60000,0.05994
14.60400,0.06176
14.60800,0.08118
14.61200,0.02913
14.61600,0.04831
14.62000,0.06056
14.62400,0.08002
14.62800,0.05566
14.63200,0.06534
14.63600,0.02161
14.64000,0.03901
14.64400,0.08322
14.64800,0.04491
14.65200,0.09311
14.65600,0.03617
14.66000,0.04504
14.66400,0.01911
14.66800,0.06306
14.67200,0.05574
14.67600,0.09031
14.68000,0.05379
14.68400,0.04559
14.68800,0.02276
14.69200,0.04891
14.69600,0.06921
14.70000,0.06514
14.70400,0.07476
14.70800,0.06760
14.71200,0.04962
14.71600,0.06247
14.72000,0.05394
14.72400,0.02423
14.72800,0.08433
14.73200,0.05793
14.73600,0.02977
14.74000,0.05814
14.74400,0.05621
14.74800,0.07021
14.75200,0.07906
14.75600,-0.00958
14.76000,0.06148
14.76400,0.08076
14.76800,0.03176
14.77200,0.01376
14.77600,0.05602
14.78000,0.05713
14.78400,0.05741
14.78800,0.02852
14.79200,0.04123
14.79600,0.05432
14.80000,0.06520
14.80400,0.09383
14.80800,0.05626
14.81200,0.03850
14.81600,0.00370
14.82000,0.07168
14.82400,0.04779
14.82800,0.04822
14.83200,0.03081
14.83600,0.06492
14.84000,0.01484
14.84400,0.05250
14.84800,0.05274
14.85200,0.05627
14.85600,0.07617
14.86000,0.04834
14.86400,0.05215
14.86800,0.06725
14.87200,0.01951
14.87600,0.04445
14.88000,0.05157
14.88400,0.06916
14.88800,0.03432
14.89200,0.06613
14.89600,0.05779
14.90000,0.02064
14.90400,0.02078
14.90800,0.02168
14.91200,0.05287
14.91600,0.05419
14.92000,0.06445
14.92400,0.06640
14.92800,0.03917
14.93200,0.07144
14.93600,0.06659
14.94000,0.05992
14.94400,0.06043
14.94800,0.02593
14.95200,0.05954
14.95600,0.03311
14.96000,0.03176
14.96400,0.05100
14.96800,0.06405
14.97200,0.06453
14.97600,0.06442
14.98000,0.05763
14.98400,0.08884
14.98800,0.07900
14.99200,0.07504
14.99600,0.11453
15.00000,0.15108
15.00400,0.12297
15.00800,0.11751
15.01200,0.17202
15.01600,0.18222
15.02000,0.14356
15.02400,0.14391
15.02800,0.14857
15.03200,0.19714
15.03600,0.13342
15.04000,0.14164
15.04400,0.12111
15.04800,0.06637
15.05200,0.07128
15.05600,0.06003
15.06000,0.08548
15.06400,0.07239
15.06800,0.10044
15.07200,0.05506
15.07600,0.06318
15.08000,0.05597
15.08400,0.05537
15.08800,0.09738
15.09200,0.05599
15.09600,0.07899
15.10000,0.07509
15.10400,0.03686
15.10800,0.06242
15.11200,0.04104
15.11600,0.05072
15.12000,0.05160
15.12400,0.04881
15.12800,0.03898
15.13200,0.07930
15.13600,0.04294
15.14000,0.06217
15.14400,0.08156
15.14800,0.06044
15.15200,0.06812
15.15600,0.07465
15.16000,0.06704
15.16400,0.07617
15.16800,0.00691
15.17200,0.06357
15.17600,0.00954
15.18000,-0.04393
15.18400,-0.03609
15.18800,-0.04998
15.19200,0.01000
15.19600,0.06163
15.20000,0.21150
15.20400,0.43388
15.20800,0.65998
15.21200,0.85857
15.21600,1.02305
15.22000,1.07062
15.22400,0.99385
15.22800,0.80512
15.23200,0.55275
15.23600,0.32089
15.24000,0.05767
15.24400,-0.06829
15.24800,-0.13473
15.25200,-0.16679
15.25600,-0.15241
15.26000,-0.11288
15.26400,-0.05788
15.26800,0.00041
15.27200,0.00079
15.27600,0.01908
15.28000,0.04411
15.28400,0.03974
15.28800,0.01062
15.29200,0.05792
15.29600,0.04796
15.30000,0.04719
15.30400,0.07485
15.30800,0.06758
15.31200,0.06072
15.31600,0.03481
15.32000,0.05138
15.32400,0.09469
15.32800,0.10201
15.33200,0.12438
15.33600,0.13268
15.34000,0.13256
15.34400,0.13195
15.34800,0.15153
15.35200,0.18770
15.35600,0.18522
15.36000,0.24133
15.36400,0.21776
15.36800,0.22611
15.37200,0.27492
15.37600,0.25899
15.38000,0.34108
15.38400,0.30080
15.38800,0.32936
15.39200,0.33268
15.39600,0.32551
15.40000,0.30796
15.40400,0.30448
15.40800,0.35444
15.41200,0.35020
15.41600,0.36307
15.42000,0.27828
15.42400,0.30446
15.42800,0.27709
15.43200,0.27721
15.43600,0.23216
15.44000,0.23862
15.44400,0.22386
15.44800,0.20016
15.45200,0.19969
15.45600,0.15088
15.46000,0.16994
15.46400,0.11095
15.46800,0.14550
15.47200,0.04576
15.47600,0.09081
15.48000,0.06567
15.48400,0.07407
15.48800,0.08814
15.49200,0.07638
15.49600,0.05933
15.50000,0.08768
15.50400,0.02104
15.50800,0.03177
15.51200,0.07624
15.51600,0.05100
15.52000,0.00168
15.52400,0.04898
15.52800,0.01768
15.53200,0.07029
15.53600,0.06311
15.54000,0.02889
15.54400,0.06537
15.54800,0.02256
15.55200,0.05739
15.55600,0.05036
15.56000,0.03606
15.56400,0.00999
15.56800,0.03267
15.57200,-0.00769
15.57600,0.02668
15.58000,0.00079
15.58400,0.06196
15.58800,0.01818
15.59200,-0.01128
15.59600,0.04890
15.60000,0.04444
15.60400,0.02678
15.60800,0.07911
15.61200,0.05208
15.61600,0.03779
15.62000,0.02341
15.62400,-0.02296
15.62800,0.04559
15.63200,0.05505
15.63600,0.02385
15.64000,0.00727
15.64400,0.03453
15.64800,0.00177
15.65200,0.03520
15.65600,0.05031
15.66000,0.06492
15.66400,0.03987
15.66800,0.03833
15.67200,0.04923
15.67600,0.06207
15.68000,0.02751
15.68400,0.00917
15.68800,0.01773
15.69200,0.00822
15.69600,0.01544
15.70000,0.03063
15.70400,0.03973
15.70800,0.03583
15.71200,0.03392
15.71600,0.02521
15.72000,0.04064
15.72400,0.04971
15.72800,0.04701
15.73200,0.06159
15.73600,0.02566
15.74000,0.02625
15.74400,0.06498
15.74800,0.03493
15.75200,0.03898
15.75600,0.02382
15.76000,0.04973
15.76400,0.02212
15.76800,0.00983
15.77200,0.02858
15.77600,0.02075
15.78000,0.04609
15.78400,0.02166
15.78800,0.03149
15.79200,0.02449
15.79600,0.03544
15.80000,0.01583
15.80400,0.05033
15.80800,-0.00043
15.81200,0.02014
15.81600,0.01347
15.82000,0.04040
15.82400,0.02804
15.82800,0.03674
15.83200,0.02024
15.83600,0.01228
15.84000,0.00404
15.84400,0.01955
15.84800,0.01532
15.85200,0.03144
15.85600,0.03276
15.86000,0.04504
15.86400,0.02325
15.86800,0.01035
15.87200,0.00413
15.87600,0.02675
15.88000,0.03313
15.88400,0.06555
15.88800,0.03131
15.89200,0.06444
15.89600,0.06906
15.90000,0.01376
15.90400,0.06306
15.90800,0.06678
15.91200,0.07729
15.91600,0.05762
15.92000,0.08531
15.92400,0.06570
15.92800,0.08336
15.93200,0.09446
15.93600,0.13837
15.94000,0.10582
15.94400,0.13489
15.94800,0.12060
15.95200,0.10614
15.95600,0.12367
15.96000,0.12807
15.96400,0.09451
15.96800,0.11356
15.97200,0.07753
15.97600,0.06446
15.98000,0.07650
15.98400,0.05783
15.98800,0.03402
15.99200,0.01319
15.99600,0.03946
16.00000,0.03820
16.00400,0.01957
16.00800,0.02891
16.01200,-0.00815
16.01600,0.02816
16.02000,0.02709
16.02400,0.02319
16.02800,0.00453
16.03200,0.01774
16.03600,0.01826
16.04000,0.03666
16.04400,0.02045
16.04800,0.01971
16.05200,-0.00012
16.05600,0.03133
16.06000,0.03728
16.06400,0.00370
16.06800,0.02609
16.07200,0.01922
16.07600,0.01184
16.08000,-0.01327
16.08400,0.04708
16.08800,-0.02626
16.09200,0.01528
16.09600,-0.00195
16.10000,0.02174
16.10400,-0.02067
16.10800,-0.02717
16.11200,-0.03401
16.11600,-0.05155
16.12000,-0.07009
16.12400,-0.01370
16.12800,0.06122
16.13200,0.21318
16.13600,0.37942
16.14000,0.61738
16.14400,0.82791
16.14800,0.97203
16.15200,1.03852
16.15600,0.96116
16.16000,0.79404
16.16400,0.51090
16.16800,0.27113
16.17200,0.07238
16.17600,-0.10108
16.18000,-0.17669
16.18400,-0.19687
16.18800,-0.19612
16.19200,-0.16503
16.19600,-0.08113
16.20000,-0.06256
16.20400,-0.03875
16.20800,-0.04232
16.21200,-0.00281
16.21600,0.02562
16.22000,-0.01624
16.22400,-0.00796
16.22800,0.03466
16.23200,0.04400
16.23600,0.04990
16.24000,0.01215
16.24400,0.04023
16.24800,0.01943
16.25200,0.05201
16.25600,0.04283
16.26000,0.06376
16.26400,0.09764
16.26800,0.09007
16.27200,0.09224
16.27600,0.11307
16.28000,0.13324
16.28400,0.13461
16.28800,0.16645
16.29200,0.19213
16.29600,0.22907
16.30000,0.17448
16.30400,0.20852
16.30800,0.22306
16.31200,0.27898
16.31600,0.32200
16.32000,0.28689
16.32400,0.29243
16.32800,0.31682
16.33200,0.24683
16.33600,0.29004
16.34000,0.22691
16.34400,0.28440
16.34800,0.26106
16.35200,0.24906
16.35600,0.25100
16.36000,0.21658
16.36400,0.23302
16.36800,0.19283
16.37200,0.18204
16.37600,0.20647
16.38000,0.12905
16.38400,0.13891
16.38800,0.08752
16.39200,0.11324
16.39600,0.09334
16.40000,0.06399
16.40400,0.06926
16.40800,0.07119
16.41200,0.05757
16.41600,0.02243
16.42000,0.01463
16.42400,0.03203
16.42800,-0.02390
16.43200,-0.01061
16.43600,0.00771
16.44000,0.00671
16.44400,0.03015
16.44800,0.02637
16.45200,-0.00353
16.45600,-0.00238
16.46000,-0.03822
16.46400,-0.01654
16.46800,-0.00835
16.47200,-0.01857
16.47600,-0.01339
16.48000,-0.00296
16.48400,-0.03425
16.48800,-0.02701
16.49200,-0.05131
16.49600,0.00625
16.50000,-0.03764
16.50400,-0.05077
16.50800,-0.00210
16.51200,-0.02188
16.51600,0.00118
16.52000,-0.02553
16.52400,0.02354
16.52800,-0.00468
16.53200,-0.01613
16.53600,-0.01712
16.54000,-0.02376
16.54400,-0.00398
16.54800,0.01929
16.55200,-0.02891
16.55600,-0.04238
16.56000,-0.00932
16.56400,-0.00033
16.56800,-0.05123
16.57200,-0.03569
16.57600,-0.04200
16.58000,-0.01147
16.58400,-0.01288
16.58800,-0.03766
16.59200,-0.04572
16.59600,-0.01024
16.60000,-0.06465
16.60400,-0.01159
16.60800,-0.02766
16.61200,0.01303
16.61600,-0.00554
16.62000,-0.03690
16.62400,-0.03115
16.62800,-0.03150
16.63200,-0.04067
16.63600,-0.02498
16.64000,-0.00785
16.64400,-0.05691
16.64800,-0.03194
16.65200,0.00172
16.65600,-0.01337
16.66000,-0.04435
16.66400,-0.04448
16.66800,-0.04572
16.67200,-0.06079
16.67600,-0.00675
16.68000,-0.02833
16.68400,-0.04373
16.68800,-0.05852
16.69200,-0.03811
16.69600,-0.04090
16.70000,0.00282
16.70400,-0.04043
16.70800,-0.02937
16.71200,-0.01082
16.71600,-0.01905
16.72000,-0.03604
16.72400,-0.07572
16.72800,-0.00543
16.73200,-0.02153
16.73600,-0.04212
16.74000,-0.03559
16.74400,-0.05292
16.74800,-0.05206
16.75200,-0.06384
16.75600,-0.02503
16.76000,-0.02494
16.76400,-0.03192
16.76800,-0.02019
16.77200,-0.02511
16.77600,-0.03328
16.78000,-0.05293
16.78400,-0.02360
16.78800,-0.01127
16.79200,-0.02116
16.79600,-0.00746
16.80000,-0.03902
16.80400,-0.04588
16.80800,0.00203
16.81200,-0.02887
16.81600,-0.00634
16.82000,-0.00746
16.82400,0.00508
16.82800,0.00840
16.83200,0.01254
16.83600,-0.00260
16.84000,0.07844
16.84400,0.05240
16.84800,0.01625
16.85200,0.03970
16.85600,0.03642
16.86000,0.04243
16.86400,0.00302
16.86800,0.05817
16.87200,0.07117
16.87600,0.02505
16.88000,0.03469
16.88400,0.02197
16.88800,-0.02382
16.89200,0.01564
16.89600,-0.04922
16.90000,-0.03424
16.90400,-0.03566
16.90800,-0.00856
16.91200,-0.03447
16.91600,-0.04200
16.92000,-0.05741
16.92400,-0.04142
16.92800,-0.04348
16.93200,-0.03083
16.93600,-0.01843
16.94000,-0.03179
16.94400,-0.04627
16.94800,-0.04994
16.95200,-0.01586
16.95600,-0.04356
16.96000,-0.04806
16.96400,-0.01279
16.96800,-0.01749
16.97200,-0.03730
16.97600,-0.05081
16.98000,-0.06135
16.98400,-0.02833
16.98800,-0.05856
16.99200,-0.03176
16.99600,-0.06768
17.00000,-0.05391
17.00400,-0.05476
17.00800,-0.07083
17.01200,-0.08479
17.01600,-0.10012
17.02000,-0.14395
17.02400,-0.14269
17.02800,-0.09141
17.03200,0.02753
17.03600,0.12987
17.04000,0.31044
17.04400,0.54439
17.04800,0.77544
17.05200,0.95101
17.05600,0.96154
17.06000,0.90320
17.06400,0.70866
17.06800,0.44981
17.07200,0.18437
17.07600,-0.01390
17.08000,-0.17335
17.08400,-0.22779
17.08800,-0.29424
17.09200,-0.22049
17.09600,-0.19061
17.10000,-0.15214
17.10400,-0.09670
17.10800,-0.08535
17.11200,-0.11071
17.11600,-0.06381
17.12000,-0.04859
17.12400,-0.06616
17.12800,-0.07169
17.13200,-0.03832
17.13600,-0.03376
17.14000,-0.04848
17.14400,-0.04060
17.14800,-0.04056
17.15200,-0.03551
17.15600,-0.01821
17.16000,0.01244
17.16400,-0.03008
17.16800,0.00588
17.17200,0.05655
17.17600,0.04506
17.18000,0.05690
17.18400,0.08631
17.18800,0.06742
17.19200,0.08103
17.19600,0.09023
17.20000,0.11214
17.20400,0.16303
17.20800,0.19155
17.21200,0.18248
17.21600,0.19135
17.22000,0.22452
17.22400,0.23832
17.22800,0.23847
17.23200,0.20064
17.23600,0.22849
17.24000,0.18810
17.24400,0.23762
17.24800,0.20892
17.25200,0.20269
17.25600,0.23244
17.26000,0.21459
17.26400,0.18232
17.26800,0.16120
17.27200,0.14131
17.27600,0.10826
17.28000,0.10042
17.28400,0.12073
17.28800,0.04913
17.29200,0.03689
17.29600,0.03762
17.30000,0.03773
17.30400,0.02378
17.30800,-0.02275
17.31200,-0.01662
17.31600,-0.02810
17.32000,-0.05459
17.32400,-0.03559
17.32800,-0.05195
17.33200,-0.02927
17.33600,-0.04251
17.34000,-0.06920
17.34400,-0.05493
17.34800,-0.06543
17.35200,-0.07243
17.35600,-0.07079
17.36000,-0.04160
17.36400,-0.07111
17.36800,-0.09702
17.37200,-0.07920
17.37600,-0.04880
17.38000,-0.02292
17.38400,-0.08552
17.38800,-0.07214
17.39200,-0.07178
17.39600,-0.09290
17.40000,-0.05783
17.40400,-0.06674
17.40800,-0.06043
17.41200,-0.02241
17.41600,-0.07122
17.42000,-0.05069
17.42400,-0.04999
17.42800,-0.07865
17.43200,-0.07788
17.43600,-0.03615
17.44000,-0.05260
17.44400,-0.06380
17.44800,-0.08793
17.45200,-0.04955
17.45600,-0.05654
17.46000,-0.02413
17.46400,-0.03826
17.46800,-0.05136
17.47200,-0.06184
17.47600,-0.06591
17.48000,-0.07788
17.48400,-0.06123
17.48800,-0.06254
17.49200,-0.05467
17.49600,-0.04627
17.50000,-0.06138
17.50400,-0.07805
17.50800,-0.05185
17.51200,-0.03740
17.51600,-0.08387
17.52000,-0.05952
17.52400,-0.05706
17.52800,-0.05734
17.53200,-0.05799
17.53600,-0.06961
17.54000,-0.06986
17.54400,-0.03512
17.54800,-0.03427
17.55200,-0.09523
17.55600,-0.11734
17.56000,-0.05952
17.56400,-0.08117
17.56800,-0.07814
17.57200,-0.09910
17.57600,-0.06127
17.58000,-0.06922
17.58400,-0.07867
17.58800,-0.05073
17.59200,-0.02094
17.59600,-0.03956
17.60000,-0.04543
17.60400,-0.07626
17.60800,-0.05547
17.61200,-0.06901
17.61600,-0.04579
17.62000,-0.05698
17.62400,-0.06898
17.62800,-0.05756
17.63200,-0.08225
17.63600,-0.05290
17.64000,-0.03907
17.64400,-0.07532
17.64800,-0.05749
17.65200,-0.10067
17.65600,-0.05008
17.66000,-0.05123
17.66400,-0.08811
17.66800,-0.03438
17.67200,-0.06603
17.67600,-0.10185
17.68000,-0.09482
17.68400,-0.05121
17.68800,-0.07347
17.69200,-0.04671
17.69600,-0.09823
17.70000,-0.06998
17.70400,-0.04900
17.70800,-0.08104
17.71200,-0.05448
17.71600,-0.07440
17.72000,-0.06032
17.72400,-0.06011
17.72800,-0.02207
17.73200,-0.08818
17.73600,-0.04710
17.74000,-0.03419
17.74400,-0.07813
17.74800,-0.05033
17.75200,-0.00158
17.75600,-0.01945
17.76000,-0.08979
17.76400,-0.02811
17.76800,-0.04734
17.77200,0.00149
17.77600,-0.00892
17.78000,0.00318
17.78400,0.00553
17.78800,0.03345
17.79200,0.02245
17.79600,0.01526
17.80000,0.02721
17.80400,0.03585
17.80800,0.00550
17.81200,0.03613
17.81600,-0.02652
17.82000,0.00419
17.82400,-0.02089
17.82800,0.00797
17.83200,-0.04365
17.83600,-0.05162
17.84000,-0.07129
17.84400,-0.01198
17.84800,-0.04283
17.85200,-0.07919
17.85600,-0.06709
17.86000,-0.08093
17.86400,-0.03395
17.86800,-0.05624
17.87200,-0.10444
17.87600,-0.06111
17.88000,-0.04756
17.88400,-0.06537
17.88800,-0.05621
17.89200,-0.06752
17.89600,-0.06126
17.90000,-0.06111
17.90400,-0.07891
17.90800,-0.05832
17.91200,-0.06177
17.91600,-0.06565
17.92000,-0.07811
17.92400,-0.08452
17.92800,-0.06017
17.93200,-0.04945
17.93600,-0.11395
17.94000,-0.08066
17.94400,-0.05031
17.94800,-0.06953
17.95200,-0.11655
17.95600,-0.09432
17.96000,-0.15386
17.96400,-0.14870
17.96800,-0.06289
17.97200,-0.02799
17.97600,0.11669
17.98000,0.28541
17.98400,0.52688
17.98800,0.74148
17.99200,0.91508
17.99600,0.92714
18.00000,0.90342
18.00400,0.68893
18.00800,0.43615
18.01200,0.18199
18.01600,-0.00466
18.02000,-0.13727
18.02400,-0.25378
18.02800,-0.23567
18.03200,-0.21813
18.03600,-0.18592
18.04000,-0.16390
18.04400,-0.16088
18.04800,-0.08965
18.05200,-0.09058
18.05600,-0.06606
18.06000,-0.09870
18.06400,-0.06266
18.06800,-0.04910
18.07200,-0.06872
18.07600,-0.04142
18.08000,-0.01070
18.08400,-0.03414
18.08800,-0.04643
18.09200,0.01983
18.09600,-0.06079
18.10000,-0.02790
18.10400,0.00811
18.10800,0.00016
18.11200,-0.02014
18.11600,0.04369
18.12000,0.07015
18.12400,0.05493
18.12800,0.11625
18.13200,0.11539
18.13600,0.14715
18.14000,0.11251
18.14400,0.16008
18.14800,0.20840
18.15200,0.23244
18.15600,0.23317
18.16000,0.21984
18.16400,0.23344
18.16800,0.22507
18.17200,0.26329
18.17600,0.23001
18.18000,0.24463
18.18400,0.19772
18.18800,0.20152
18.19200,0.25581
18.19600,0.21027
18.20000,0.19931
18.20400,0.13672
18.20800,0.16206
18.21200,0.18550
18.21600,0.09800
18.22000,0.06284
18.22400,0.08842
18.22800,0.06422
18.23200,0.05438
18.23600,0.01893
18.24000,0.00317
18.24400,-0.00698
18.24800,0.01844
18.25200,-0.00483
18.25600,0.00357
18.26000,-0.04088
18.26400,-0.01452
18.26800,-0.03988
18.27200,-0.03379
18.27600,-0.02078
18.28000,-0.04115
18.28400,-0.05085
18.28800,-0.07821
18.29200,-0.04575
18.29600,-0.03264
18.30000,-0.06101
18.30400,-0.05043
18.30800,-0.08401
18.31200,-0.07573
18.31600,-0.04183
18.32000,-0.02438
18.32400,-0.05575
18.32800,-0.08230
18.33200,-0.05691
18.33600,-0.07994
18.34000,-0.05457
18.34400,-0.01122
18.34800,-0.04299
18.35200,-0.05165
18.35600,-0.02818
18.36000,-0.05573
18.36400,-0.04160
18.36800,-0.04400
18.37200,-0.03899
18.37600,-0.07634
18.38000,-0.03342
18.38400,-0.02986
18.38800,-0.09169
18.39200,-0.09995
18.39600,-0.06413
18.40000,-0.01712
18.40400,-0.04577
18.40800,-0.03267
18.41200,-0.03491
18.41600,-0.02815
18.42000,-0.05791
18.42400,-0.05669
18.42800,-0.03762
18.43200,-0.03285
18.43600,-0.03332
18.44000,-0.03773
18.44400,-0.05372
18.44800,-0.02230
18.45200,-0.03454
18.45600,-0.02270
18.46000,-0.09336
18.46400,-0.02336
18.46800,-0.09096
18.47200,-0.03864
18.47600,-0.05567
18.48000,-0.04002
18.48400,-0.05156
18.48800,-0.04809
18.49200,-0.03799
18.49600,-0.03476
18.50000,-0.05710
18.50400,-0.09099
18.50800,-0.05633
18.51200,-0.03010
18.51600,-0.05717
18.52000,-0.03192
18.52400,-0.04741
18.52800,-0.05853
18.53200,-0.01672
18.53600,-0.00685
18.54000,-0.04137
18.54400,-0.04012
18.54800,-0.02002
18.55200,-0.06490
18.55600,-0.05571
18.56000,-0.01596
18.56400,-0.02031
18.56800,-0.04762
18.57200,-0.05302
18.57600,-0.03055
18.58000,-0.06505
18.58400,-0.04691
18.58800,-0.04143
18.59200,-0.08527
18.59600,-0.02476
18.60000,-0.02112
18.60400,-0.01493
18.60800,-0.06423
18.61200,-0.06099
18.61600,-0.05151
18.62000,-0.06099
18.62400,0.00567
18.62800,-0.05408
18.63200,-0.04074
18.63600,-0.03023
18.64000,-0.02505
18.64400,-0.00509
18.64800,-0.05507
18.65200,-0.01573
18.65600,-0.02975
18.66000,-0.05532
18.66400,-0.02832
18.66800,-0.05798
18.67200,0.00344
18.67600,-0.04111
18.68000,-0.00396
18.68400,0.00545
18.68800,-0.02806
18.69200,-0.02797
18.69600,-0.00081
18.70000,-0.01635
18.70400,0.03114
18.70800,0.02630
18.71200,0.01755
18.71600,0.02884
18.72000,0.06592
18.72400,0.03059
18.72800,0.09901
18.73200,0.05380
18.73600,0.06698
18.74000,0.05144
18.74400,0.09856
18.74800,0.07698
18.75200,0.07905
18.75600,0.05751
18.76000,0.03698
18.76400,0.05943
18.76800,0.02983
18.77200,0.01688
18.77600,0.01223
18.78000,0.00905
18.78400,-0.00526
18.78800,-0.01825
18.79200,-0.04983
18.79600,0.02057
18.80000,-0.04792
18.80400,-0.06601
18.80800,-0.03802
18.81200,0.01430
18.81600,-0.00009
18.82000,-0.03641
18.82400,-0.01910
18.82800,-0.02474
18.83200,-0.06366
18.83600,-0.03059
18.84000,-0.01792
18.84400,-0.00018
18.84800,-0.04732
18.85200,-0.06813
18.85600,-0.05435
18.86000,-0.01617
18.86400,-0.02103
18.86800,-0.01970
18.87200,-0.02017
18.87600,-0.03180
18.88000,-0.05492
18.88400,-0.02489
18.88800,-0.03683
18.89200,-0.04829
18.89600,-0.05275
18.90000,-0.11634
18.90400,-0.13690
18.90800,-0.09294
18.91200,0.06653
18.91600,0.14608
18.92000,0.36896
18.92400,0.58983
18.92800,0.82257
18.93200,1.02568
18.93600,0.99633
18.94000,0.92329
18.94400,0.72792
18.94800,0.49692
18.95200,0.24888
18.95600,0.00573
18.96000,-0.09645
18.96400,-0.17855
18.96800,-0.21369
18.97200,-0.20713
18.97600,-0.17217
18.98000,-0.15792
18.98400,-0.07407
18.98800,-0.07746
18.99200,-0.04782
18.99600,-0.00500
19.00000,-0.03546
19.00400,-0.02256
19.00800,0.00861
19.01200,0.03179
19.01600,-0.01574
19.02000,0.02407
19.02400,-0.00640
19.02800,0.02001
19.03200,0.02853
19.03600,0.00380
19.04000,0.05600
19.04400,0.08170
19.04800,0.05830
19.05200,0.07553
19.05600,0.06087
19.06000,0.13545
19.06400,0.11742
19.06800,0.10798
19.07200,0.16678
19.07600,0.14059
19.08000,0.17441
19.08400,0.16345
19.08800,0.25074
19.09200,0.28339
19.09600,0.24085
19.10000,0.25284
19.10400,0.26441
19.10800,0.27210
19.11200,0.29912
19.11600,0.31889
19.12000,0.26825
19.12400,0.29295
19.12800,0.24101
19.13200,0.29786
19.13600,0.25361
19.14000,0.22739
19.14400,0.25642
19.14800,0.20690
19.15200,0.21885
19.15600,0.19498
19.16000,0.18868
19.16400,0.12192
19.16800,0.12208
19.17200,0.11222
19.17600,0.08595
19.18000,0.10648
19.18400,0.04923
19.18800,0.07239
19.19200,0.06975
19.19600,-0.00514
19.20000,0.00719
19.20400,0.00228
19.20800,0.00423
19.21200,0.01868
19.21600,0.00391
19.22000,0.00617
19.22400,-0.00680
19.22800,-0.00096
19.23200,0.00906
19.23600,0.01331
19.24000,-0.01793
19.24400,-0.00507
19.24800,-0.01835
19.25200,-0.00688
19.25600,-0.03212
19.26000,0.01565
19.26400,0.01002
19.26800,-0.00579
19.27200,-0.01692
19.27600,-0.01225
19.28000,-0.01629
19.28400,-0.03371
19.28800,0.02998
19.29200,0.06327
19.29600,-0.02695
19.30000,-0.02554
19.30400,0.00953
19.30800,0.01024
19.31200,-0.03318
19.31600,-0.03996
19.32000,0.00946
19.32400,-0.04105
19.32800,0.02741
19.33200,-0.01079
19.33600,0.00099
19.34000,-0.00062
19.34400,-0.01159
19.34800,-0.00308
19.35200,-0.00607
19.35600,0.02498
19.36000,-0.00158
19.36400,-0.00023
19.36800,-0.01001
19.37200,-0.01195
19.37600,-0.01384
19.38000,0.00126
19.38400,0.03795
19.38800,0.02368
19.39200,0.00626
19.39600,0.03507
19.40000,0.02213
19.40400,0.00615
19.40800,-0.00113
19.41200,-0.01963
19.41600,0.00745
19.42000,-0.00368
19.42400,-0.02891
19.42800,-0.02275
19.43200,0.04183
19.43600,0.00754
19.44000,0.01337
19.44400,0.00757
19.44800,-0.00557
19.45200,0.01310
19.45600,0.02570
19.46000,-0.00199
19.46400,0.01458
19.46800,0.02499
19.47200,-0.00502
19.47600,0.00818
19.48000,-0.00985
19.48400,0.01716
19.48800,-0.00213
19.49200,0.02832
19.49600,-0.00973
19.50000,0.03948
19.50400,-0.00036
19.50800,-0.01081
19.51200,-0.01193
19.51600,0.01955
19.52000,-0.01068
19.52400,0.04268
19.52800,0.03239
19.53200,0.01725
19.53600,-0.02141
19.54000,0.00670
19.54400,-0.00719
19.54800,-0.02875
19.55200,0.01613
19.55600,0.05182
19.56000,-0.00277
19.56400,0.02431
19.56800,0.03400
19.57200,-0.01066
19.57600,0.00205
19.58000,0.01460
19.58400,0.01921
19.58800,-0.01240
19.59200,0.01588
19.59600,0.01085
19.60000,0.03400
19.60400,-0.01431
19.60800,0.00986
19.61200,0.01555
19.61600,0.02485
19.62000,0.05233
19.62400,0.03311
19.62800,0.10919
19.63200,0.04976
19.63600,0.09052
19.64000,0.10379
19.64400,0.11170
19.64800,0.09610
19.65200,0.08962
19.65600,0.10497
19.66000,0.12479
19.66400,0.11277
19.66800,0.11841
19.67200,0.11251
19.67600,0.07584
19.68000,0.06609
19.68400,0.10422
19.68800,0.05614
19.69200,0.02498
19.69600,0.08538
19.70000,0.02400
19.70400,0.01558
19.70800,0.04832
19.71200,0.00214
19.71600,0.00414
19.72000,0.04013
19.72400,0.00107
19.72800,0.06647
19.73200,0.01750
19.73600,0.06878
19.74000,0.01742
19.74400,0.01584
19.74800,0.00189
19.75200,0.01031
19.75600,0.00483
19.76000,0.01448
19.76400,0.03051
19.76800,-0.01022
19.77200,-0.00303
19.77600,-0.02641
19.78000,0.04567
19.78400,0.01421
19.78800,0.01548
19.79200,0.01449
19.79600,0.03523
19.80000,0.02012
19.80400,0.02745
19.80800,0.00077
19.81200,-0.00898
19.81600,-0.02301
19.82000,-0.07702
19.82400,-0.03203
19.82800,-0.08403
19.83200,-0.03957
19.83600,0.07484
19.84000,0.20295
19.84400,0.41470
19.84800,0.66164
19.85200,0.88258
19.85600,1.02643
19.86000,1.03933
19.86400,1.00478
19.86800,0.75931
19.87200,0.52728
19.87600,0.29533
19.88000,0.05771
19.88400,-0.08841
19.88800,-0.17180
19.89200,-0.15863
19.89600,-0.21767
19.90000,-0.10544
19.90400,-0.06739
19.90800,-0.05222
19.91200,-0.01040
19.91600,-0.02086
19.92000,0.03348
19.92400,0.08029
19.92800,0.00558
19.93200,0.05541
19.93600,0.02950
19.94000,0.02721
19.94400,0.02811
19.94800,0.03868
19.95200,0.02295
19.95600,0.02736
19.96000,0.09542
19.96400,0.07069
19.96800,0.09225
19.97200,0.09890
19.97600,0.11504
19.98000,0.08911
19.98400,0.11598
19.98800,0.16403
19.99200,0.18862
19.99600,0.16369
20.00000,0.19329
20.00400,0.20174
20.00800,0.25406
20.01200,0.26498
20.01600,0.27465
20.02000,0.27529
20.02400,0.30748
20.02800,0.31125
20.03200,0.30313
20.03600,0.32924
20.04000,0.31091
20.04400,0.34188
20.04800,0.33104
20.05200,0.29764
20.05600,0.31340
20.06000,0.29095
20.06400,0.26145
20.06800,0.24165
20.07200,0.20984
20.07600,0.20287
20.08000,0.21441
20.08400,0.21362
20.08800,0.15924
20.09200,0.15797
20.09600,0.14552
20.10000,0.13919
20.10400,0.11858
20.10800,0.12170
20.11200,0.10127
20.11600,0.06081
20.12000,0.07537
20.12400,0.01320
20.12800,0.05019
20.13200,0.04894
20.13600,0.05579
20.14000,0.03464
20.14400,0.05449
20.14800,0.06202
20.15200,0.01706
20.15600,0.02164
20.16000,0.03670
20.16400,0.04055
20.16800,0.03309
20.17200,0.04647
20.17600,0.00597
20.18000,0.04499
20.18400,0.05274
20.18800,0.05160
20.19200,0.03797
20.19600,0.02475
20.20000,0.03758
20.20400,0.02819
20.20800,-0.00194
20.21200,0.01780
20.21600,0.02922
20.22000,0.01984
20.22400,0.01164
20.22800,0.02578
20.23200,0.02312
20.23600,0.03207
20.24000,0.02984
20.24400,0.03439
20.24800,0.05095
20.25200,0.03395
20.25600,0.03948
20.26000,0.00704
20.26400,-0.02734
20.26800,0.02374
20.27200,0.04543
20.27600,0.02523
20.28000,0.01969
20.28400,0.00749
20.28800,0.05026
20.29200,0.02200
20.29600,0.03760
20.30000,0.05544
20.30400,0.04368
20.30800,0.07796
20.31200,0.03057
20.31600,0.05248
20.32000,0.04737
20.32400,0.02053
20.32800,0.03472
20.33200,0.02260
20.33600,0.01354
20.34000,0.04017
20.34400,0.01880
20.34800,0.06803
20.35200,0.01976
20.35600,0.02382
20.36000,0.03667
20.36400,0.02461
20.36800,0.03618
20.37200,0.02309
20.37600,0.00694
20.38000,-0.01274
20.38400,0.00985
20.38800,0.06622
20.39200,0.04481
20.39600,0.03913
20.40000,0.02690
20.40400,0.03342
20.40800,0.04244
20.41200,0.00881
20.41600,0.02077
20.42000,0.01906
20.42400,0.06219
20.42800,0.01601
20.43200,0.06073
20.43600,0.02810
20.44000,0.09207
20.44400,0.03611
20.44800,0.03846
20.45200,0.06497
20.45600,0.05559
20.46000,0.05701
20.46400,0.01698
20.46800,0.06121
20.47200,0.07223
20.47600,0.03672
20.48000,0.02922
20.48400,0.01721
20.48800,0.05952
20.49200,0.04519
20.49600,0.03958
20.50000,0.01488
20.50400,0.07214
20.50800,0.05735
20.51200,0.03958
20.51600,0.06965
20.52000,0.02123
20.52400,0.05803
20.52800,0.02056
20.53200,0.06888
20.53600,0.03530
20.54000,0.06541
20.54400,0.03278
20.54800,0.04924
20.55200,0.06429
20.55600,0.02364
20.56000,0.04390
20.56400,0.02557
20.56800,0.05990
20.57200,0.03152
20.57600,0.03716
20.58000,0.04200
20.58400,0.07133
20.58800,0.02986
20.59200,0.05367
20.59600,0.05207
20.60000,0.05321
20.60400,0.05514
20.60800,0.07549
20.61200,0.09135
20.61600,0.06595
20.62000,0.11138
20.62400,0.09269
20.62800,0.12567
20.63200,0.17873
20.63600,0.11981
20.64000,0.14170
20.64400,0.13933
20.64800,0.16292
20.65200,0.13021
20.65600,0.09823
20.66000,0.09421
20.66400,0.12124
20.66800,0.11336
20.67200,0.12010
20.67600,0.07883
20.68000,0.09439
20.68400,0.05226
20.68800,0.09303
20.69200,0.06042
20.69600,0.04407
20.70000,0.05796
20.70400,0.08687
20.70800,0.03336
20.71200,0.02434
20.71600,0.02807
20.72000,0.02480
20.72400,0.04664
20.72800,0.05455
20.73200,0.04423
20.73600,0.05149
20.74000,0.07133
20.74400,0.04196
20.74800,0.02279
20.75200,0.00225
20.75600,0.05292
20.76000,0.03461
20.76400,0.04335
20.76800,0.05663
20.77200,0.05773
20.77600,0.01701
20.78000,0.02870
20.78400,0.04789
20.78800,0.04026
20.79200,0.05974
20.79600,0.01608
20.80000,-0.03053
20.80400,0.01629
20.80800,-0.05389
20.81200,-0.03925
20.81600,0.02074
20.82000,0.07285
20.82400,0.28422
20.82800,0.43581
20.83200,0.67081
20.83600,0.86919
20.84000,1.07568
20.84400,1.08719
20.84800,0.98201
20.85200,0.83454
20.85600,0.52774
20.86000,0.29618
20.86400,0.10024
20.86800,-0.05075
20.87200,-0.15145
20.87600,-0.12187
20.88000,-0.10645
20.88400,-0.11716
20.88800,-0.04871
20.89200,-0.03107
20.89600,0.00210
20.90000,0.05060
20.90400,0.04617
20.90800,0.04925
20.91200,0.05834
20.91600,0.03634
20.92000,0.08733
20.92400,0.05121
20.92800,0.09626
20.93200,0.06553
20.93600,0.07108
20.94000,0.11642
20.94400,0.09817
20.94800,0.09041
20.95200,0.10262
20.95600,0.13690
20.96000,0.17501
20.96400,0.16396
20.96800,0.15912
20.97200,0.16095
20.97600,0.18719
20.98000,0.21616
20.98400,0.24169
20.98800,0.24192
20.99200,0.29848
20.99600,0.27080
21.00000,0.29155
21.00400,0.33005
21.00800,0.34201
21.01200,0.33456
21.01600,0.36896
21.02000,0.32610
21.02400,0.38854
21.02800,0.39820
21.03200,0.38917
21.03600,0.34534
21.04000,0.37254
21.04400,0.32218
21.04800,0.33362
21.05200,0.28737
21.05600,0.27837
21.06000,0.26732
21.06400,0.20386
21.06800,0.21659
21.07200,0.23741
21.07600,0.12755
21.08000,0.17750
21.08400,0.17313
21.08800,0.14736
21.09200,0.13210
21.09600,0.14468
21.10000,0.11371
21.10400,0.06051
21.10800,0.07202
21.11200,0.07868
21.11600,0.08220
21.12000,0.06599
21.12400,0.06926
21.12800,0.10184
21.13200,0.00755
21.13600,0.08741
21.14000,0.08171
21.14400,0.07396
21.14800,0.06143
21.15200,0.06182
21.15600,0.06739
21.16000,0.06467
21.16400,0.04517
21.16800,0.07514
21.17200,0.04295
21.17600,0.05862
21.18000,0.05227
21.18400,0.03645
21.18800,0.07159
21.19200,0.05816
21.19600,0.03632
21.20000,0.05811
21.20400,0.03218
21.20800,0.08845
21.21200,0.07016
21.21600,0.09959
21.22000,0.04865
21.22400,0.07413
21.22800,0.04077
21.23200,0.04316
21.23600,0.05845
21.24000,0.06850
21.24400,0.07880
21.24800,0.05508
21.25200,0.08247
21.25600,0.07978
21.26000,0.04312
21.26400,0.05708
21.26800,0.04242
21.27200,0.09477
21.27600,0.04981
21.28000,0.07850
21.28400,0.07914
21.28800,0.05589
21.29200,0.05130
21.29600,0.06792
21.30000,0.04564
21.30400,0.03593
21.30800,0.04193
21.31200,0.06799
21.31600,0.06511
21.32000,0.09644
21.32400,0.02494
21.32800,0.07142
21.33200,0.03845
21.33600,0.08449
21.34000,0.07538
21.34400,0.06408
21.34800,0.09095
21.35200,0.05420
21.35600,0.05110
21.36000,0.04075
21.36400,0.04865
21.36800,0.06404
21.37200,0.07517
21.37600,0.08729
21.38000,0.05649
21.38400,0.04734
21.38800,0.05523
21.39200,0.05338
21.39600,0.05262
21.40000,0.05395
21.40400,0.04464
21.40800,0.06095
21.41200,0.05182
21.41600,0.05867
21.42000,0.03450
21.42400,0.06495
21.42800,0.07346
21.43200,0.07496
21.43600,0.05120
21.44000,0.03945
21.44400,0.03626
21.44800,0.03883
21.45200,0.04936
21.45600,0.05598
21.46000,0.02691
21.46400,0.07545
21.46800,0.03159
21.47200,0.04854
21.47600,0.04782
21.48000,0.07861
21.48400,0.09865
21.48800,0.05513
21.49200,0.05670
21.49600,0.05436
21.50000,0.05816
21.50400,0.05876
21.50800,0.11106
21.51200,0.04052
21.51600,0.05992
21.52000,0.04644
21.52400,0.06913
21.52800,0.05175
21.53200,0.07343
21.53600,0.04060
21.54000,0.10383
21.54400,0.06613
21.54800,0.02693
21.55200,0.07579
21.55600,0.05261
21.56000,0.03905
21.56400,0.07063
21.56800,0.05164
21.57200,0.07653
21.57600,0.05114
21.58000,0.07997
21.58400,0.06525
21.58800,0.06974
21.59200,0.06634
21.59600,0.05686
21.60000,0.05820
21.60400,0.07608
21.60800,0.08365
21.61200,0.06486
21.61600,0.12146
21.62000,0.11608
21.62400,0.06648
21.62800,0.11822
21.63200,0.10391
21.63600,0.11918
21.64000,0.10862
21.64400,0.16634
21.64800,0.12623
21.65200,0.14847
21.65600,0.14162
21.66000,0.19778
21.66400,0.18554
21.66800,0.13339
21.67200,0.14681
21.67600,0.15692
21.68000,0.13353
21.68400,0.12610
21.68800,0.10227
21.69200,0.11871
21.69600,0.08285
21.70000,0.11211
21.70400,0.13521
21.70800,0.07488
21.71200,0.10824
21.71600,0.07878
21.72000,0.05480
21.72400,0.05857
21.72800,0.04455
21.73200,0.06434
21.73600,0.07491
21.74000,0.07879
21.74400,0.05449
21.74800,0.03607
21.75200,0.05792
21.75600,0.09221
21.76000,0.06462
21.76400,0.05769
21.76800,0.01799
21.77200,0.05018
21.77600,0.06936
21.78000,0.03987
21.78400,0.08499
21.78800,0.04714
21.79200,0.04102
21.79600,0.04634
21.80000,0.05524
21.80400,0.07505
21.80800,0.04079
21.81200,0.01014
21.81600,0.03286
21.82000,0.02908
21.82400,0.03098
21.82800,-0.03575
21.83200,0.01662
21.83600,0.03334
21.84000,0.10984
21.84400,0.22592
21.84800,0.42011
21.85200,0.64739
21.85600,0.90214
21.86000,1.04127
21.86400,1.10277
21.86800,1.03727
21.87200,0.81474
21.87600,0.56521
21.88000,0.34996
21.88400,0.07290
21.88800,-0.05837
21.89200,-0.13593
21.89600,-0.15749
21.90000,-0.12995
21.90400,-0.11200
21.90800,-0.03072
21.91200,-0.04273
21.91600,-0.00320
21.92000,-0.00039
21.92400,0.01762
21.92800,0.06430
21.93200,0.06970
21.93600,0.05677
21.94000,0.08003
21.94400,0.07866
21.94800,0.05872
21.95200,0.07372
21.95600,0.08686
21.96000,0.12536
21.96400,0.08459
21.96800,0.10918
21.97200,0.12243
21.97600,0.14685
21.98000,0.14378
21.98400,0.17034
21.98800,0.14334
21.99200,0.17532
21.99600,0.15929
22.00000,0.21410
22.00400,0.27882
22.00800,0.25576
22.01200,0.27025
22.01600,0.29060
22.02000,0.30374
22.02400,0.28905
22.02800,0.31327
22.03200,0.33326
22.03600,0.34697
22.04000,0.33113
22.04400,0.34715
22.04800,0.33330
22.05200,0.31698
22.05600,0.32270
22.06000,0.30959
22.06400,0.32955
22.06800,0.32502
22.07200,0.29417
22.07600,0.26140
22.08000,0.23685
22.08400,0.19842
22.08800,0.20078
22.09200,0.22372
22.09600,0.19828
22.10000,0.16355
22.10400,0.13905
22.10800,0.12963
22.11200,0.12504
22.11600,0.10495
22.12000,0.10336
22.12400,0.07076
22.12800,0.07919
22.13200,0.06468
22.13600,0.08715
22.14000,0.03693
22.14400,0.08290
22.14800,0.05258
22.15200,0.04197
22.15600,0.05000
22.16000,0.05042
22.16400,0.04194
22.16800,0.05382
22.17200,0.03318
22.17600,0.01089
22.18000,0.05691
22.18400,0.04237
22.18800,0.07506
22.19200,0.04962
22.19600,0.00229
22.20000,0.06567
22.20400,0.02753
22.20800,0.05160
22.21200,0.08415
22.21600,0.06171
22.22000,0.01853
22.22400,0.03814
22.22800,0.00797
22.23200,0.05248
22.23600,0.05012
22.24000,0.01896
22.24400,0.04749
22.24800,0.05672
22.25200,0.05398
22.25600,0.02494
22.26000,0.02401
22.26400,0.01566
22.26800,0.01174
22.27200,0.04317
22.27600,0.03742
22.28000,0.06191
22.28400,0.04152
22.28800,0.02975
22.29200,0.00760
22.29600,0.06563
22.30000,0.03837
22.30400,0.03443
22.30800,0.01488
22.31200,0.01411
22.31600,0.04655
22.32000,0.01506
22.32400,0.04508
22.32800,0.04572
22.33200,0.02557
22.33600,0.00140
22.34000,0.04062
22.34400,0.05981
22.34800,0.01582
22.35200,0.00735
22.35600,0.05287
22.36000,0.03418
22.36400,0.01871
22.36800,0.05472
22.37200,0.02499
22.37600,0.03910
22.38000,0.02198
22.38400,0.01517
22.38800,0.03365
22.39200,0.01253
22.39600,-0.00606
22.40000,0.01819
22.40400,0.05248
22.40800,0.04949
22.41200,0.07038
22.41600,0.04689
22.42000,0.05882
22.42400,0.03190
22.42800,0.01803
22.43200,0.03554
22.43600,0.00737
22.44000,0.04020
22.44400,0.01665
22.44800,0.03037
22.45200,0.00816
22.45600,0.02219
22.46000,0.04356
22.46400,0.02001
22.46800,0.01052
22.47200,0.02914
22.47600,0.04045
22.48000,0.01945
22.48400,-0.00035
22.48800,-0.00776
22.49200,-0.00427
22.49600,0.04259
22.50000,0.01970
22.50400,0.03062
22.50800,0.04192
22.51200,0.02628
22.51600,0.02973
22.52000,0.01038
22.52400,-0.01191
22.52800,0.03178
22.53200,0.01720
22.53600,0.03015
22.54000,-0.00240
22.54400,0.01566
22.54800,0.05743
22.55200,0.00152
22.55600,0.01924
22.56000,0.04261
22.56400,0.01219
22.56800,0.01908
22.57200,-0.02561
22.57600,0.03117
22.58000,0.00707
22.58400,0.04069
22.58800,0.01373
22.59200,0.00860
22.59600,0.02444
22.60000,0.01207
22.60400,0.00738
22.60800,0.04909
22.61200,0.04050
22.61600,0.02664
22.62000,0.04417
22.62400,0.04962
22.62800,0.05108
22.63200,0.04817
22.63600,0.05677
22.64000,0.07250
22.64400,0.08483
22.64800,0.09006
22.65200,0.08075
22.65600,0.09767
22.66000,0.11343
22.66400,0.08913
22.66800,0.10865
22.67200,0.12210
22.67600,0.10653
22.68000,0.09178
22.68400,0.08864
22.68800,0.07086
22.69200,0.08932
22.69600,0.05309
22.70000,0.01783
22.70400,0.01855
22.70800,0.03943
22.71200,0.03099
22.71600,0.01173
22.72000,-0.00864
22.72400,0.00974
22.72800,-0.00604
22.73200,-0.00517
22.73600,0.00632
22.74000,-0.01015
22.74400,0.01023
22.74800,-0.01121
22.75200,-0.00593
22.75600,-0.00220
22.76000,0.03019
22.76400,0.03237
22.76800,0.01957
22.77200,-0.01358
22.77600,0.00090
22.78000,0.01810
22.78400,0.01565
22.78800,-0.03231
22.79200,-0.00154
22.79600,-0.01562
22.80000,0.01299
22.80400,0.00984
22.80800,-0.01452
22.81200,0.03372
22.81600,-0.02001
22.82000,0.02171
22.82400,-0.04484
22.82800,-0.06186
22.83200,-0.03804
22.83600,-0.08410
22.84000,-0.05018
22.84400,0.06810
22.84800,0.17876
22.85200,0.38473
22.85600,0.58022
22.86000,0.85640
22.86400,0.99350
22.86800,1.02600
22.87200,0.95236
22.87600,0.74142
22.88000,0.49410
22.88400,0.21807
22.88800,0.04233
22.89200,-0.08923
22.89600,-0.17595
22.90000,-0.19625
22.90400,-0.18321
22.90800,-0.17810
22.91200,-0.14282
22.91600,-0.06829
22.92000,-0.04863
22.92400,-0.01313
22.92800,-0.02500
22.93200,-0.02997
22.93600,0.00056
22.94000,-0.01606
22.94400,-0.03345
22.94800,-0.01145
22.95200,-0.01253
22.95600,-0.01372
22.96000,0.00299
22.96400,0.03786
22.96800,0.07170
22.97200,0.06878
22.97600,0.03710
22.98000,0.07811
22.98400,0.06709
22.98800,0.08971
22.99200,0.08416
22.99600,0.11127
23.00000,0.09793
23.00400,0.18216
23.00800,0.15068
23.01200,0.19423
23.01600,0.18938
23.02000,0.22221
23.02400,0.21030
23.02800,0.23894
23.03200,0.27588
23.03600,0.27938
23.04000,0.23805
23.04400,0.29555
23.04800,0.25544
23.05200,0.28389
23.05600,0.28378
23.06000,0.25347
23.06400,0.25017
23.06800,0.23860
23.07200,0.23693
23.07600,0.23082
23.08000,0.22193
23.08400,0.18404
23.08800,0.19751
23.09200,0.12227
23.09600,0.15691
23.10000,0.10018
23.10400,0.10367
23.10800,0.07081
23.11200,0.06093
23.11600,0.02808
23.12000,0.04213
23.12400,0.06377
23.12800,0.01827
23.13200,0.00690
23.13600,0.00106
23.14000,0.00896
23.14400,-0.01328
23.14800,-0.01374
23.15200,-0.01245
23.15600,0.00597
23.16000,-0.00326
23.16400,-0.04403
23.16800,-0.03650
23.17200,-0.02558
23.17600,-0.01046
23.18000,-0.00870
23.18400,-0.03189
23.18800,0.01283
23.19200,-0.03203
23.19600,-0.00214
23.20000,-0.00264
23.20400,0.00089
23.20800,-0.02650
23.21200,-0.01966
23.21600,-0.05993
23.22000,-0.06633
23.22400,-0.04302
23.22800,-0.01792
23.23200,-0.01171
23.23600,-0.03452
23.24000,-0.01268
23.24400,-0.02169
23.24800,-0.00398
23.25200,-0.06466
23.25600,-0.04916
23.26000,-0.05272
23.26400,-0.05374
23.26800,-0.00220
23.27200,-0.05196
23.27600,-0.05119
23.28000,-0.04243
23.28400,-0.01812
23.28800,-0.04411
23.29200,-0.02148
23.29600,-0.02536
23.30000,-0.04890
23.30400,-0.08116
23.30800,-0.05480
23.31200,-0.06044
23.31600,-0.00526
23.32000,-0.05084
23.32400,-0.05872
23.32800,-0.03049
23.33200,-0.03714
23.33600,-0.05588
23.34000,-0.01720
23.34400,-0.02117
23.34800,-0.03362
23.35200,-0.05339
23.35600,-0.05663
23.36000,-0.07838
23.36400,-0.03245
23.36800,-0.03241
23.37200,-0.05842
23.37600,-0.03981
23.38000,0.02342
23.38400,-0.06216
23.38800,-0.07469
23.39200,-0.02955
23.39600,-0.05001
23.40000,-0.05095
23.40400,-0.02987
23.40800,-0.04445
23.41200,-0.02298
23.41600,-0.03258
23.42000,-0.02012
23.42400,-0.04051
23.42800,-0.08557
23.43200,-0.01739
23.43600,-0.07701
23.44000,-0.02375
23.44400,-0.03911
23.44800,-0.07036
23.45200,-0.04313
23.45600,-0.02762
23.46000,-0.06484
23.46400,-0.04393
23.46800,-0.05966
23.47200,-0.06417
23.47600,-0.05763
23.48000,-0.02118
23.48400,-0.03236
23.48800,-0.04620
23.49200,-0.04753
23.49600,-0.04320
23.50000,-0.04004
23.50400,-0.04148
23.50800,-0.07820
23.51200,-0.02566
23.51600,-0.05851
23.52000,-0.08863
23.52400,-0.02239
23.52800,-0.05471
23.53200,-0.02955
23.53600,-0.02192
23.54000,-0.02448
23.54400,0.00598
23.54800,-0.00061
23.55200,0.00918
23.55600,0.00489
23.56000,0.02723
23.56400,0.01947
23.56800,0.04657
23.57200,0.07508
23.57600,0.06964
23.58000,0.05720
23.58400,0.01926
23.58800,0.05908
23.59200,0.04909
23.59600,0.06257
23.60000,-0.03016
23.60400,0.00292
23.60800,-0.01300
23.61200,0.00572
23.61600,-0.04389
23.62000,-0.03760
23.62400,0.00864
23.62800,-0.02063
23.63200,-0.08137
23.63600,-0.04591
23.64000,-0.02206
23.64400,-0.06186
23.64800,-0.03919
23.65200,-0.04952
23.65600,-0.07961
23.66000,-0.06467
23.66400,-0.03084
23.66800,-0.02956
23.67200,-0.06429
23.67600,-0.03106
23.68000,-0.06668
23.68400,-0.04859
23.68800,-0.05381
23.69200,-0.07825
23.69600,-0.04751
23.70000,-0.06160
23.70400,-0.10624
23.70800,-0.07080
23.71200,-0.07121
23.71600,-0.07336
23.72000,-0.07888
23.72400,-0.08054
23.72800,-0.12446
23.73200,-0.07599
23.73600,-0.11007
23.74000,-0.12090
23.74400,-0.12970
23.74800,-0.09097
23.75200,-0.01621
23.75600,0.10741
23.76000,0.29641
23.76400,0.55552
23.76800,0.79119
23.77200,0.92948
23.77600,1.00060
23.78000,0.86261
23.78400,0.69742
23.78800,0.44206
23.79200,0.22403
23.79600,0.02009
23.80000,-0.17126
23.80400,-0.22602
23.80800,-0.26631
23.81200,-0.26406
23.81600,-0.20918
23.82000,-0.18558
23.82400,-0.09780
23.82800,-0.08694
23.83200,-0.05585
23.83600,-0.05899
23.84000,-0.10475
23.84400,-0.03799
23.84800,-0.04860
23.85200,-0.09442
23.85600,-0.04233
23.86000,-0.02080
23.86400,-0.00349
23.86800,-0.05107
23.87200,-0.00944
23.87600,-0.01059
23.88000,-0.01165
23.88400,-0.00407
23.88800,0.02302
23.89200,0.03679
23.89600,0.05204
23.90000,0.04649
23.90400,0.04563
23.90800,0.11378
23.91200,0.13050
23.91600,0.11257
23.92000,0.14125
23.92400,0.17535
23.92800,0.14288
23.93200,0.20194
23.93600,0.25259
23.94000,0.22373
23.94400,0.21481
23.94800,0.27563
23.95200,0.24009
23.95600,0.24546
23.96000,0.23171
23.96400,0.23883
23.96800,0.19372
23.97200,0.19286
23.97600,0.17771
23.98000,0.20942
23.98400,0.17418
23.98800,0.18156
23.99200,0.10217
23.99600,0.11115
24.00000,0.13273
24.00400,0.07138
24.00800,0.03416
24.01200,0.03882
24.01600,0.03172
24.02000,0.02401
24.02400,0.03658
24.02800,0.02633
24.03200,0.01993
24.03600,-0.00718
24.04000,-0.03570
24.04400,-0.04230
24.04800,-0.06623
24.05200,-0.01739
24.05600,-0.02203
24.06000,-0.04731
24.06400,-0.06847
24.06800,-0.04007
24.07200,-0.04541
24.07600,-0.05293
24.08000,-0.07907
24.08400,-0.05281
24.08800,-0.06883
24.09200,-0.04385
24.09600,-0.04716
24.10000,-0.05019
24.10400,-0.06713
24.10800,-0.02914
24.11200,-0.04426
24.11600,-0.03426
24.12000,-0.04310
24.12400,-0.04620
24.12800,-0.05170
24.13200,-0.08026
24.13600,-0.09406
24.14000,-0.07762
24.14400,-0.04742
24.14800,-0.04130
24.15200,-0.05565
24.15600,-0.05742
24.16000,-0.02395
24.16400,-0.06696
24.16800,-0.09328
24.17200,-0.08951
24.17600,-0.06523
24.18000,-0.04532
24.18400,-0.04491
24.18800,-0.06337
24.19200,-0.04331
24.19600,-0.05992
24.20000,-0.07281
24.20400,-0.06636
24.20800,-0.04440
24.21200,-0.04014
24.21600,-0.08036
24.22000,-0.07822
24.22400,-0.05641
24.22800,-0.01702
24.23200,-0.08111
24.23600,-0.08327
24.24000,-0.05060
24.24400,-0.04862
24.24800,-0.07029
24.25200,-0.05905
24.25600,-0.04919
24.26000,-0.09268
24.26400,-0.05886
24.26800,-0.04660
24.27200,-0.04063
24.27600,-0.03544
24.28000,-0.05961
24.28400,-0.08650
24.28800,-0.03242
24.29200,-0.04300
24.29600,-0.07028
24.30000,-0.03774
24.30400,-0.03807
24.30800,-0.06068
24.31200,-0.10314
24.31600,-0.06704
24.32000,-0.07229
24.32400,-0.07416
24.32800,-0.05925
24.33200,-0.07884
24.33600,-0.05012
24.34000,-0.02051
24.34400,-0.08028
24.34800,-0.03703
24.35200,-0.06756
24.35600,-0.04666
24.36000,-0.05970
24.36400,-0.03205
24.36800,-0.07076
24.37200,-0.04272
24.37600,-0.07187
24.38000,-0.05248
24.38400,-0.05717
24.38800,-0.03551
24.39200,-0.08702
24.39600,-0.08316
24.40000,-0.02997
24.40400,-0.04903
24.40800,-0.02398
24.41200,-0.07665
24.41600,-0.05235
24.42000,-0.04451
24.42400,-0.02238
24.42800,-0.05721
24.43200,-0.06467
24.43600,-0.04199
24.44000,-0.05783
24.44400,-0.07038
24.44800,-0.04088
24.45200,-0.09247
24.45600,-0.07417
24.46000,-0.02740
24.46400,-0.06266
24.46800,-0.05805
24.47200,-0.04267
24.47600,-0.02524
24.48000,-0.03363
24.48400,-0.05823
24.48800,-0.04474
24.49200,-0.00670
24.49600,-0.02178
24.50000,-0.02315
24.50400,0.01536
24.50800,0.03069
24.51200,0.05968
24.51600,0.00587
24.52000,0.02109
24.52400,0.02705
24.52800,0.05122
24.53200,0.03643
24.53600,0.06595
24.54000,-0.01163
24.54400,0.05357
24.54800,0.01500
24.55200,0.01353
24.55600,0.02044
24.56000,0.00364
24.56400,-0.02928
24.56800,0.01076
24.57200,-0.01433
24.57600,-0.04149
24.58000,-0.03332
24.58400,-0.06285
24.58800,-0.06892
24.59200,-0.05312
24.59600,-0.04197
24.60000,-0.04836
24.60400,-0.06626
24.60800,-0.07819
24.61200,-0.08469
24.61600,-0.02145
24.62000,-0.04492
24.62400,-0.06748
24.62800,-0.02892
24.63200,-0.04167
24.63600,-0.06002
24.64000,-0.06364
24.64400,-0.02955
24.64800,-0.04541
24.65200,-0.01969
24.65600,-0.04458
24.66000,-0.06293
24.66400,-0.06316
24.66800,-0.06595
24.67200,-0.04883
24.67600,-0.05204
24.68000,-0.05172
24.68400,-0.06527
24.68800,-0.10960
24.69200,-0.11134
24.69600,-0.13951
24.70000,-0.11073
24.70400,-0.11261
24.70800,-0.01765
24.71200,0.11762
24.71600,0.31859
24.72000,0.55474
24.72400,0.80692
24.72800,0.92596
24.73200,0.94794
24.73600,0.89004
24.74000,0.72349
24.74400,0.47158
24.74800,0.21199
24.75200,0.03207
24.75600,-0.13251
24.76000,-0.23116
24.76400,-0.23045
24.76800,-0.26225
24.77200,-0.20246
24.77600,-0.17351
24.78000,-0.11564
24.78400,-0.05896
24.78800,-0.07953
24.79200,-0.02656
24.79600,-0.06924
24.80000,-0.01715
24.80400,-0.07398
24.80800,-0.05419
24.81200,-0.01516
24.81600,-0.03250
24.82000,-0.02333
24.82400,-0.02091
24.82800,-0.01063
24.83200,-0.00996
24.83600,-0.01672
24.84000,0.00688
24.84400,0.02607
24.84800,0.01943
24.85200,0.05987
24.85600,0.09991
24.86000,0.05056
24.86400,0.08929
24.86800,0.11218
24.87200,0.13624
24.87600,0.15598
24.88000,0.15807
24.88400,0.18839
24.88800,0.20504
24.89200,0.21752
24.89600,0.26104
24.90000,0.24399
24.90400,0.22049
24.90800,0.22293
24.91200,0.26632
24.91600,0.24696
24.92000,0.23739
24.92400,0.21576
24.92800,0.22643
24.93200,0.21850
24.93600,0.19304
24.94000,0.18371
24.94400,0.19069
24.94800,0.17129
24.95200,0.14850
24.95600,0.11661
24.96000,0.07625
24.96400,0.10034
24.96800,0.09779
24.97200,0.07876
24.97600,0.06245
24.98000,0.03293
24.98400,0.02349
24.98800,0.00610
24.99200,0.02179
24.99600,-0.01490
25.00000,0.02521
25.00400,-0.00613
25.00800,-0.03176
25.01200,-0.02917
25.01600,-0.06285
25.02000,-0.04850
25.02400,-0.04180
25.02800,0.01017
25.03200,-0.05406
25.03600,-0.02138
25.04000,-0.03830
25.04400,-0.04591
25.04800,-0.02842
25.05200,-0.07930
25.05600,-0.02253
25.06000,-0.00311
25.06400,-0.03501
25.06800,-0.04185
25.07200,-0.03751
25.07600,-0.02763
25.08000,-0.04983
25.08400,-0.03799
25.08800,-0.03056
25.09200,-0.04691
25.09600,-0.03255
25.10000,-0.03344
25.10400,-0.02610
25.10800,-0.05887
25.11200,-0.04987
25.11600,-0.04777
25.12000,-0.01639
25.12400,-0.03442
25.12800,-0.07089
25.13200,-0.06385
25.13600,-0.00171
25.14000,-0.03224
25.14400,-0.06355
25.14800,-0.05629
25.15200,-0.03577
25.15600,-0.01068
25.16000,-0.00720
25.16400,-0.04525
25.16800,-0.04380
25.17200,-0.00067
25.17600,-0.05668
25.18000,-0.00736
25.18400,-0.03111
25.18800,-0.03568
25.19200,-0.01270
25.19600,-0.02791
25.20000,-0.05322
25.20400,-0.06666
25.20800,-0.03665
25.21200,-0.02690
25.21600,-0.01049
25.22000,-0.08736
25.22400,-0.01076
25.22800,-0.02438
25.23200,-0.00717
25.23600,-0.02071
25.24000,-0.03198
25.24400,-0.02758
25.24800,-0.02820
25.25200,-0.04793
25.25600,-0.03782
25.26000,-0.03302
25.26400,-0.04406
25.26800,-0.06375
25.27200,-0.06293
25.27600,-0.02527
25.28000,-0.02497
25.28400,-0.03275
25.28800,-0.05719
25.29200,-0.01810
25.29600,-0.04203
25.30000,-0.07471
25.30400,-0.00424
25.30800,-0.06316
25.31200,0.00921
25.31600,-0.02361
25.32000,-0.04231
25.32400,-0.07940
25.32800,-0.04714
25.33200,-0.00475
25.33600,-0.00727
25.34000,-0.02826
25.34400,-0.06607
25.34800,-0.04047
25.35200,-0.03839
25.35600,-0.02387
25.36000,-0.03514
25.36400,-0.02592
25.36800,-0.06386
25.37200,-0.04489
25.37600,-0.00459
25.38000,-0.06039
25.38400,-0.01431
25.38800,0.01289
25.39200,-0.01931
25.39600,-0.05869
25.40000,-0.00767
25.40400,-0.06751
25.40800,-0.02489
25.41200,-0.03921
25.41600,-0.00734
25.42000,-0.00815
25.42400,-0.02727
25.42800,0.00399
25.43200,-0.01179
25.43600,-0.03984
25.44000,-0.04931
25.44400,0.01755
25.44800,-0.03784
25.45200,-0.02180
25.45600,-0.03166
25.46000,-0.03810
25.46400,-0.05914
25.46800,-0.03002
25.47200,-0.02800
25.47600,-0.00477
25.48000,-0.03110
25.48400,-0.04810
25.48800,-0.03393
25.49200,-0.00851
25.49600,0.00373
25.50000,0.02077
25.50400,0.00807
25.50800,0.03536
25.51200,0.03743
25.51600,0.07711
25.52000,0.05223
25.52400,0.06385
25.52800,0.07796
25.53200,0.09456
25.53600,0.05455
25.54000,0.06193
25.54400,0.06223
25.54800,0.02035
25.55200,0.07930
25.55600,0.06632
25.56000,0.03649
25.56400,0.09189
25.56800,0.04178
25.57200,0.04809
25.57600,0.03149
25.58000,0.01241
25.58400,-0.03774
25.58800,0.01506
25.59200,-0.00984
25.59600,-0.04357
25.60000,-0.02103
25.60400,-0.00858
25.60800,-0.00506
25.61200,-0.02108
25.61600,-0.03481
25.62000,-0.01002
25.62400,-0.03957
25.62800,-0.02638
25.63200,-0.01010
25.63600,-0.05268
25.64000,-0.01739
25.64400,-0.06254
25.64800,-0.04224
25.65200,-0.04818
25.65600,-0.02588
25.66000,-0.01016
25.66400,-0.02498
25.66800,-0.00637
25.67200,-0.02279
25.67600,-0.03008
25.68000,-0.01987
25.68400,-0.04033
25.68800,-0.04378
25.69200,-0.04151
25.69600,-0.09060
25.70000,-0.07129
25.70400,-0.11368
25.70800,-0.06381
25.71200,-0.01191
25.71600,0.15166
25.72000,0.38919
25.72400,0.59455
25.72800,0.82991
25.73200,0.93031
25.73600,0.98443
25.74000,0.93295
25.74400,0.75295
25.74800,0.50533
25.75200,0.20319
25.75600,0.03197
25.76000,-0.12732
25.76400,-0.20234
25.76800,-0.21668
25.77200,-0.21372
25.77600,-0.20348
25.78000,-0.14932
25.78400,-0.11863
25.78800,-0.08716
25.79200,-0.04403
25.79600,-0.00324
25.80000,-0.03464
25.80400,-0.03084
25.80800,-0.03461
25.81200,-0.04294
25.81600,-0.00470
25.82000,-0.01154
25.82400,-0.00211
25.82800,-0.01065
25.83200,0.02397
25.83600,-0.00114
25.84000,0.04171
25.84400,0.02841
25.84800,0.06798
25.85200,0.04832
25.85600,0.08826
25.86000,0.10361
25.86400,0.10993
25.86800,0.16055
25.87200,0.15008
25.87600,0.14769
25.88000,0.19660
25.88400,0.18510
25.88800,0.20780
25.89200,0.23438
25.89600,0.25196
25.90000,0.29398
25.90400,0.23709
25.90800,0.27318
25.91200,0.30458
25.91600,0.28131
25.92000,0.28926
25.92400,0.30849
25.92800,0.24788
25.93200,0.26278
25.93600,0.26520
25.94000,0.22444
25.94400,0.18641
25.94800,0.18397
25.95200,0.18956
25.95600,0.17152
25.96000,0.18543
25.96400,0.15804
25.96800,0.08529
25.97200,0.11925
25.97600,0.10167
25.98000,0.10172
25.98400,0.05468
25.98800,0.03559
25.99200,0.03938
25.99600,0.05809
26.00000,0.03262
26.00400,0.04739
26.00800,0.02431
26.01200,-0.00665
26.01600,-0.01825
26.02000,0.03457
26.02400,-0.03300
26.02800,-0.01228
26.03200,-0.01292
26.03600,-0.02553
26.04000,-0.01954
26.04400,-0.00889
26.04800,0.03661
26.05200,-0.01082
26.05600,-0.01978
26.06000,-0.00729
26.06400,0.00847
26.06800,-0.02553
26.07200,-0.01738
26.07600,-0.04347
26.08000,0.00427
26.08400,0.00410
26.08800,0.02001
26.09200,-0.03221
26.09600,0.03335
26.10000,0.00845
26.10400,-0.01371
26.10800,-0.01585
26.11200,-0.01406
26.11600,-0.03154
26.12000,0.00717
26.12400,-0.01941
26.12800,-0.02139
26.13200,0.00283
26.13600,-0.00490
26.14000,-0.01829
26.14400,-0.01128
26.14800,-0.01615
26.15200,0.01965
26.15600,0.01331
26.16000,-0.02012
26.16400,-0.00667
26.16800,0.02083
26.17200,-0.01115
26.17600,0.02910
26.18000,0.00348
26.18400,0.00792
26.18800,-0.04535
26.19200,0.01175
26.19600,0.00212
26.20000,0.00694
26.20400,0.00523
26.20800,0.00623
26.21200,-0.01371
26.21600,0.01381
26.22000,-0.00222
26.22400,-0.02357
26.22800,-0.02294
26.23200,0.00022
26.23600,0.00382
26.24000,-0.04527
26.24400,-0.04261
26.24800,0.01816
26.25200,-0.00223
26.25600,0.05337
26.26000,-0.03153
26.26400,-0.00626
26.26800,-0.01297
26.27200,0.00971
26.27600,0.02659
26.28000,0.03052
26.28400,-0.02022
26.28800,0.02357
26.29200,-0.02389
26.29600,0.00599
26.30000,0.00355
26.30400,0.01243
26.30800,-0.01502
26.31200,0.02669
26.31600,-0.00037
26.32000,0.00078
26.32400,-0.00386
26.32800,-0.01913
26.33200,0.01581
26.33600,0.00843
26.34000,0.01100
26.34400,0.03844
26.34800,-0.01443
26.35200,-0.00281
26.35600,0.00303
26.36000,0.01967
26.36400,-0.00019
26.36800,0.02159
26.37200,0.01259
26.37600,-0.03023
26.38000,-0.00923
26.38400,-0.03508
26.38800,-0.00101
26.39200,-0.00323
26.39600,0.01672
26.40000,0.00896
26.40400,0.00499
26.40800,0.03152
26.41200,0.01974
26.41600,-0.01425
26.42000,-0.00180
26.42400,0.02076
26.42800,0.05120
26.43200,0.01866
26.43600,0.02479
26.44000,0.04003
26.44400,0.05802
26.44800,0.04981
26.45200,0.06685
26.45600,0.06280
26.46000,0.06997
26.46400,0.07438
26.46800,0.11049
26.47200,0.09293
26.47600,0.11839
26.48000,0.11701
26.48400,0.12709
26.48800,0.05246
26.49200,0.08002
26.49600,0.06778
26.50000,0.07960
26.50400,0.08910
26.50800,0.11349
26.51200,0.08489
26.51600,0.07300
26.52000,0.04645
26.52400,0.02515
26.52800,0.03790
26.53200,-0.01916
26.53600,0.03831
26.54000,0.01809
26.54400,0.02829
26.54800,-0.00490
26.55200,-0.00673
26.55600,0.00159
26.56000,0.01314
26.56400,0.02077
26.56800,0.00713
26.57200,0.02097
26.57600,0.02753
26.58000,-0.00817
26.58400,0.01273
26.58800,-0.01551
26.59200,0.00447
26.59600,0.03302
26.60000,0.00166
26.60400,0.05215
26.60800,0.02571
26.61200,0.03325
26.61600,0.01746
26.62000,0.03099
26.62400,0.03218
26.62800,0.00677
26.63200,-0.01620
26.63600,-0.03190
26.64000,-0.00142
26.64400,-0.05648
26.64800,-0.06036
26.65200,-0.03242
26.65600,0.02985
26.66000,0.19337
26.66400,0.40612
26.66800,0.61948
26.67200,0.83214
26.67600,1.00842
26.68000,1.05451
26.68400,0.95710
26.68800,0.78482
26.69200,0.51201
26.69600,0.29424
26.70000,0.04491
26.70400,-0.09024
26.70800,-0.15970
26.71200,-0.19160
26.71600,-0.18812
26.72000,-0.08741
26.72400,-0.05619
26.72800,-0.08184
26.73200,-0.01630
26.73600,-0.02311
26.74000,0.02054
26.74400,-0.00303
26.74800,0.03866
26.75200,0.04126
26.75600,0.06755
26.76000,0.06104
26.76400,0.03262
26.76800,0.06469
26.77200,0.04294
26.77600,0.05634
26.78000,0.05652
26.78400,0.04098
26.78800,0.09731
26.79200,0.05755
26.79600,0.10541
26.80000,0.13445
26.80400,0.14189
26.80800,0.12550
26.81200,0.16086
26.81600,0.20482
26.82000,0.23143
26.82400,0.25936
26.82800,0.21083
26.83200,0.27244
26.83600,0.27007
26.84000,0.30876
26.84400,0.27332
26.84800,0.31364
26.85200,0.33771
26.85600,0.31601
26.86000,0.32320
26.86400,0.30995
26.86800,0.34658
26.87200,0.29193
26.87600,0.29029
26.88000,0.28972
26.88400,0.27605
26.88800,0.30783
26.89200,0.25533
26.89600,0.21624
26.90000,0.22589
26.90400,0.20332
26.90800,0.18458
26.91200,0.16087
26.91600,0.15512
26.92000,0.10830
26.92400,0.09388
26.92800,0.09662
26.93200,0.07220
26.93600,0.09763
26.94000,0.11341
26.94400,0.09224
26.94800,0.07072
26.95200,0.06344
26.95600,0.03923
26.96000,0.02389
26.96400,0.05716
26.96800,0.01551
26.97200,0.04855
26.97600,0.03864
26.98000,0.05515
26.98400,0.04081
26.98800,0.04147
26.99200,0.02779
26.99600,0.00532
27.00000,0.03223
27.00400,0.05256
27.00800,0.05940
27.01200,0.06610
27.01600,0.01994
27.02000,0.02119
27.02400,0.05334
27.02800,0.03103
27.03200,0.09018
27.03600,0.04645
27.04000,0.01095
27.04400,0.02990
27.04800,0.07154
27.05200,0.00552
27.05600,0.04437
27.06000,0.01452
27.06400,0.07302
27.06800,0.03332
27.07200,0.02221
27.07600,0.00911
27.08000,0.02883
27.08400,-0.00701
27.08800,0.03391
27.09200,0.08599
27.09600,0.04552
27.10000,0.03862
27.10400,0.02142
27.10800,0.05090
27.11200,0.03526
27.11600,0.02811
27.12000,0.07185
27.12400,0.05370
27.12800,0.02801
27.13200,0.07443
27.13600,0.04467
27.14000,0.05579
27.14400,0.04904
27.14800,0.06942
27.15200,0.05858
27.15600,0.04000
27.16000,0.06100
27.16400,0.03958
27.16800,0.05003
27.17200,0.07972
27.17600,0.02716
27.18000,0.02782
27.18400,0.04044
27.18800,0.03871
27.19200,0.07403
27.19600,0.01774
27.20000,0.09377
27.20400,0.08027
27.20800,0.04071
27.21200,0.05332
27.21600,0.04285
27.22000,0.06321
27.22400,0.06320
27.22800,0.06519
27.23200,0.06561
27.23600,0.08867
27.24000,0.04776
27.24400,0.06496
27.24800,0.04784
27.25200,0.05243
27.25600,0.05614
27.26000,0.05104
27.26400,0.05899
27.26800,0.03579
27.27200,0.04966
27.27600,0.04099
27.28000,0.03024
27.28400,0.03938
27.28800,0.04369
27.29200,0.05067
27.29600,0.02333
27.30000,0.04893
27.30400,0.03213
27.30800,0.03833
27.31200,0.05820
27.31600,0.07639
27.32000,0.06046
27.32400,0.04549
27.32800,0.04667
27.33200,0.08162
27.33600,0.02393
27.34000,0.07807
27.34400,0.02667
27.34800,0.04373
27.35200,0.05722
27.35600,0.05216
27.36000,0.08911
27.36400,0.06655
27.36800,0.05617
27.37200,0.07603
27.37600,0.05842
27.38000,0.04234
27.38400,0.08057
27.38800,0.08876
27.39200,0.08548
27.39600,0.03896
27.40000,0.10117
27.40400,0.05848
27.40800,0.08516
27.41200,0.09799
27.41600,0.12664
27.42000,0.05532
27.42400,0.07484
27.42800,0.12663
27.43200,0.12268
27.43600,0.11674
27.44000,0.07542
27.44400,0.15019
27.44800,0.14572
27.45200,0.10426
27.45600,0.21154
27.46000,0.11172
27.46400,0.14865
27.46800,0.15589
27.47200,0.15479
27.47600,0.15751
27.48000,0.12883
27.48400,0.10707
27.48800,0.10807
27.49200,0.06473
27.49600,0.07561
27.50000,0.12861
27.50400,0.07009
27.50800,0.07665
27.51200,0.11108
27.51600,0.09141
27.52000,0.07079
27.52400,0.08109
27.52800,0.06025
27.53200,0.04702
27.53600,0.08385
27.54000,0.06667
27.54400,0.09520
27.54800,0.05874
27.55200,0.05660
27.55600,0.07074
27.56000,0.06037
27.56400,0.05808
27.56800,0.04682
27.57200,0.06940
27.57600,0.07084
27.58000,0.10048
27.58400,0.06420
27.58800,0.03035
27.59200,0.07372
27.59600,0.10894
27.60000,0.05400
27.60400,0.04363
27.60800,0.04972
27.61200,-0.01379
27.61600,0.02034
27.62000,0.00531
27.62400,-0.03463
27.62800,0.00753
27.63200,0.01187
27.63600,0.07380
27.64000,0.23637
27.64400,0.45943
27.64800,0.71360
27.65200,0.91833
27.65600,1.05102
27.66000,1.08219
27.66400,1.00704
27.66800,0.84418
27.67200,0.56712
27.67600,0.33177
27.68000,0.12902
27.68400,-0.05568
27.68800,-0.12821
27.69200,-0.12914
27.69600,-0.12024
27.70000,-0.08546
27.70400,-0.05113
27.70800,-0.00427
27.71200,0.06235
27.71600,0.07279
27.72000,0.02729
27.72400,0.06751
27.72800,0.07321
27.73200,0.07557
27.73600,0.05090
27.74000,0.07864
27.74400,0.08791
27.74800,0.07617
27.75200,0.10113
27.75600,0.05363
27.76000,0.07953
27.76400,0.11981
27.76800,0.13554
27.77200,0.13604
27.77600,0.14306
27.78000,0.16970
27.78400,0.20251
27.78800,0.21527
27.79200,0.21328
27.79600,0.22353
27.80000,0.27163
27.80400,0.27963
27.80800,0.30409
27.81200,0.29836
27.81600,0.30276
27.82000,0.33747
27.82400,0.33379
27.82800,0.37848
27.83200,0.37994
27.83600,0.32487
27.84000,0.38224
27.84400,0.39388
27.84800,0.38362
27.85200,0.34677
27.85600,0.32937
27.86000,0.35309
27.86400,0.33975
27.86800,0.30531
27.87200,0.26459
27.87600,0.23947
27.88000,0.25655
27.88400,0.21697
27.88800,0.20209
27.89200,0.20697
27.89600,0.20253
27.90000,0.12626
27.90400,0.13968
27.90800,0.16561
27.91200,0.12792
27.91600,0.11199
27.92000,0.12248
27.92400,0.08009
27.92800,0.07209
27.93200,0.09108
27.93600,0.11680
27.94000,0.10244
27.94400,0.07943
27.94800,0.09699
27.95200,0.06719
27.95600,0.05059
27.96000,0.03977
27.96400,0.07699
27.96800,0.08861
27.97200,0.07777
27.97600,0.06933
27.98000,0.06190
27.98400,0.09089
27.98800,0.06846
27.99200,0.04103
27.99600,0.09605
28.00000,0.05634
28.00400,0.07667
28.00800,0.06899
28.01200,0.08956
28.01600,0.07365
28.02000,0.09284
28.02400,0.07284
28.02800,0.05961
28.03200,0.05866
28.03600,0.08134
28.04000,0.05227
28.04400,0.08668
28.04800,0.06371
28.05200,0.05012
28.05600,0.05118
28.06000,0.06539
28.06400,0.10285
28.06800,0.08326
28.07200,0.06842
28.07600,0.05020
28.08000,0.10525
28.08400,0.06239
28.08800,0.06775
28.09200,0.05938
28.09600,0.09377
28.10000,0.07103
28.10400,0.05852
28.10800,0.07105
28.11200,0.04776
28.11600,0.04657
28.12000,0.06401
28.12400,0.01055
28.12800,0.09004
28.13200,0.10597
28.13600,0.04504
28.14000,0.06396
28.14400,0.03573
28.14800,0.06993
28.15200,0.07063
28.15600,0.08092
28.16000,0.04015
28.16400,0.05437
28.16800,0.05340
28.17200,0.06115
28.17600,0.11066
28.18000,0.06185
28.18400,0.06487
28.18800,0.05558
28.19200,0.08106
28.19600,0.11571
28.20000,0.08801
28.20400,0.09523
28.20800,0.04397
28.21200,0.08568
28.21600,0.06533
28.22000,0.08924
28.22400,0.08529
28.22800,0.07729
28.23200,0.03143
28.23600,0.06680
28.24000,0.05425
28.24400,0.07272
28.24800,0.06454
28.25200,0.08428
28.25600,0.03209
28.26000,0.04885
28.26400,0.06179
28.26800,0.06944
28.27200,0.05507
28.27600,0.06230
28.28000,0.06382
28.28400,0.08317
28.28800,0.06022
28.29200,0.06706
28.29600,0.02650
28.30000,0.01056
28.30400,0.03316
28.30800,0.06874
28.31200,0.01634
28.31600,0.06948
28.32000,0.05939
28.32400,0.06120
28.32800,0.04669
28.33200,0.05265
28.33600,0.07715
28.34000,0.06787
28.34400,0.06041
28.34800,0.05154
28.35200,0.06574
28.35600,0.08572
28.36000,0.06307
28.36400,0.05790
28.36800,0.04433
28.37200,0.07261
28.37600,0.05681
28.38000,0.05181
28.38400,0.10355
28.38800,0.08167
28.39200,0.06239
28.39600,0.09740
28.40000,0.15720
28.40400,0.12829
28.40800,0.11305
28.41200,0.12484
28.41600,0.16636
28.42000,0.16378
28.42400,0.16105
28.42800,0.15154
28.43200,0.16100
28.43600,0.17571
28.44000,0.14716
28.44400,0.12530
28.44800,0.09133
28.45200,0.11769
28.45600,0.13020
28.46000,0.10335
28.46400,0.05805
28.46800,0.07964
28.47200,0.09591
28.47600,0.05335
28.48000,0.07201
28.48400,0.08337
28.48800,0.08967
28.49200,0.02470
28.49600,0.02059
28.50000,0.06148
28.50400,0.06734
28.50800,0.04610
28.51200,0.05230
28.51600,0.04437
28.52000,0.07574
28.52400,0.00834
28.52800,0.05668
28.53200,0.02626
28.53600,0.03791
28.54000,0.02083
28.54400,0.03289
28.54800,0.05007
28.55200,0.05076
28.55600,0.08498
28.56000,0.04458
28.56400,0.05394
28.56800,0.05047
28.57200,0.04190
28.57600,0.05464
28.58000,0.01281
28.58400,-0.00520
28.58800,-0.02478
28.59200,-0.02149
28.59600,0.00975
28.60000,0.11119
28.60400,0.23204
28.60800,0.42924
28.61200,0.65565
28.61600,0.88897
28.62000,1.01781
28.62400,1.09029
28.62800,0.98013
28.63200,0.81779
28.63600,0.59370
28.64000,0.30647
28.64400,0.08637
28.64800,-0.08349
28.65200,-0.12480
28.65600,-0.16067
28.66000,-0.12577
28.66400,-0.11958
28.66800,-0.05446
28.67200,0.00830
28.67600,0.00941
28.68000,0.01480
28.68400,0.00798
28.68800,0.04088
28.69200,0.05855
28.69600,0.06049
28.70000,0.02942
28.70400,0.03417
28.70800,0.03866
28.71200,0.04204
28.71600,0.06184
28.72000,0.07866
28.72400,0.11863
28.72800,0.09304
28.73200,0.12762
28.73600,0.07746
28.74000,0.15290
28.74400,0.15195
28.74800,0.15984
28.75200,0.18342
28.75600,0.19624
28.76000,0.23934
28.76400,0.23537
28.76800,0.20303
28.77200,0.22035
28.77600,0.30333
28.78000,0.28539
28.78400,0.32703
28.78800,0.30612
28.79200,0.30954
28.79600,0.32270
28.80000,0.33987
28.80400,0.33857
28.80800,0.32089
28.81200,0.33900
28.81600,0.33305
28.82000,0.29263
28.82400,0.27632
28.82800,0.24512
28.83200,0.26176
28.83600,0.25079
28.84000,0.21884
28.84400,0.20226
28.84800,0.19311
28.85200,0.17826
28.85600,0.17151
28.86000,0.16015
28.86400,0.13687
28.86800,0.13608
28.87200,0.08189
28.87600,0.10137
28.88000,0.08645
28.88400,0.04946
28.88800,0.04891
28.89200,0.06436
28.89600,0.05143
28.90000,0.02039
28.90400,0.03036
28.90800,0.06817
28.91200,0.05204
28.91600,0.03484
28.92000,0.05810
28.92400,0.01213
28.92800,0.02552
28.93200,0.04690
28.93600,0.02055
28.94000,0.00445
28.94400,0.03756
28.94800,0.05717
28.95200,-0.02503
28.95600,0.02777
28.96000,-0.00032
28.96400,0.01815
28.96800,-0.00417
28.97200,0.07483
28.97600,0.00969
28.98000,0.02372
28.98400,0.00862
28.98800,0.00272
28.99200,0.01302
28.99600,0.02582
29.00000,0.05607
29.00400,0.02683
29.00800,0.05182
29.01200,-0.00046
29.01600,0.02173
29.02000,0.01140
29.02400,-0.01119
29.02800,0.09315
29.03200,0.01440
29.03600,0.02375
29.04000,0.00375
29.04400,0.00698
29.04800,-0.00237
29.05200,0.03806
29.05600,0.00956
29.06000,0.01437
29.06400,0.02053
29.06800,-0.00755
29.07200,0.02100
29.07600,0.01274
29.08000,0.02465
29.08400,0.00795
29.08800,0.01605
29.09200,0.02524
29.09600,0.03382
29.10000,0.00083
29.10400,0.03338
29.10800,-0.00559
29.11200,0.00988
29.11600,0.01591
29.12000,0.01592
29.12400,-0.03658
29.12800,-0.00683
29.13200,0.00858
29.13600,0.03021
29.14000,-0.00225
29.14400,0.04125
29.14800,-0.02452
29.15200,0.01235
29.15600,0.02122
29.16000,0.01063
29.16400,0.01523
29.16800,0.02819
29.17200,-0.00647
29.17600,0.02083
29.18000,0.02992
29.18400,0.00403
29.18800,-0.03740
29.19200,-0.01545
29.19600,-0.00908
29.20000,-0.01338
29.20400,0.01578
29.20800,-0.00892
29.21200,0.05572
29.21600,0.01771
29.22000,-0.01964
29.22400,0.00024
29.22800,0.03583
29.23200,0.01880
29.23600,-0.01505
29.24000,0.02527
29.24400,-0.00484
29.24800,0.04803
29.25200,-0.00690
29.25600,0.01553
29.26000,0.01463
29.26400,-0.00558
29.26800,-0.00010
29.27200,0.02557
29.27600,0.01224
29.28000,0.00094
29.28400,0.01065
29.28800,0.03615
29.29200,0.01976
29.29600,0.01048
29.30000,0.00733
29.30400,-0.03036
29.30800,0.00296
29.31200,-0.00960
29.31600,0.01423
29.32000,-0.01249
29.32400,0.00810
29.32800,-0.02180
29.33200,0.01641
29.33600,-0.01593
29.34000,-0.00236
29.34400,0.00936
29.34800,-0.00871
29.35200,-0.00243
29.35600,0.01813
29.36000,0.03187
29.36400,-0.03900
29.36800,-0.02141
29.37200,0.00956
29.37600,0.01459
29.38000,-0.01353
29.38400,-0.00239
29.38800,-0.00808
29.39200,0.04086
29.39600,-0.00774
29.40000,-0.02667
29.40400,-0.03278
29.40800,-0.02573
29.41200,0.02752
29.41600,-0.00281
29.42000,0.04749
29.42400,0.02675
29.42800,0.02801
29.43200,0.04060
29.43600,0.05185
29.44000,0.06349
29.44400,0.03545
29.44800,0.05302
29.45200,0.06183
29.45600,0.08212
29.46000,0.08075
29.46400,0.06484
29.46800,0.07650
29.47200,0.12401
29.47600,0.12668
29.48000,0.06171
29.48400,0.07827
29.48800,0.06092
29.49200,0.03514
29.49600,0.05605
29.50000,0.03102
29.50400,0.05652
29.50800,0.02469
29.51200,0.00273
29.51600,-0.04909
29.52000,-0.00337
29.52400,0.01183
29.52800,-0.02178
29.53200,0.00772
29.53600,0.00222
29.54000,-0.04729
29.54400,-0.01710
29.54800,-0.00750
29.55200,0.00060
29.55600,-0.01162
29.56000,-0.01529
29.56400,-0.02212
29.56800,-0.02126
29.57200,-0.01568
29.57600,-0.03698
29.58000,-0.00352
29.58400,-0.02285
29.58800,-0.00634
29.59200,-0.02690
29.59600,-0.00908
29.60000,-0.01514
29.60400,-0.00090
29.60800,-0.01116
29.61200,-0.00546
29.61600,-0.03385
29.62000,-0.04269
29.62400,-0.06245
29.62800,-0.10027
29.63200,-0.09236
29.63600,-0.06738
29.64000,-0.04122
29.64400,0.00753
29.64800,0.17034
29.65200,0.37552
29.65600,0.56258
29.66000,0.81379
29.66400,0.96650
29.66800,1.01953
29.67200,0.92941
29.67600,0.70275
29.68000,0.44911
29.68400,0.27418
29.68800,0.01341
29.69200,-0.10194
29.69600,-0.18121
29.70000,-0.22596
29.70400,-0.23297
29.70800,-0.14627
29.71200,-0.13205
29.71600,-0.08357
29.72000,-0.05556
29.72400,-0.02636
29.72800,-0.01274
29.73200,-0.05334
29.73600,-0.04848
29.74000,-0.01469
29.74400,-0.01449
29.74800,0.00372
29.75200,-0.01074
29.75600,-0.00736
29.76000,0.04142
29.76400,0.03479
29.76800,0.03784
29.77200,0.04403
29.77600,0.01786
29.78000,0.04289
29.78400,0.05571
29.78800,0.04927
29.79200,0.06878
29.79600,0.10519
29.80000,0.09507
29.80400,0.14733
29.80800,0.16390
29.81200,0.16789
29.81600,0.18345
29.82000,0.21883
29.82400,0.23198
29.82800,0.24375
29.83200,0.22445
29.83600,0.22618
29.84000,0.30568
29.84400,0.25672
29.84800,0.26375
29.85200,0.23324
29.85600,0.24896
29.86000,0.24279
29.86400,0.26294
29.86800,0.18269
29.87200,0.19297
29.87600,0.19649
29.88000,0.17785
29.88400,0.15429
29.88800,0.14264
29.89200,0.10187
29.89600,0.12034
29.90000,0.12138
29.90400,0.08436
29.90800,0.05539
29.91200,0.07673
29.91600,0.04866
29.92000,0.00725
29.92400,0.00602
29.92800,-0.00356
29.93200,-0.00011
29.93600,0.01811
29.94000,-0.02520
29.94400,-0.01877
29.94800,-0.01746
29.95200,-0.04622
29.95600,-0.03473
29.96000,-0.01528
29.96400,-0.00658
29.96800,-0.06709
29.97200,-0.01727
29.97600,-0.03777
29.98000,-0.00720
29.98400,-0.02096
29.98800,0.00533
29.99200,-0.02782
29.99600,-0.04201
30.00000,-0.05078
30.00400,-0.06291
30.00800,-0.02390
30.01200,-0.02477
30.01600,-0.01901
30.02000,-0.02833
30.02400,-0.06481
30.02800,-0.04356
30.03200,-0.04043
30.03600,-0.03263
30.04000,-0.02084
30.04400,-0.00801
30.04800,-0.03055
30.05200,-0.07705
30.05600,-0.05646
30.06000,-0.07871
30.06400,-0.05165
30.06800,-0.06045
30.07200,-0.03219
30.07600,-0.04136
30.08000,-0.01520
30.08400,-0.01589
30.08800,-0.04629
30.09200,-0.01877
30.09600,-0.03731
30.10000,-0.02867
30.10400,-0.01133
30.10800,-0.06059
30.11200,-0.03933
30.11600,-0.00770
30.12000,-0.05322
30.12400,-0.03408
30.12800,-0.03584
30.13200,-0.04676
30.13600,-0.06433
30.14000,-0.05232
30.14400,-0.05813
30.14800,-0.01759
30.15200,-0.03418
30.15600,-0.02529
30.16000,-0.06260
30.16400,-0.02946
30.16800,-0.03665
30.17200,-0.01884
30.17600,-0.05381
30.18000,-0.02374
30.18400,-0.01295
30.18800,-0.00432
30.19200,-0.05829
30.19600,-0.06233
30.20000,-0.06896
30.20400,-0.02131
30.20800,-0.02876
30.21200,-0.03376
30.21600,-0.05759
30.22000,-0.01592
30.22400,-0.00930
30.22800,-0.04157
30.23200,-0.04332
30.23600,-0.01754
30.24000,-0.03121
30.24400,-0.01465
30.24800,-0.04923
30.25200,-0.03469
30.25600,-0.04811
30.26000,-0.05282
30.26400,-0.04747
30.26800,-0.04734
30.27200,-0.03192
30.27600,-0.04789
30.28000,-0.04060
30.28400,-0.05803
30.28800,-0.06615
30.29200,-0.01397
30.29600,-0.06156
30.30000,-0.00652
30.30400,-0.02403
30.30800,-0.08775
30.31200,-0.05511
30.31600,-0.05091
30.32000,-0.04234
30.32400,-0.04634
30.32800,-0.05473
30.33200,-0.01820
30.33600,-0.04554
30.34000,-0.02407
30.34400,-0.05660
30.34800,-0.05685
30.35200,-0.01714
30.35600,-0.04884
30.36000,-0.06477
30.36400,-0.04653
30.36800,-0.02239
30.37200,-0.04586
30.37600,-0.05621
30.38000,-0.02875
30.38400,-0.02084
30.38800,-0.04239
30.39200,-0.04209
30.39600,-0.03976
30.40000,0.02458
30.40400,-0.02664
30.40800,0.01773
30.41200,-0.01176
30.41600,0.00766
30.42000,-0.03125
30.42400,0.02206
30.42800,0.02912
30.43200,0.03067
30.43600,0.03640
30.44000,0.02360
30.44400,0.02454
30.44800,0.05842
30.45200,0.04122
30.45600,0.04830
30.46000,0.04056
30.46400,0.02650
30.46800,0.01312
30.47200,0.05422
30.47600,-0.01360
30.48000,-0.01117
30.48400,-0.01569
30.48800,-0.04016
30.49200,-0.04312
30.49600,-0.01280
30.50000,-0.01563
30.50400,-0.03488
30.50800,0.02402
30.51200,-0.02573
30.51600,-0.01891
30.52000,-0.06017
30.52400,-0.02344
30.52800,-0.01236
30.53200,-0.05304
30.53600,-0.01043
30.54000,-0.06181
30.54400,-0.06820
30.54800,-0.04697
30.55200,-0.06194
30.55600,-0.03361
30.56000,-0.06788
30.56400,-0.04464
30.56800,-0.08462
30.57200,-0.04704
30.57600,-0.02602
30.58000,-0.05203
30.58400,-0.04144
30.58800,-0.02757
30.59200,-0.07403
30.59600,-0.08416
30.60000,-0.06836
30.60400,-0.07994
30.60800,-0.10873
30.61200,-0.13684
30.61600,-0.09284
30.62000,-0.10686
30.62400,-0.00810
30.62800,0.13645
30.63200,0.34784
30.63600,0.55378
30.64000,0.76419
30.64400,0.97329
30.64800,0.96187
30.65200,0.91397
30.65600,0.70811
30.66000,0.45367
30.66400,0.20840
30.66800,-0.00934
30.67200,-0.14639
30.67600,-0.28156
30.68000,-0.25326
30.68400,-0.23384
30.68800,-0.21702
30.69200,-0.16350
30.69600,-0.07259
30.70000,-0.05276
30.70400,-0.05678
30.70800,-0.05203
30.71200,-0.05501
30.71600,-0.01688
30.72000,-0.04972
30.72400,-0.05415
30.72800,-0.02132
30.73200,-0.05013
30.73600,-0.04209
30.74000,0.00734
30.74400,-0.04631
30.74800,-0.00868
30.75200,0.00360
30.75600,0.01642
30.76000,-0.00585
30.76400,0.03082
30.76800,0.04269
30.77200,0.10238
30.77600,0.10023
30.78000,0.08288
30.78400,0.13258
30.78800,0.14659
30.79200,0.14951
30.79600,0.16472
30.80000,0.18102
30.80400,0.17173
30.80800,0.20397
30.81200,0.24697
30.81600,0.26647
30.82000,0.28217
30.82400,0.24257
30.82800,0.26362
30.83200,0.20289
30.83600,0.24015
30.84000,0.21345
30.84400,0.24453
30.84800,0.18364
30.85200,0.18132
30.85600,0.16445
30.86000,0.17692
30.86400,0.16761
30.86800,0.11502
30.87200,0.15013
30.87600,0.10035
30.88000,0.06366
30.88400,0.07059
30.88800,0.04813
30.89200,0.05089
30.89600,0.02841
30.90000,0.05360
30.90400,0.02308
30.90800,-0.02103
30.91200,-0.00068
30.91600,-0.00737
30.92000,-0.04739
30.92400,-0.04706
30.92800,-0.05178
30.93200,-0.08767
30.93600,-0.02900
30.94000,-0.04751
30.94400,-0.02077
30.94800,-0.05693
30.95200,-0.04541
30.95600,-0.03316
30.96000,-0.02919
30.96400,-0.04208
30.96800,-0.06906
30.97200,-0.00541
30.97600,-0.03219
30.98000,-0.02230
30.98400,-0.01777
30.98800,-0.02162
30.99200,-0.04137
30.99600,-0.04008
31.00000,-0.03722
31.00400,-0.07915
31.00800,-0.03372
31.01200,-0.06875
31.01600,-0.04141
31.02000,-0.06951
31.02400,-0.03573
31.02800,-0.05920
31.03200,-0.00117
31.03600,-0.04584
31.04000,-0.03984
31.04400,-0.06753
31.04800,-0.05539
31.05200,-0.05083
31.05600,-0.05542
31.06000,-0.05832
31.06400,-0.06691
31.06800,-0.03472
31.07200,-0.05735
31.07600,-0.06586
31.08000,-0.04278
31.08400,-0.06583
31.08800,-0.05334
31.09200,-0.05993
31.09600,-0.06801
31.10000,-0.05432
31.10400,-0.06605
31.10800,-0.07461
31.11200,-0.04316
31.11600,-0.05577
31.12000,-0.07858
31.12400,-0.05773
31.12800,-0.04644
31.13200,-0.04153
31.13600,-0.04282
31.14000,-0.04499
31.14400,-0.03850
31.14800,-0.05975
31.15200,-0.06571
31.15600,-0.03795
31.16000,-0.05817
31.16400,-0.04987
31.16800,-0.03751
31.17200,-0.03158
31.17600,-0.02639
31.18000,-0.06366
31.18400,-0.05746
31.18800,-0.03917
31.19200,-0.07817
31.19600,-0.07496
31.20000,-0.03845
31.20400,-0.06226
31.20800,-0.06829
31.21200,-0.03436
31.21600,-0.03997
31.22000,-0.03211
31.22400,-0.05679
31.22800,-0.05590
31.23200,-0.05697
31.23600,-0.04438
31.24000,-0.08991
31.24400,-0.06388
31.24800,-0.03661
31.25200,-0.06562
31.25600,-0.05166
31.26000,-0.04781
31.26400,-0.04028
31.26800,-0.05964
31.27200,-0.07246
31.27600,-0.00111
31.28000,-0.06432
31.28400,-0.01652
31.28800,-0.08446
31.29200,-0.04778
31.29600,-0.05368
31.30000,-0.01204
31.30400,-0.00921
31.30800,-0.02862
31.31200,-0.06644
31.31600,-0.06054
31.32000,-0.05700
31.32400,-0.04902
31.32800,-0.02958
31.33200,-0.04458
31.33600,-0.02749
31.34000,0.01407
31.34400,0.02157
31.34800,-0.03358
31.35200,-0.00594
31.35600,0.01493
31.36000,0.05618
31.36400,0.03226
31.36800,0.08164
31.37200,0.05555
31.37600,0.07740
31.38000,0.03148
31.38400,0.03847
31.38800,0.05882
31.39200,0.04208
31.39600,-0.01446
31.40000,0.00723
31.40400,0.00660
31.40800,0.00581
31.41200,-0.02737
31.41600,0.01114
31.42000,-0.02609
31.42400,-0.00650
31.42800,-0.03090
31.43200,-0.04071
31.43600,-0.05096
31.44000,-0.06936
31.44400,-0.03082
31.44800,-0.03418
31.45200,-0.03094
31.45600,-0.05715
31.46000,-0.06967
31.46400,-0.05758
31.46800,-0.05628
31.47200,-0.05058
31.47600,-0.03088
31.48000,-0.06808
31.48400,-0.05978
31.48800,-0.03699
31.49200,-0.03244
31.49600,-0.00740
31.50000,-0.03986
31.50400,-0.06688
31.50800,-0.07093
31.51200,-0.06665
31.51600,-0.05130
31.52000,-0.05133
31.52400,-0.06382
31.52800,-0.08539
31.53200,-0.09240
31.53600,-0.10845
31.54000,-0.10928
31.54400,-0.11828
31.54800,-0.10293
31.55200,-0.02891
31.55600,0.16338
31.56000,0.32889
31.56400,0.55626
31.56800,0.77674
31.57200,0.95288
31.57600,0.96943
31.58000,0.89899
31.58400,0.70374
31.58800,0.47188
31.59200,0.18701
31.59600,-0.00273
31.60000,-0.13507
31.60400,-0.21041
31.60800,-0.24321
31.61200,-0.23170
31.61600,-0.16987
31.62000,-0.14407
31.62400,-0.09334
31.62800,-0.11477
31.63200,-0.09266
31.63600,-0.04280
31.64000,-0.05618
31.64400,-0.05450
31.64800,-0.06123
31.65200,-0.01045
31.65600,-0.05966
31.66000,-0.03050
31.66400,-0.05527
31.66800,-0.02604
31.67200,0.02711
31.67600,0.03911
31.68000,-0.00965
31.68400,-0.00962
31.68800,0.05292
31.69200,0.01751
31.69600,0.01355
31.70000,0.07038
31.70400,0.05875
31.70800,0.06861
31.71200,0.13644
31.71600,0.11874
31.72000,0.13041
31.72400,0.17233
31.72800,0.18214
31.73200,0.22385
31.73600,0.21766
31.74000,0.25948
31.74400,0.25998
31.74800,0.28039
31.75200,0.27145
31.75600,0.25291
31.76000,0.26038
31.76400,0.24609
31.76800,0.20808
31.77200,0.20557
31.77600,0.23058
31.78000,0.15604
31.78400,0.17042
31.78800,0.14456
31.79200,0.15055
31.79600,0.11363
31.80000,0.12044
31.80400,0.09424
31.80800,0.07167
31.81200,0.04819
31.81600,0.00638
31.82000,0.03716
31.82400,-0.00219
31.82800,0.00599
31.83200,0.00872
31.83600,0.01364
31.84000,-0.00100
31.84400,0.00826
31.84800,-0.05375
31.85200,-0.01719
31.85600,-0.00393
31.86000,-0.02918
31.86400,-0.06095
31.86800,-0.03327
31.87200,-0.05277
31.87600,-0.05616
31.88000,-0.02403
31.88400,-0.04845
31.88800,-0.06730
31.89200,-0.05894
31.89600,-0.00818
31.90000,-0.06257
31.90400,-0.03331
31.90800,-0.04265
31.91200,-0.02379
31.91600,-0.05157
31.92000,-0.06463
31.92400,-0.05857
31.92800,-0.06614
31.93200,0.00486
31.93600,-0.04234
31.94000,-0.05203
31.94400,-0.02160
31.94800,-0.03277
31.95200,-0.04934
31.95600,-0.03330
31.96000,-0.04040
31.96400,-0.02327
31.96800,-0.01354
31.97200,-0.05128
31.97600,-0.04601
31.98000,-0.04854
31.98400,-0.02151
31.98800,-0.03730
31.99200,-0.02983
31.99600,-0.02705
32.00000,-0.05711
32.00400,-0.04194
32.00800,-0.01786
32.01200,-0.02621
32.01600,-0.02875
32.02000,-0.04958
32.02400,-0.05124
32.02800,-0.06065
32.03200,-0.04931
32.03600,-0.04497
32.04000,-0.07160
32.04400,-0.02082
32.04800,-0.05849
32.05200,-0.03843
32.05600,-0.03187
32.06000,-0.05392
32.06400,-0.07830
32.06800,-0.02407
32.07200,-0.03520
32.07600,-0.04766
32.08000,-0.02098
32.08400,-0.02503
32.08800,-0.06114
32.09200,-0.04387
32.09600,-0.07653
32.10000,-0.04722
32.10400,-0.01495
32.10800,-0.05825
32.11200,-0.02606
32.11600,-0.07109
32.12000,-0.04751
32.12400,-0.02301
32.12800,-0.00836
32.13200,-0.03232
32.13600,-0.02670
32.14000,-0.00738
32.14400,-0.08830
32.14800,-0.07404
32.15200,-0.00431
32.15600,0.00769
32.16000,-0.02906
32.16400,-0.03894
32.16800,-0.03534
32.17200,-0.03941
32.17600,-0.05201
32.18000,-0.04002
32.18400,-0.04230
32.18800,-0.02640
32.19200,-0.02645
32.19600,-0.02006
32.20000,-0.02798
32.20400,-0.05786
32.20800,-0.01216
32.21200,-0.09078
32.21600,-0.03653
32.22000,-0.03190
32.22400,-0.04872
32.22800,-0.00149
32.23200,-0.05917
32.23600,-0.06027
32.24000,-0.04715
32.24400,-0.02842
32.24800,-0.02074
32.25200,-0.03266
32.25600,-0.02070
32.26000,-0.04505
32.26400,-0.04066
32.26800,-0.02263
32.27200,-0.04697
32.27600,-0.01147
32.28000,-0.01632
32.28400,0.01270
32.28800,-0.01169
32.29200,0.00735
32.29600,0.01624
32.30000,0.03004
32.30400,0.02659
32.30800,0.04892
32.31200,0.03362
32.31600,0.07434
32.32000,0.07805
32.32400,0.06394
32.32800,0.05675
32.33200,0.03763
32.33600,0.02863
32.34000,0.03451
32.34400,0.01164
32.34800,-0.00296
32.35200,0.01368
32.35600,0.00191
32.36000,-0.01332
32.36400,-0.02739
32.36800,-0.01816
32.37200,-0.03445
32.37600,-0.03276
32.38000,-0.02291
32.38400,-0.01455
32.38800,-0.01463
32.39200,-0.04203
32.39600,-0.00698
32.40000,-0.05328
32.40400,-0.03405
32.40800,-0.00577
32.41200,0.01550
32.41600,-0.02824
32.42000,-0.03728
32.42400,-0.03763
32.42800,-0.05350
32.43200,-0.03287
32.43600,-0.03781
32.44000,-0.04425
32.44400,-0.00601
32.44800,-0.04445
32.45200,0.00367
32.45600,-0.01366
32.46000,-0.01858
32.46400,-0.04583
32.46800,-0.05032
32.47200,-0.08992
32.47600,-0.06105
32.48000,-0.08965
32.48400,-0.09063
32.48800,-0.10997
32.49200,-0.05445
32.49600,-0.01189
32.50000,0.11537
32.50400,0.36337
32.50800,0.60443
32.51200,0.74042
32.51600,0.97992
32.52000,0.99314
32.52400,0.91705
32.52800,0.70339
32.53200,0.46619
32.53600,0.24550
32.54000,0.00443
32.54400,-0.13021
32.54800,-0.21087
32.55200,-0.19080
32.55600,-0.19406
32.56000,-0.19955
32.56400,-0.14070
32.56800,-0.11594
32.57200,-0.09113
32.57600,-0.05749
32.58000,-0.00983
32.58400,-0.02259
32.58800,-0.00528
32.59200,-0.01757
32.59600,-0.01963
32.60000,-0.00670
32.60400,-0.00553
32.60800,0.03763
32.61200,0.04103
32.61600,0.01992
32.62000,0.03231
32.62400,-0.00911
32.62800,0.03751
32.63200,0.09744
32.63600,0.04894
32.64000,0.09410
32.64400,0.11764
32.64800,0.10261
32.65200,0.12358
32.65600,0.13691
32.66000,0.17973
32.66400,0.18290
32.66800,0.22978
32.67200,0.24061
32.67600,0.23374
32.68000,0.29833
32.68400,0.25480
32.68800,0.25884
32.69200,0.27382
32.69600,0.26581
32.70000,0.27669
32.70400,0.28194
32.70800,0.29657
32.71200,0.24154
32.71600,0.23569
32.72000,0.23561
32.72400,0.23100
32.72800,0.22991
32.73200,0.18943
32.73600,0.21610
32.74000,0.15906
32.74400,0.14695
32.74800,0.13488
32.75200,0.13932
32.75600,0.10667
32.76000,0.08624
32.76400,0.06177
32.76800,0.06286
32.77200,0.05649
32.77600,0.03193
32.78000,0.03003
32.78400,-0.01266
32.78800,0.00680
32.79200,0.03459
32.79600,0.03516
32.80000,0.00271
32.80400,-0.04005
32.80800,0.03482
32.81200,-0.00538
32.81600,0.04621
32.82000,-0.01214
32.82400,0.01441
32.82800,-0.01710
32.83200,0.02094
32.83600,0.01682
32.84000,-0.02637
32.84400,0.01953
32.84800,0.04986
32.85200,-0.00945
32.85600,-0.02862
32.86000,0.00060
32.86400,-0.01246
32.86800,-0.03314
32.87200,-0.02453
32.87600,0.00100
32.88000,-0.03319
32.88400,0.01764
32.88800,0.00558
32.89200,-0.00611
32.89600,0.02457
32.90000,-0.01993
32.90400,0.01126
32.90800,-0.02767
32.91200,-0.00779
32.91600,0.01134
32.92000,-0.01130
32.92400,-0.00265
32.92800,0.01223
32.93200,0.02948
32.93600,0.02545
32.94000,0.00953
32.94400,-0.00429
32.94800,-0.02665
32.95200,0.03463
32.95600,0.03794
32.96000,-0.03992
32.96400,0.01915
32.96800,0.00163
32.97200,0.01657
32.97600,0.00915
32.98000,-0.00023
32.98400,0.00352
32.98800,0.00334
32.99200,0.02677
32.99600,-0.00040
33.00000,-0.00583
33.00400,0.01781
33.00800,0.01780
33.01200,0.01416
33.01600,0.01138
33.02000,0.03474
33.02400,0.02809
33.02800,0.01101
33.03200,0.00294
33.03600,0.02022
33.04000,-0.02871
33.04400,-0.00197
33.04800,-0.00555
33.05200,0.01197
33.05600,0.00129
33.06000,0.05667
33.06400,0.02367
33.06800,0.01758
33.07200,0.05362
33.07600,0.01035
33.08000,0.00429
33.08400,0.03468
33.08800,0.02719
33.09200,0.02936
33.09600,0.03516
33.10000,0.00514
33.10400,-0.00060
33.10800,-0.00114
33.11200,0.01483
33.11600,0.03259
33.12000,-0.00703
33.12400,0.00359
33.12800,-0.01202
33.13200,0.05294
33.13600,0.03012
33.14000,0.01926
33.14400,-0.00851
33.14800,-0.00419
33.15200,0.00318
33.15600,0.01685
33.16000,-0.00837
33.16400,0.01242
33.16800,0.04062
33.17200,0.01762
33.17600,0.01940
33.18000,-0.02233
33.18400,0.01277
33.18800,0.01572
33.19200,0.00518
33.19600,-0.00751
33.20000,0.01783
33.20400,0.00001
33.20800,0.00918
33.21200,-0.01039
33.21600,0.01860
33.22000,0.03840
33.22400,0.00471
33.22800,0.02787
33.23200,-0.00762
33.23600,0.03373
33.24000,0.03366
33.24400,0.01670
33.24800,0.04239
33.25200,0.01006
33.25600,0.02980
33.26000,0.06423
33.26400,0.03489
33.26800,0.01854
33.27200,0.06812
33.27600,0.06299
33.28000,0.05506
33.28400,0.03458
33.28800,0.04232
33.29200,0.05988
33.29600,0.12765
33.30000,0.11370
33.30400,0.09924
33.30800,0.14431
33.31200,0.15454
33.31600,0.11152
33.32000,0.13595
33.32400,0.09167
33.32800,0.12479
33.33200,0.14523
33.33600,0.07407
33.34000,0.09359
33.34400,0.07055
33.34800,0.07227
33.35200,0.06726
33.35600,0.06373
33.36000,0.06925
33.36400,0.05678
33.36800,0.06309
33.37200,0.05928
33.37600,0.05880
33.38000,0.02302
33.38400,0.04276
33.38800,0.02716
33.39200,0.01742
33.39600,0.07147
33.40000,0.03945
33.40400,0.03493
33.40800,-0.00698
33.41200,0.03002
33.41600,0.04958
33.42000,0.03105
33.42400,0.02441
33.42800,0.06377
33.43200,0.02949
33.43600,0.02961
33.44000,0.03412
33.44400,0.03190
33.44800,0.05681
33.45200,0.04701
33.45600,0.03324
33.46000,0.02472
33.46400,0.02088
33.46800,0.04735
33.47200,-0.00645
33.47600,-0.00551
33.48000,-0.06289
33.48400,-0.02433
33.48800,0.01567
33.49200,0.10802
33.49600,0.23020
33.50000,0.43202
33.50400,0.65624
33.50800,0.88852
33.51200,1.06139
33.51600,1.07067
33.52000,0.97081
33.52400,0.81153
33.52800,0.55001
33.53200,0.31111
33.53600,0.10050
33.54000,-0.05937
33.54400,-0.14969
33.54800,-0.15614
33.55200,-0.16880
33.55600,-0.10150
33.56000,-0.08179
33.56400,-0.01778
33.56800,0.00506
33.57200,0.01893
33.57600,0.01237
33.58000,0.04487
33.58400,0.03544
33.58800,0.04981
33.59200,0.06914
33.59600,0.07747
33.60000,0.03788
33.60400,0.08584
33.60800,0.09994
33.61200,0.10174
33.61600,0.09315
33.62000,0.09519
33.62400,0.14096
33.62800,0.11263
33.63200,0.10171
33.63600,0.14761
33.64000,0.16671
33.64400,0.15798
33.64800,0.17125
33.65200,0.25114
33.65600,0.23360
33.66000,0.26486
33.66400,0.25632
33.66800,0.25607
33.67200,0.29741
33.67600,0.34113
33.68000,0.31464
33.68400,0.30368
33.68800,0.34185
33.69200,0.34471
33.69600,0.35191
33.70000,0.33053
33.70400,0.34001
33.70800,0.32880
33.71200,0.34658
33.71600,0.32049
33.72000,0.32042
33.72400,0.28708
33.72800,0.22945
33.73200,0.21631
33.73600,0.24605
33.74000,0.23464
33.74400,0.21715
33.74800,0.18188
33.75200,0.13218
33.75600,0.14281
33.76000,0.14612
33.76400,0.15232
33.76800,0.10788
33.77200,0.09419
33.77600,0.08106
33.78000,0.10855
33.78400,0.09958
33.78800,0.04272
33.79200,0.09685
33.79600,0.05227
33.80000,0.03819
33.80400,0.03441
33.80800,0.04881
33.81200,0.10626
33.81600,0.11059
33.82000,0.03644
33.82400,0.04643
33.82800,0.06244
33.83200,0.06713
33.83600,0.04999
33.84000,0.02795
33.84400,0.05124
33.84800,0.04569
33.85200,0.02500
33.85600,0.06201
33.86000,0.03149
33.86400,0.02556
33.86800,0.08884
33.87200,0.07812
33.87600,0.08781
33.88000,0.06237
33.88400,0.05253
33.88800,0.05867
33.89200,0.03456
33.89600,0.07512
33.90000,0.06618
33.90400,0.05500
33.90800,0.02553
33.91200,0.05907
33.91600,0.09273
33.92000,0.08982
33.92400,0.07863
33.92800,0.05492
33.93200,0.06479
33.93600,0.07290
33.94000,0.06616
33.94400,0.08279
33.94800,0.04994
33.95200,0.01728
33.95600,0.01654
33.96000,0.04507
33.96400,0.03673
33.96800,0.07609
33.97200,0.08405
33.97600,0.06336
33.98000,0.07400
33.98400,0.06510
33.98800,0.06726
33.99200,0.05462
33.99600,0.05642
34.00000,0.08730
34.00400,0.05924
34.00800,0.06348
34.01200,0.08748
34.01600,0.08371
34.02000,0.05732
34.02400,0.06965
34.02800,0.04566
34.03200,0.06749
34.03600,0.07126
34.04000,0.06508
34.04400,0.06854
34.04800,0.07242
34.05200,0.01715
34.05600,0.04938
34.06000,0.06725
34.06400,0.05605
34.06800,0.04750
34.07200,0.06120
34.07600,0.09694
34.08000,0.06155
34.08400,0.05386
34.08800,0.05679
34.09200,0.04369
34.09600,0.07580
34.10000,0.04776
34.10400,0.08428
34.10800,0.08418
34.11200,0.07782
34.11600,0.08681
34.12000,0.06509
34.12400,0.03337
34.12800,0.06564
34.13200,0.07942
34.13600,0.03683
34.14000,0.04391
34.14400,0.08855
34.14800,0.07582
34.15200,0.09359
34.15600,0.08032
34.16000,0.06867
34.16400,0.07587
34.16800,0.08407
34.17200,0.06721
34.17600,0.06347
34.18000,0.07386
34.18400,0.06150
34.18800,0.11414
34.19200,0.05278
34.19600,0.03896
34.20000,0.04257
34.20400,0.08817
34.20800,0.05998
34.21200,0.07122
34.21600,0.06378
34.22000,0.07357
34.22400,0.03967
34.22800,0.06997
34.23200,0.05693
34.23600,0.08930
34.24000,0.08050
34.24400,0.04457
34.24800,0.04987
34.25200,0.08034
34.25600,0.09317
34.26000,0.08569
34.26400,0.06904
34.26800,0.09547
34.27200,0.03031
34.27600,0.06972
34.28000,0.06506
34.28400,0.06998
34.28800,0.10713
34.29200,0.10934
34.29600,0.11795
34.30000,0.11943
34.30400,0.14352
34.30800,0.15623
34.31200,0.13859
34.31600,0.17567
34.32000,0.14516
34.32400,0.20117
34.32800,0.14280
34.33200,0.16174
34.33600,0.14210
34.34000,0.15838
34.34400,0.17547
34.34800,0.12664
34.35200,0.16605
34.35600,0.14903
34.36000,0.11979
34.36400,0.09252
34.36800,0.11362
34.37200,0.03450
34.37600,0.06895
34.38000,0.09833
34.38400,0.07538
34.38800,0.12176
34.39200,0.05851
34.39600,0.04499
34.40000,0.06526
34.40400,0.08027
34.40800,0.10180
34.41200,0.03438
34.41600,0.07104
34.42000,0.09246
34.42400,0.05453
34.42800,0.05910
34.43200,0.04384
34.43600,0.08260
34.44000,0.08374
34.44400,0.07909
34.44800,0.07219
34.45200,0.08670
34.45600,0.06477
34.46000,0.08098
34.46400,0.08220
34.46800,0.08994
34.47200,0.07115
34.47600,0.05646
34.48000,0.05756
34.48400,-0.00157
34.48800,-0.02446
34.49200,0.02740
34.49600,-0.00032
34.50000,0.00946
34.50400,0.09907
34.50800,0.24805
34.51200,0.44850
34.51600,0.66142
34.52000,0.91310
34.52400,1.01404
34.52800,1.14667
34.53200,0.99065
34.53600,0.85691
34.54000,0.58939
34.54400,0.28932
34.54800,0.08522
34.55200,-0.03828
34.55600,-0.11289
34.56000,-0.14817
34.56400,-0.12195
34.56800,-0.08207
34.57200,-0.06512
34.57600,-0.00440
34.58000,0.06779
34.58400,0.03055
34.58800,0.03637
34.59200,0.07642
34.59600,0.09445
34.60000,0.09181
34.60400,0.06218
34.60800,0.07588
34.61200,0.08519
34.61600,0.08123
34.62000,0.09868
34.62400,0.11824
34.62800,0.11527
34.63200,0.11277
34.63600,0.11923
34.64000,0.16934
34.64400,0.12299
34.64800,0.20001
34.65200,0.19031
34.65600,0.19357
34.66000,0.19462
34.66400,0.26267
34.66800,0.26854
34.67200,0.28051
34.67600,0.32119
34.68000,0.26172
34.68400,0.31492
34.68800,0.32070
34.69200,0.32485
34.69600,0.35003
34.70000,0.36644
34.70400,0.37034
34.70800,0.35892
34.71200,0.33369
34.71600,0.36636
34.72000,0.35976
34.72400,0.37956
34.72800,0.34384
34.73200,0.31173
34.73600,0.27263
34.74000,0.33178
34.74400,0.24694
34.74800,0.24609
34.75200,0.23845
34.75600,0.21589
34.76000,0.21470
34.76400,0.15204
34.76800,0.14311
34.77200,0.14626
34.77600,0.10545
34.78000,0.10648
34.78400,0.13536
34.78800,0.10524
34.79200,0.08948
34.79600,0.07402
34.80000,0.08037
34.80400,0.07442
34.80800,0.04974
34.81200,0.08364
34.81600,0.04009
34.82000,0.08877
34.82400,0.05499
34.82800,0.01571
34.83200,0.02871
34.83600,0.06445
34.84000,0.04069
34.84400,0.09324
34.84800,0.08420
34.85200,0.09827
34.85600,0.07389
34.86000,0.08286
34.86400,0.04376
34.86800,0.08146
34.87200,0.04668
34.87600,0.05442
34.88000,0.02803
34.88400,0.05616
34.88800,0.06257
34.89200,0.05346
34.89600,0.03234
34.90000,0.07220
34.90400,0.07196
34.90800,0.05225
34.91200,0.06908
34.91600,0.07314
34.92000,0.03371
34.92400,0.05260
34.92800,0.01599
34.93200,0.03246
34.93600,0.06098
34.94000,0.03519
34.94400,0.05992
34.94800,0.05937
34.95200,0.01089
34.95600,0.04223
34.96000,0.08151
34.96400,0.05177
34.96800,0.05350
34.97200,0.03715
34.97600,0.01890
34.98000,0.01921
34.98400,0.10737
34.98800,0.04672
34.99200,0.03267
34.99600,0.05222
35.00000,0.01111
35.00400,0.07741
35.00800,0.08320
35.01200,0.03433
35.01600,0.05523
35.02000,0.03098
35.02400,0.06548
35.02800,0.03178
35.03200,0.04521
35.03600,0.07410
35.04000,0.05808
35.04400,0.04124
35.04800,0.01709
35.05200,0.01565
35.05600,0.07080
35.06000,0.05716
35.06400,0.04765
35.06800,0.07157
35.07200,0.04903
35.07600,0.03170
35.08000,0.04364
35.08400,0.04385
35.08800,0.04506
35.09200,0.09505
35.09600,0.05647
35.10000,0.05044
35.10400,0.03954
35.10800,0.03104
35.11200,0.02436
35.11600,0.00672
35.12000,0.03457
35.12400,0.01350
35.12800,0.00644
35.13200,0.02465
35.13600,0.00253
35.14000,0.07040
35.14400,0.06736
35.14800,0.02326
35.15200,0.08294
35.15600,0.05537
35.16000,-0.00858
35.16400,0.04224
35.16800,0.02152
35.17200,0.00676
35.17600,0.03606
35.18000,0.06456
35.18400,0.05035
35.18800,0.01292
35.19200,0.02935
35.19600,0.02872
35.20000,0.06814
35.20400,0.04589
35.20800,0.03122
35.21200,0.03688
35.21600,0.02078
35.22000,0.04978
35.22400,0.09178
35.22800,0.04430
35.23200,0.09528
35.23600,0.09884
35.24000,0.12651
35.24400,0.09619
35.24800,0.14448
35.25200,0.16330
35.25600,0.18123
35.26000,0.10419
35.26400,0.13447
35.26800,0.12715
35.27200,0.12752
35.27600,0.09762
35.28000,0.12529
35.28400,0.14557
35.28800,0.11861
35.29200,0.06005
35.29600,0.05862
35.30000,0.07709
35.30400,0.05823
35.30800,0.03480
35.31200,0.07007
35.31600,0.05236
35.32000,0.05953
35.32400,0.03366
35.32800,0.06108
35.33200,0.02524
35.33600,0.01124
35.34000,0.03302
35.34400,0.00462
35.34800,0.05748
35.35200,0.04655
35.35600,-0.00194
35.36000,0.03481
35.36400,0.04834
35.36800,0.02377
35.37200,0.03923
35.37600,0.01882
35.38000,0.02907
35.38400,0.02837
35.38800,0.03964
35.39200,0.00996
35.39600,0.00596
35.40000,0.03330
35.40400,0.01305
35.40800,0.02682
35.41200,-0.00456
35.41600,-0.03653
35.42000,-0.01352
35.42400,-0.03755
35.42800,-0.02704
35.43200,-0.01621
35.43600,0.06426
35.44000,0.23673
35.44400,0.37384
35.44800,0.67126
35.45200,0.86435
35.45600,1.00586
35.46000,1.05365
35.46400,0.98344
35.46800,0.76875
35.47200,0.54143
35.47600,0.26288
35.48000,0.03114
35.48400,-0.07599
35.48800,-0.15723
35.49200,-0.16763
35.49600,-0.15233
35.50000,-0.11221
35.50400,-0.06857
35.50800,-0.06805
35.51200,0.00625
35.51600,0.05558
35.52000,0.00277
35.52400,-0.00364
35.52800,0.03987
35.53200,0.04782
35.53600,0.05239
35.54000,0.06607
35.54400,0.01087
35.54800,0.05062
35.55200,0.05742
35.55600,0.07955
35.56000,0.04376
35.56400,0.07077
35.56800,0.07257
35.57200,0.08800
35.57600,0.10074
35.58000,0.11449
35.58400,0.09697
35.58800,0.14785
35.59200,0.16683
35.59600,0.17540
35.60000,0.12982
35.60400,0.20506
35.60800,0.22337
35.61200,0.23586
35.61600,0.30098
35.62000,0.30150
35.62400,0.29106
35.62800,0.31664
35.63200,0.37759
35.63600,0.29635
35.64000,0.32657
35.64400,0.30340
35.64800,0.34055
35.65200,0.32566
35.65600,0.29075
35.66000,0.29325
35.66400,0.25050
35.66800,0.21874
35.67200,0.25029
35.67600,0.24840
35.68000,0.19098
35.68400,0.16824
35.68800,0.12479
35.69200,0.18669
35.69600,0.10286
35.70000,0.09214
35.70400,0.09348
35.70800,0.10895
35.71200,0.07404
35.71600,0.06242
35.72000,0.05423
35.72400,0.06323
35.72800,0.03877
35.73200,0.03719
35.73600,0.02782
35.74000,0.00317
35.74400,0.04929
35.74800,0.00584
35.75200,-0.00882
35.75600,0.00727
35.76000,0.01532
35.76400,0.03015
35.76800,-0.01677
35.77200,-0.01338
35.77600,0.01510
35.78000,0.01882
35.78400,-0.01135
35.78800,-0.01240
35.79200,0.01360
35.79600,0.00698
35.80000,-0.02290
35.80400,-0.00821
35.80800,0.03899
35.81200,-0.01227
35.81600,0.02987
35.82000,-0.02216
35.82400,0.03824
35.82800,0.04049
35.83200,-0.00469
35.83600,-0.00579
35.84000,0.02032
35.84400,-0.01739
35.84800,0.01840
35.85200,0.03170
35.85600,0.01226
35.86000,0.01335
35.86400,0.00345
35.86800,0.02666
35.87200,-0.01019
35.87600,0.03813
35.88000,0.00544
35.88400,-0.00077
35.88800,-0.02724
35.89200,-0.00342
35.89600,0.00998
35.90000,0.03010
35.90400,-0.02754
35.90800,0.00219
35.91200,-0.00926
35.91600,-0.01969
35.92000,0.00427
35.92400,-0.01122
35.92800,0.02133
35.93200,-0.05048
35.93600,0.01831
35.94000,-0.03490
35.94400,-0.03600
35.94800,0.01348
35.95200,-0.00398
35.95600,0.00527
35.96000,-0.01693
35.96400,-0.01875
35.96800,-0.01263
35.97200,0.00090
35.97600,-0.01506
35.98000,-0.00675
35.98400,-0.01578
35.98800,0.00604
35.99200,-0.02169
35.99600,-0.04080
36.00000,-0.05189
36.00400,0.00030
36.00800,0.00243
36.01200,0.01968
36.01600,-0.01470
36.02000,-0.02287
36.02400,-0.03008
36.02800,0.01495
36.03200,-0.01302
36.03600,0.01921
36.04000,-0.00238
36.04400,-0.00645
36.04800,-0.03847
36.05200,-0.01485
36.05600,0.01442
36.06000,-0.01381
36.06400,0.01189
36.06800,-0.03489
36.07200,0.01839
36.07600,0.05383
36.08000,0.02023
36.08400,0.00428
36.08800,-0.02687
36.09200,-0.01243
36.09600,-0.01457
36.10000,0.00306
36.10400,-0.04008
36.10800,-0.01519
36.11200,0.02041
36.11600,0.01068
36.12000,0.02681
36.12400,0.03432
36.12800,0.00059
36.13200,0.00404
36.13600,0.04886
36.14000,0.04940
36.14400,0.05982
36.14800,0.05129
36.15200,0.09679
36.15600,0.09380
36.16000,0.11247
36.16400,0.08603
36.16800,0.10816
36.17200,0.09165
36.17600,0.07008
36.18000,0.08132
36.18400,0.04190
36.18800,0.06252
36.19200,0.06001
36.19600,0.06057
36.20000,0.01600
36.20400,0.00172
36.20800,0.00591
36.21200,-0.02770
36.21600,-0.00482
36.22000,0.05635
36.22400,0.00322
36.22800,-0.01758
36.23200,-0.01799
36.23600,0.02971
36.24000,-0.03020
36.24400,-0.00984
36.24800,-0.00967
36.25200,-0.02320
36.25600,-0.02321
36.26000,-0.04269
36.26400,-0.02606
36.26800,0.01671
36.27200,0.01889
36.27600,-0.01534
36.28000,0.00430
36.28400,-0.00074
36.28800,-0.00792
36.29200,-0.01303
36.29600,0.01387
36.30000,0.00052
36.30400,-0.01622
36.30800,-0.01809
36.31200,0.00183
36.31600,-0.03544
36.32000,-0.04888
36.32400,-0.05560
36.32800,-0.07824
36.33200,-0.05722
36.33600,-0.07433
36.34000,-0.05073
36.34400,0.02128
36.34800,0.20040
36.35200,0.37718
36.35600,0.63893
36.36000,0.83294
36.36400,0.96355
36.36800,1.00164
36.37200,0.92664
36.37600,0.74883
36.38000,0.51287
36.38400,0.25289
36.38800,0.06094
36.39200,-0.14930
36.39600,-0.19724
36.40000,-0.24776
36.40400,-0.22259
36.40800,-0.17685
36.41200,-0.13579
36.41600,-0.10466
36.42000,-0.08679
36.42400,-0.01362
36.42800,-0.03035
36.43200,0.00296
36.43600,-0.03396
36.44000,-0.05509
36.44400,-0.01759
36.44800,0.01507
36.45200,-0.01019
36.45600,0.01331
36.46000,-0.01098
36.46400,0.04482
36.46800,0.03296
36.47200,0.05397
36.47600,0.03721
36.48000,0.07969
36.48400,0.06801
36.48800,0.07061
36.49200,0.08263
36.49600,0.11272
36.50000,0.11041
36.50400,0.12235
36.50800,0.16691
36.51200,0.19655
36.51600,0.19409
36.52000,0.23362
36.52400,0.26420
36.52800,0.22101
36.53200,0.26364
36.53600,0.24888
36.54000,0.26242
36.54400,0.28322
36.54800,0.23345
36.55200,0.29153
36.55600,0.29164
36.56000,0.27829
36.56400,0.27042
36.56800,0.28148
36.57200,0.22347
36.57600,0.23683
36.58000,0.22682
36.58400,0.18976
36.58800,0.12587
36.59200,0.14023
36.59600,0.11957
36.60000,0.07568
36.60400,0.09055
36.60800,0.09159
36.61200,0.05713
36.61600,0.04584
36.62000,0.06747
36.62400,0.01552
36.62800,0.00006
36.63200,0.01210
36.63600,0.02728
36.64000,0.01118
36.64400,-0.00386
36.64800,-0.01899
36.65200,0.01253
36.65600,0.00304
36.66000,-0.05151
36.66400,-0.01167
36.66800,-0.06784
36.67200,0.00938
36.67600,-0.00914
36.68000,-0.03467
36.68400,-0.04843
36.68800,-0.02898
36.69200,-0.05839
36.69600,-0.01222
36.70000,-0.03402
36.70400,-0.05946
36.70800,-0.02458
36.71200,-0.00060
36.71600,-0.04995
36.72000,-0.03176
36.72400,0.01164
36.72800,-0.02121
36.73200,-0.03617
36.73600,-0.02139
36.74000,-0.00967
36.74400,-0.04559
36.74800,-0.02754
36.75200,-0.05845
36.75600,-0.05761
36.76000,-0.05684
36.76400,-0.00918
36.76800,-0.02002
36.77200,-0.01168
36.77600,-0.00212
36.78000,-0.02570
36.78400,-0.02204
36.78800,-0.01877
36.79200,-0.01766
36.79600,-0.04849
36.80000,-0.03279
36.80400,-0.03047
36.80800,-0.02685
36.81200,-0.04273
36.81600,-0.03050
36.82000,-0.02220
36.82400,-0.02436
36.82800,-0.01640
36.83200,-0.01189
36.83600,-0.01731
36.84000,-0.00926
36.84400,-0.01189
36.84800,-0.00095
36.85200,-0.01642
36.85600,-0.04157
36.86000,0.01738
36.86400,-0.00680
36.86800,-0.00450
36.87200,-0.01505
36.87600,-0.02885
36.88000,-0.05288
36.88400,-0.02131
36.88800,-0.03733
36.89200,-0.03837
36.89600,-0.07331
36.90000,0.00045
36.90400,-0.05416
36.90800,-0.05292
36.91200,-0.02168
36.91600,-0.01977
36.92000,-0.04717
36.92400,-0.03156
36.92800,-0.02648
36.93200,-0.02853
36.93600,-0.02124
36.94000,-0.01640
36.94400,-0.03945
36.94800,-0.06471
36.95200,0.01102
36.95600,-0.04020
36.96000,-0.05248
36.96400,-0.01770
36.96800,-0.02114
36.97200,-0.04539
36.97600,0.01398
36.98000,-0.08045
36.98400,-0.00775
36.98800,-0.03432
36.99200,-0.02749
36.99600,-0.02744
37.00000,-0.03861
37.00400,-0.02769
37.00800,-0.06033
37.01200,-0.04232
37.01600,0.00264
37.02000,-0.08624
37.02400,-0.00987
37.02800,-0.07937
37.03200,-0.05154
37.03600,-0.01656
37.04000,-0.04192
37.04400,-0.04457
37.04800,-0.06190
37.05200,-0.03252
37.05600,-0.03128
37.06000,-0.03732
37.06400,-0.05161
37.06800,-0.01189
37.07200,-0.00018
37.07600,0.02180
37.08000,0.01774
37.08400,0.04712
37.08800,0.05018
37.09200,-0.02111
37.09600,0.07767
37.10000,0.04967
37.10400,0.03651
37.10800,0.06980
37.11200,0.08150
37.11600,0.02977
37.12000,0.03223
37.12400,0.06477
37.12800,0.03208
37.13200,0.06346
37.13600,0.02887
37.14000,0.00367
37.14400,-0.02141
37.14800,0.00851
37.15200,-0.04583
37.15600,-0.04414
37.16000,-0.04986
37.16400,0.00616
37.16800,0.00271
37.17200,-0.03861
37.17600,-0.04383
37.18000,-0.02352
37.18400,-0.01362
37.18800,-0.05555
37.19200,0.00432
37.19600,-0.04439
37.20000,-0.01781
37.20400,-0.08817
37.20800,-0.04199
37.21200,-0.05509
37.21600,-0.00142
37.22000,-0.04570
37.22400,-0.06710
37.22800,-0.00252
37.23200,-0.05557
37.23600,-0.04204
37.24000,-0.06729
37.24400,-0.02895
37.24800,-0.03948
37.25200,-0.05085
37.25600,-0.05664
37.26000,-0.06663
37.26400,-0.08055
37.26800,-0.10999
37.27200,-0.07567
37.27600,-0.09625
37.28000,-0.14102
37.28400,-0.10396
37.28800,0.00843
37.29200,0.18588
37.29600,0.33264
37.30000,0.55925
37.30400,0.77806
37.30800,0.94129
37.31200,0.97756
37.31600,0.92254
37.32000,0.73334
37.32400,0.47654
37.32800,0.24319
37.33200,-0.00676
37.33600,-0.16140
37.34000,-0.16956
37.34400,-0.28958
37.34800,-0.26479
37.35200,-0.24359
37.35600,-0.14708
37.36000,-0.13817
37.36400,-0.06651
37.36800,-0.11007
37.37200,-0.05818
37.37600,-0.05576
37.38000,-0.06497
37.38400,-0.01758
37.38800,-0.04515
37.39200,-0.02503
37.39600,-0.04103
37.40000,-0.02307
37.40400,-0.02982
37.40800,-0.01307
37.41200,-0.00916
37.41600,-0.01222
37.42000,0.02013
37.42400,0.01886
37.42800,0.01566
37.43200,0.02792
37.43600,0.07295
37.44000,0.10689
37.44400,0.07092
37.44800,0.10652
37.45200,0.14198
37.45600,0.17185
37.46000,0.18286
37.46400,0.16162
37.46800,0.20178
37.47200,0.23313
37.47600,0.23196
37.48000,0.23237
37.48400,0.22028
37.48800,0.25167
37.49200,0.24842
37.49600,0.24874
37.50000,0.27372
37.50400,0.25999
37.50800,0.21023
37.51200,0.21851
37.51600,0.19333
37.52000,0.18567
37.52400,0.19940
37.52800,0.16711
37.53200,0.13129
37.53600,0.09901
37.54000,0.09103
37.54400,0.08432
37.54800,0.05061
37.55200,0.06743
37.55600,0.03163
37.56000,-0.00532
37.56400,0.04803
37.56800,-0.06143
37.57200,-0.01747
37.57600,-0.02213
37.58000,-0.00635
37.58400,-0.00935
37.58800,-0.00700
37.59200,-0.00874
37.59600,-0.03675
37.60000,-0.04335
37.60400,-0.02717
37.60800,-0.04973
37.61200,-0.07578
37.61600,-0.06057
37.62000,-0.03891
37.62400,-0.04056
37.62800,-0.07552
37.63200,-0.02965
37.63600,-0.04777
37.64000,-0.08440
37.64400,-0.04506
37.64800,-0.03443
37.65200,-0.04407
37.65600,-0.06116
37.66000,-0.07114
37.66400,-0.03266
37.66800,-0.05074
37.67200,-0.05551
37.67600,-0.06352
37.68000,-0.07633
37.68400,-0.09338
37.68800,-0.06272
37.69200,-0.03364
37.69600,-0.04069
37.70000,-0.06980
37.70400,-0.02556
37.70800,-0.06088
37.71200,-0.07661
37.71600,-0.03685
37.72000,-0.02881
37.72400,-0.06451
37.72800,-0.08131
37.73200,-0.05817
37.73600,-0.10574
37.74000,-0.05600
37.74400,-0.02658
37.74800,-0.05175
37.75200,-0.07207
37.75600,-0.04319
37.76000,-0.06744
37.76400,-0.03218
37.76800,-0.06490
37.77200,-0.01684
37.77600,-0.06493
37.78000,-0.05412
37.78400,-0.07690
37.78800,-0.08382
37.79200,-0.05130
37.79600,-0.05125
37.80000,-0.07790
37.80400,-0.04720
37.80800,-0.06683
37.81200,-0.06972
37.81600,-0.06016
37.82000,-0.05086
37.82400,-0.04428
37.82800,-0.03410
37.83200,-0.05137
37.83600,-0.07370
37.84000,-0.07292
37.84400,-0.05182
37.84800,-0.08332
37.85200,-0.06282
37.85600,-0.06717
37.86000,-0.06151
37.86400,-0.05596
37.86800,-0.03877
37.87200,-0.02686
37.87600,-0.04206
37.88000,-0.03961
37.88400,-0.08140
37.88800,-0.03921
37.89200,-0.03405
37.89600,-0.08731
37.90000,-0.00948
37.90400,-0.07163
37.90800,-0.10814
37.91200,-0.02496
37.91600,-0.05915
37.92000,-0.07658
37.92400,-0.07205
37.92800,-0.03914
37.93200,-0.05550
37.93600,-0.06825
37.94000,-0.03767
37.94400,-0.07964
37.94800,-0.07792
37.95200,-0.07220
37.95600,-0.07598
37.96000,-0.04720
37.96400,-0.06570
37.96800,-0.08224
37.97200,-0.07039
37.97600,-0.10103
37.98000,-0.05791
37.98400,-0.05926
37.98800,-0.04909
37.99200,-0.06607
37.99600,-0.05336
38.00000,-0.08008
38.00400,-0.06079
38.00800,-0.05807
38.01200,-0.08536
38.01600,-0.04887
38.02000,-0.05719
38.02400,-0.05817
38.02800,-0.06752
38.03200,-0.01598
38.03600,-0.05362
38.04000,-0.06569
38.04400,-0.06304
38.04800,-0.02875
38.05200,-0.03828
38.05600,-0.04226
38.06000,-0.03236
38.06400,0.01017
38.06800,0.00283
38.07200,0.03175
38.07600,0.01915
38.08000,0.00340
38.08400,0.05037
38.08800,0.04306
38.09200,0.02481
38.09600,0.03045
38.10000,0.01343
38.10400,0.04363
38.10800,0.01100
38.11200,0.02006
38.11600,0.00615
38.12000,-0.01393
38.12400,-0.01063
38.12800,-0.03165
38.13200,-0.05801
38.13600,-0.04925
38.14000,-0.06995
38.14400,-0.03555
38.14800,-0.04098
38.15200,-0.06826
38.15600,-0.04595
38.16000,-0.05474
38.16400,-0.04104
38.16800,-0.07984
38.17200,-0.06101
38.17600,-0.08161
38.18000,-0.07559
38.18400,-0.03459
38.18800,-0.10226
38.19200,-0.08035
38.19600,-0.05226
38.20000,-0.04649
38.20400,-0.07772
38.20800,-0.10263
38.21200,-0.09641
38.21600,-0.05466
38.22000,-0.03996
38.22400,-0.04410
38.22800,-0.07755
38.23200,-0.03739
38.23600,-0.07154
38.24000,-0.06191
38.24400,-0.08883
38.24800,-0.06859
38.25200,-0.12877
38.25600,-0.17550
38.26000,-0.13761
38.26400,-0.09482
38.26800,-0.01206
38.27200,0.10837
38.27600,0.31460
38.28000,0.52551
38.28400,0.76126
38.28800,0.92102
38.29200,0.96909
38.29600,0.91702
38.30000,0.65717
38.30400,0.45953
38.30800,0.20415
38.31200,-0.04115
38.31600,-0.16464
38.32000,-0.24503
38.32400,-0.28621
38.32800,-0.23421
38.33200,-0.17307
38.33600,-0.15557
38.34000,-0.11576
38.34400,-0.08090
38.34800,-0.08473
38.35200,-0.04997
38.35600,-0.07784
38.36000,-0.05331
38.36400,-0.03933
38.36800,-0.02422
38.37200,-0.05281
38.37600,-0.04908
38.38000,-0.02932
38.38400,-0.03481
38.38800,-0.02400
38.39200,-0.00310
38.39600,-0.02560
38.40000,0.01727
38.40400,0.01882
38.40800,0.01873
38.41200,0.01308
38.41600,0.04078
38.42000,0.06883
38.42400,0.10569
38.42800,0.06557
38.43200,0.13726
38.43600,0.14515
38.44000,0.13662
38.44400,0.19331
38.44800,0.19999
38.45200,0.21505
38.45600,0.19914
38.46000,0.20653
38.46400,0.25406
38.46800,0.26849
38.47200,0.24939
38.47600,0.23687
38.48000,0.22740
38.48400,0.19508
38.48800,0.23906
38.49200,0.20551
38.49600,0.21786
38.50000,0.16335
38.50400,0.18177
38.50800,0.12899
38.51200,0.13683
38.51600,0.13453
38.52000,0.07550
38.52400,0.09053
38.52800,0.05617
38.53200,0.02259
38.53600,0.03137
38.54000,0.02766
38.54400,-0.01059
38.54800,-0.01160
38.55200,-0.02619
38.55600,-0.03759
38.56000,-0.03272
38.56400,-0.01743
38.56800,-0.04798
38.57200,-0.01691
38.57600,-0.05203
38.58000,-0.06042
38.58400,-0.02717
38.58800,-0.02188
38.59200,-0.06372
38.59600,-0.03988
38.60000,-0.07512
38.60400,-0.06045
38.60800,-0.06003
38.61200,-0.03866
38.61600,-0.07766
38.62000,-0.06289
38.62400,-0.06636
38.62800,-0.05060
38.63200,-0.07689
38.63600,-0.07892
38.64000,0.00381
38.64400,-0.04786
38.64800,-0.08177
38.65200,-0.03525
38.65600,-0.07769
38.66000,-0.08879
38.66400,-0.01822
38.66800,-0.02635
38.67200,-0.06759
38.67600,-0.07239
38.68000,-0.04121
38.68400,-0.01019
38.68800,-0.03837
38.69200,-0.03700
38.69600,-0.07338
38.70000,-0.08498
38.70400,-0.04187
38.70800,-0.02931
38.71200,-0.04647
38.71600,-0.04909
38.72000,-0.02142
38.72400,-0.06524
38.72800,-0.02673
38.73200,-0.03179
38.73600,-0.06039
38.74000,-0.04541
38.74400,-0.04551
38.74800,-0.03597
38.75200,-0.06659
38.75600,-0.05167
38.76000,-0.04510
38.76400,-0.04612
38.76800,-0.04605
38.77200,-0.04133
38.77600,-0.04986
38.78000,-0.05573
38.78400,-0.02528
38.78800,-0.05816
38.79200,-0.05155
38.79600,-0.06243
38.80000,-0.06747
38.80400,-0.03579
38.80800,-0.04525
38.81200,-0.04684
38.81600,-0.03505
38.82000,-0.04717
38.82400,-0.03012
38.82800,-0.00769
38.83200,-0.03623
38.83600,-0.04814
38.84000,-0.01003
38.84400,-0.02852
38.84800,-0.07507
38.85200,-0.01574
38.85600,-0.03762
38.86000,-0.02475
38.86400,-0.06408
38.86800,-0.05781
38.87200,-0.05366
38.87600,-0.02975
38.88000,-0.06257
38.88400,-0.05414
38.88800,-0.02116
38.89200,-0.05237
38.89600,-0.03716
38.90000,-0.05693
38.90400,-0.07252
38.90800,-0.04039
38.91200,-0.04088
38.91600,-0.06647
38.92000,-0.01886
38.92400,-0.02165
38.92800,-0.02012
38.93200,-0.04735
38.93600,-0.05963
38.94000,-0.03859
38.94400,-0.03331
38.94800,-0.03974
38.95200,-0.04762
38.95600,-0.05541
38.96000,-0.05004
38.96400,-0.03695
38.96800,-0.04464
38.97200,-0.00203
38.97600,-0.03997
38.98000,-0.02536
38.98400,-0.04315
38.98800,-0.03732
38.99200,-0.05255
38.99600,-0.04257
39.00000,-0.06208
39.00400,-0.07293
39.00800,-0.00515
39.01200,-0.05138
39.01600,-0.02096
39.02000,-0.03038
39.02400,-0.03697
39.02800,-0.00874
39.03200,-0.03031
39.03600,-0.00625
39.04000,-0.01635
39.04400,0.01678
39.04800,0.02443
39.05200,0.01583
39.05600,0.04566
39.06000,0.04399
39.06400,0.07446
39.06800,0.05064
39.07200,0.03062
39.07600,0.07127
39.08000,0.07578
39.08400,0.06553
39.08800,0.06759
39.09200,0.06293
39.09600,0.03803
39.10000,0.08892
39.10400,0.03147
39.10800,0.01642
39.11200,-0.00298
39.11600,0.00245
39.12000,0.00989
39.12400,0.03220
39.12800,0.00875
39.13200,-0.02239
39.13600,-0.03658
39.14000,-0.03720
39.14400,-0.01910
39.14800,-0.00202
39.15200,-0.02947
39.15600,0.01074
39.16000,0.01693
39.16400,-0.01797
39.16800,-0.06345
39.17200,0.00050
39.17600,-0.02258
39.18000,-0.00735
39.18400,-0.00082
39.18800,-0.03962
39.19200,-0.01834
39.19600,-0.01586
39.20000,-0.03377
39.20400,-0.00513
39.20800,-0.02099
39.21200,-0.02617
39.21600,0.01863
39.22000,-0.01527
39.22400,0.01219
39.22800,-0.02593
39.23200,-0.00875
39.23600,-0.05432
39.24000,-0.05187
39.24400,-0.05130
39.24800,-0.12892
39.25200,-0.07431
39.25600,-0.05719
39.26000,0.05070
39.26400,0.17350
39.26800,0.36526
39.27200,0.57091
39.27600,0.87148
39.28000,0.95316
39.28400,1.00649
39.28800,0.91881
39.29200,0.74030
39.29600,0.50281
39.30000,0.21891
39.30400,0.05251
39.30800,-0.12110
39.31200,-0.18280
39.31600,-0.25682
39.32000,-0.20800
39.32400,-0.16602
39.32800,-0.12531
39.33200,-0.09279
39.33600,-0.04434
39.34000,-0.02214
39.34400,-0.03633
39.34800,-0.04755
39.35200,0.01018
39.35600,-0.00669
39.36000,0.02385
39.36400,0.02346
39.36800,0.00843
39.37200,-0.01269
39.37600,0.01390
39.38000,0.01342
39.38400,0.05982
39.38800,0.01140
39.39200,0.07282
39.39600,0.03643
39.40000,0.06837
39.40400,0.06620
39.40800,0.09570
39.41200,0.11728
39.41600,0.15067
39.42000,0.14995
39.42400,0.19343
39.42800,0.23256
39.43200,0.21960
39.43600,0.21119
39.44000,0.24632
39.44400,0.26225
39.44800,0.26972
39.45200,0.30939
39.45600,0.31714
39.46000,0.33834
39.46400,0.31134
39.46800,0.24778
39.47200,0.29317
39.47600,0.30183
39.48000,0.26345
39.48400,0.25558
39.48800,0.27131
39.49200,0.24081
39.49600,0.19935
39.50000,0.19250
39.50400,0.12574
39.50800,0.16817
39.51200,0.12684
39.51600,0.13286
39.52000,0.09472
39.52400,0.08489
39.52800,0.07930
39.53200,0.13131
39.53600,0.04271
39.54000,0.03303
39.54400,0.03727
39.54800,0.06124
39.55200,0.05014
39.55600,0.04294
39.56000,0.01892
39.56400,0.02434
39.56800,0.00416
39.57200,0.01355
39.57600,-0.00021
39.58000,-0.01404
39.58400,-0.00588
39.58800,0.05058
39.59200,0.02041
39.59600,-0.00230
39.60000,0.01022
39.60400,0.00351
39.60800,0.03637
39.61200,0.01202
39.61600,0.00042
39.62000,0.02627
39.62400,0.01959
39.62800,0.00017
39.63200,-0.00125
39.63600,0.01682
39.64000,-0.01762
39.64400,-0.00321
39.64800,0.03479
39.65200,0.03207
39.65600,0.03742
39.66000,0.00712
39.66400,0.00452
39.66800,0.01106
39.67200,0.00738
39.67600,0.04193
39.68000,0.01299
39.68400,0.04395
39.68800,0.00402
39.69200,0.02545
39.69600,0.05024
39.70000,0.00419
39.70400,0.00629
39.70800,0.00756
39.71200,-0.01192
39.71600,0.01402
39.72000,0.00761
39.72400,0.06340
39.72800,0.01142
39.73200,-0.02072
39.73600,0.03982
39.74000,0.04007
39.74400,0.02124
39.74800,0.02767
39.75200,0.03650
39.75600,0.01168
39.76000,0.02383
39.76400,0.02598
39.76800,0.05602
39.77200,0.05127
39.77600,0.02743
39.78000,-0.00186
39.78400,0.04197
39.78800,0.02378
39.79200,0.04809
39.79600,0.02640
39.80000,0.02932
39.80400,0.03870
39.80800,0.01200
39.81200,0.01358
39.81600,0.07176
39.82000,0.01009
39.82400,0.04564
39.82800,0.04080
39.83200,0.04391
39.83600,0.05469
39.84000,0.00219
39.84400,0.04716
39.84800,-0.01135
39.85200,0.03009
39.85600,0.03608
39.86000,0.04965
39.86400,0.05124
39.86800,0.01191
39.87200,0.02516
39.87600,0.02752
39.88000,0.01740
39.88400,0.01517
39.88800,0.01856
39.89200,0.05399
39.89600,0.05868
39.90000,0.04676
39.90400,0.06552
39.90800,0.03442
39.91200,0.01183
39.91600,0.02057
39.92000,0.03785
39.92400,0.05420
39.92800,0.05878
39.93200,0.01819
39.93600,0.05570
39.94000,0.02794
39.94400,0.05225
39.94800,0.06103
39.95200,0.07597
39.95600,0.04108
39.96000,0.06194
39.96400,0.07211
39.96800,0.06364
39.97200,0.08228
39.97600,0.10192
39.98000,0.06794
39.98400,0.09730
39.98800,0.16373
39.99200,0.13575
39.99600,0.12196
40.00000,0.10096
40.00400,0.11960
40.00800,0.14756
40.01200,0.14692
40.01600,0.13696
40.02000,0.13214
40.02400,0.10033
40.02800,0.13365
40.03200,0.07135
40.03600,0.09400
40.04000,0.07066
40.04400,0.03497
40.04800,0.07980
40.05200,0.05130
40.05600,0.06669
40.06000,0.07414
40.06400,0.05052
40.06800,0.03259
40.07200,0.04034
40.07600,0.04231
40.08000,0.07179
40.08400,0.05972
40.08800,0.07436
40.09200,0.05785
40.09600,0.02843
40.10000,0.06138
40.10400,0.06275
40.10800,0.04130
40.11200,0.05317
40.11600,0.03784
40.12000,0.01973
40.12400,0.04266
40.12800,0.05979
40.13200,0.03767
40.13600,0.00091
40.14000,0.02861
40.14400,0.06436
40.14800,0.04395
40.15200,0.05556
40.15600,0.00801
40.16000,-0.00062
40.16400,-0.02994
40.16800,-0.03950
40.17200,-0.01312
40.17600,0.01274
40.18000,0.08146
40.18400,0.23744
40.18800,0.40257
40.19200,0.64969
40.19600,0.84583
40.20000,0.99925
40.20400,1.04708
40.20800,0.97219
40.21200,0.83734
40.21600,0.58602
40.22000,0.32968
40.22400,0.08065
40.22800,-0.04401
40.23200,-0.15690
40.23600,-0.16658
40.24000,-0.13339
40.24400,-0.13204
40.24800,-0.05448
40.25200,-0.00886
40.25600,-0.03206
40.26000,-0.01905
40.26400,0.03615
40.26800,0.04672
40.27200,0.05711
40.27600,0.03553
40.28000,0.07216
40.28400,0.06643
40.28800,0.05380
40.29200,0.10449
40.29600,0.08344
40.30000,0.09902
40.30400,0.12902
40.30800,0.09156
40.31200,0.10726
40.31600,0.08899
40.32000,0.13140
40.32400,0.15824
40.32800,0.21462
40.33200,0.19239
40.33600,0.20298
40.34000,0.19205
40.34400,0.21840
40.34800,0.21717
40.35200,0.24419
40.35600,0.29027
40.36000,0.31017
40.36400,0.30049
40.36800,0.32657
40.37200,0.32492
40.37600,0.36043
40.38000,0.36491
40.38400,0.34336
40.38800,0.34380
40.39200,0.32448
40.39600,0.33212
40.40000,0.37484
40.40400,0.31909
40.40800,0.32252
40.41200,0.30091
40.41600,0.30216
40.42000,0.24877
40.42400,0.21953
40.42800,0.23923
40.43200,0.21977
40.43600,0.17138
40.44000,0.18998
40.44400,0.15271
40.44800,0.13853
40.45200,0.16226
40.45600,0.12599
40.46000,0.11136
40.46400,0.09062
40.46800,0.09304
40.47200,0.10396
40.47600,0.08643
40.48000,0.05858
40.48400,0.07832
40.48800,0.06467
40.49200,0.07040
40.49600,0.05908
40.50000,0.01865
40.50400,0.02855
40.50800,0.05181
40.51200,0.01547
40.51600,0.02897
40.52000,0.09838
40.52400,0.07128
40.52800,0.04886
40.53200,0.06395
40.53600,0.01358
40.54000,0.06236
40.54400,0.07728
40.54800,0.06124
40.55200,0.03203
40.55600,0.07650
40.56000,0.04747
40.56400,0.04659
40.56800,0.06199
40.57200,0.05193
40.57600,0.09850
40.58000,0.05522
40.58400,0.10077
40.58800,0.06683
40.59200,0.03382
40.59600,0.05809
40.60000,0.05951
40.60400,0.08622
40.60800,0.08390
40.61200,0.10812
40.61600,0.04547
40.62000,0.04982
40.62400,0.10486
40.62800,0.04093
40.63200,0.06581
40.63600,0.08991
40.64000,0.03877
40.64400,0.05176
40.64800,0.04412
40.65200,0.06889
40.65600,0.06689
40.66000,0.05791
40.66400,0.07203
40.66800,0.04336
40.67200,0.05158
40.67600,0.06790
40.68000,0.09911
40.68400,0.05806
40.68800,0.06032
40.69200,0.08446
40.69600,0.06068
40.70000,0.08429
40.70400,0.06395
40.70800,0.08145
40.71200,0.06285
40.71600,0.04096
40.72000,0.04234
40.72400,0.06733
40.72800,0.09662
40.73200,0.09541
40.73600,0.05299
40.74000,0.10788
40.74400,0.03718
40.74800,0.04242
40.75200,0.07780
40.75600,0.02919
40.76000,0.07743
40.76400,0.06636
40.76800,0.07178
40.77200,0.03540
40.77600,0.06689
40.78000,0.07736
40.78400,0.05825
40.78800,0.07909
40.79200,0.05976
40.79600,0.06569
40.80000,0.05298
40.80400,0.03237
40.80800,0.05607
40.81200,0.06868
40.81600,0.04412
40.82000,0.02062
40.82400,0.02836
40.82800,0.08458
40.83200,0.05468
40.83600,0.04384
40.84000,0.08373
40.84400,0.05537
40.84800,0.02909
40.85200,0.05011
40.85600,0.04145
40.86000,0.05506
40.86400,0.04077
40.86800,0.05995
40.87200,0.06804
40.87600,0.04735
40.88000,0.05484
40.88400,0.05546
40.88800,0.07527
40.89200,0.04438
40.89600,0.07371
40.90000,0.08286
40.90400,0.05483
40.90800,0.03940
40.91200,0.05252
40.91600,0.02363
40.92000,0.04792
40.92400,0.03512
40.92800,0.05566
40.93200,0.05181
40.93600,0.07026
40.94000,0.06280
40.94400,0.07049
40.94800,0.06263
40.95200,0.07197
40.95600,0.04715
40.96000,0.08714
40.96400,0.10457
40.96800,0.10799
40.97200,0.06675
40.97600,0.11036
40.98000,0.07909
40.98400,0.13602
40.98800,0.12606
40.99200,0.13004
40.99600,0.13185
41.00000,0.14791
41.00400,0.15591
41.00800,0.13829
41.01200,0.15705
41.01600,0.15760
41.02000,0.15651
41.02400,0.13790
41.02800,0.12945
41.03200,0.16650
41.03600,0.13006
41.04000,0.10762
41.04400,0.06492
41.04800,0.09712
41.05200,0.08910
41.05600,0.01960
41.06000,0.06475
41.06400,0.07247
41.06800,0.06268
41.07200,0.06230
41.07600,0.05566
41.08000,0.08566
41.08400,0.06457
41.08800,0.05127
41.09200,0.05185
41.09600,0.09808
41.10000,0.03898
41.10400,0.04559
41.10800,0.06212
41.11200,0.05889
41.11600,0.06148
41.12000,0.08286
41.12400,0.07778
41.12800,0.06403
41.13200,0.05608
41.13600,0.05411
41.14000,0.05022
41.14400,0.07441
41.14800,0.02751
41.15200,0.02844
41.15600,0.03341
41.16000,0.01255
41.16400,0.00148
41.16800,0.02202
41.17200,-0.06067
41.17600,-0.00345
41.18000,-0.00850
41.18400,0.09365
41.18800,0.22713
41.19200,0.41526
41.19600,0.63446
41.20000,0.88299
41.20400,0.97619
41.20800,1.03725
41.21200,0.99142
41.21600,0.83423
41.22000,0.60038
41.22400,0.30447
41.22800,0.08061
41.23200,-0.05719
41.23600,-0.12148
41.24000,-0.13319
41.24400,-0.15355
41.24800,-0.08779
41.25200,-0.05606
41.25600,0.00527
41.26000,0.00302
41.26400,0.02709
41.26800,0.02675
41.27200,0.02492
41.27600,0.06113
41.28000,0.07358
41.28400,0.08419
41.28800,0.07074
41.29200,0.05968
41.29600,0.05506
41.30000,0.05560
41.30400,0.07057
41.30800,0.09884
41.31200,0.10293
41.31600,0.06560
41.32000,0.12027
41.32400,0.12897
41.32800,0.12788
41.33200,0.16324
41.33600,0.19068
41.34000,0.17648
41.34400,0.18780
41.34800,0.22627
41.35200,0.25618
41.35600,0.26326
41.36000,0.31633
41.36400,0.30376
41.36800,0.29513
41.37200,0.34236
41.37600,0.32410
41.38000,0.35758
41.38400,0.35054
41.38800,0.37405
41.39200,0.32843
41.39600,0.35786
41.40000,0.34495
41.40400,0.30839
41.40800,0.32827
41.41200,0.34451
41.41600,0.29121
41.42000,0.25163
41.42400,0.24610
41.42800,0.25642
41.43200,0.21778
41.43600,0.22383
41.44000,0.16446
41.44400,0.18682
41.44800,0.11429
41.45200,0.12826
41.45600,0.11305
41.46000,0.09762
41.46400,0.12186
41.46800,0.07643
41.47200,0.08794
41.47600,0.11090
41.48000,0.08544
41.48400,0.05597
41.48800,0.04597
41.49200,0.01765
41.49600,0.06263
41.50000,0.07044
41.50400,0.07363
41.50800,0.05483
41.51200,0.09237
41.51600,0.06363
41.52000,0.00165
41.52400,0.02975
41.52800,0.06300
41.53200,0.03864
41.53600,0.06324
41.54000,0.09691
41.54400,0.03085
41.54800,0.08962
41.55200,0.04420
41.55600,0.01634
41.56000,0.04750
41.56400,0.06321
41.56800,0.03371
41.57200,0.07639
41.57600,0.02765
41.58000,0.04099
41.58400,0.06333
41.58800,0.04040
41.59200,0.03352
41.59600,0.04407
41.60000,0.05757
41.60400,0.07859
41.60800,0.07142
41.61200,0.08119
41.61600,0.04346
41.62000,0.01081
41.62400,0.04299
41.62800,0.03538
41.63200,0.02368
41.63600,0.03312
41.64000,0.04204
41.64400,0.04419
41.64800,0.06150
41.65200,0.02477
41.65600,0.06590
41.66000,0.04361
41.66400,0.05744
41.66800,0.06724
41.67200,0.01776
41.67600,0.07405
41.68000,0.02793
41.68400,0.05001
41.68800,0.06385
41.69200,0.06021
41.69600,0.01054
41.70000,0.04488
41.70400,0.06438
41.70800,0.03901
41.71200,0.03984
41.71600,0.04264
41.72000,0.07408
41.72400,0.03020
41.72800,0.02213
41.73200,0.01878
41.73600,0.03019
41.74000,0.03588
41.74400,0.04751
41.74800,0.03871
41.75200,0.00595
41.75600,0.00878
41.76000,0.05374
41.76400,0.05436
41.76800,0.01278
41.77200,0.05838
41.77600,-0.00900
41.78000,0.08580
41.78400,0.05128
41.78800,0.00621
41.79200,0.04948
41.79600,0.03838
41.80000,0.02994
41.80400,0.03151
41.80800,0.03433
41.81200,0.03660
41.81600,0.02050
41.82000,0.02707
41.82400,0.04954
41.82800,0.04873
41.83200,0.01150
41.83600,0.02815
41.84000,0.06928
41.84400,0.05203
41.84800,0.07076
41.85200,0.01058
41.85600,0.01668
41.86000,-0.00601
41.86400,-0.00158
41.86800,0.02959
41.87200,0.01602
41.87600,0.01512
41.88000,0.02288
41.88400,0.03293
41.88800,0.05327
41.89200,0.04763
41.89600,0.00118
41.90000,0.06599
41.90400,0.02955
41.90800,0.01600
41.91200,0.03532
41.91600,0.02778
41.92000,0.00790
41.92400,0.06670
41.92800,0.02390
41.93200,0.02334
41.93600,0.04606
41.94000,0.06863
41.94400,0.04481
41.94800,0.01704
41.95200,0.04380
41.95600,0.05717
41.96000,0.04282
41.96400,0.04841
41.96800,0.02634
41.97200,0.03533
41.97600,0.00422
41.98000,0.02526
41.98400,0.01931
41.98800,0.04543
41.99200,0.07950
41.99600,0.00983
42.00000,0.03484
42.00400,0.05020
42.00800,0.07555
42.01200,0.10982
42.01600,0.08054
42.02000,0.08980
42.02400,0.13862
42.02800,0.12926
42.03200,0.13818
42.03600,0.14786
42.04000,0.11752
42.04400,0.13544
42.04800,0.11398
42.05200,0.10668
42.05600,0.11609
42.06000,0.11311
42.06400,0.06924
42.06800,0.06954
42.07200,0.08777
42.07600,0.07013
42.08000,0.07239
42.08400,0.04605
42.08800,0.03074
42.09200,0.05804
42.09600,0.05098
42.10000,-0.02067
42.10400,0.05171
42.10800,0.01764
42.11200,0.04532
42.11600,0.06267
42.12000,0.02511
42.12400,0.01086
42.12800,0.03524
42.13200,0.03166
42.13600,0.04108
42.14000,0.00139
42.14400,0.03438
42.14800,0.04721
42.15200,0.04324
42.15600,0.04166
42.16000,0.05299
42.16400,0.01224
42.16800,0.05316
42.17200,0.03243
42.17600,0.00757
42.18000,0.01981
42.18400,0.02776
42.18800,0.02236
42.19200,0.03189
42.19600,-0.00697
42.20000,-0.03915
42.20400,0.00062
42.20800,-0.04873
42.21200,-0.02612
42.21600,0.08988
42.22000,0.20310
42.22400,0.39200
42.22800,0.61527
42.23200,0.87801
42.23600,0.98605
42.24000,1.05427
42.24400,0.96273
42.24800,0.78094
42.25200,0.52019
42.25600,0.28582
42.26000,0.08119
42.26400,-0.05798
42.26800,-0.16536
42.27200,-0.20293
42.27600,-0.19200
42.28000,-0.12486
42.28400,-0.13284
42.28800,-0.01870
42.29200,-0.01596
42.29600,0.00585
42.30000,-0.01215
42.30400,0.01054
42.30800,0.01311
42.31200,0.04489
42.31600,0.02597
42.32000,0.04974
42.32400,0.05124
42.32800,0.00673
42.33200,0.04584
42.33600,0.08217
42.34000,0.05393
42.34400,0.07549
42.34800,0.08019
42.35200,0.06946
42.35600,0.15032
42.36000,0.11781
42.36400,0.14826
42.36800,0.14272
42.37200,0.19677
42.37600,0.20950
42.38000,0.22803
42.38400,0.24152
42.38800,0.25405
42.39200,0.28470
42.39600,0.28052
42.40000,0.28932
42.40400,0.31479
42.40800,0.29051
42.41200,0.26447
42.41600,0.33610
42.42000,0.32415
42.42400,0.30549
42.42800,0.30950
42.43200,0.28852
42.43600,0.28062
42.44000,0.28909
42.44400,0.27334
42.44800,0.27180
42.45200,0.23605
42.45600,0.23283
42.46000,0.21545
42.46400,0.16958
42.46800,0.13165
42.47200,0.13469
42.47600,0.12677
42.48000,0.10602
42.48400,0.14674
42.48800,0.07608
42.49200,0.08761
42.49600,0.05279
42.50000,0.07291
42.50400,0.02631
42.50800,0.06396
42.51200,0.04315
42.51600,0.02671
42.52000,0.00721
42.52400,0.06134
42.52800,0.01394
42.53200,0.05224
42.53600,-0.02630
42.54000,-0.00368
42.54400,0.05583
42.54800,0.05441
42.55200,0.01852
42.55600,0.03749
42.56000,0.02939
42.56400,0.00951
42.56800,0.01922
42.57200,-0.00685
42.57600,-0.01065
42.58000,0.01827
42.58400,0.03040
42.58800,0.01864
42.59200,-0.00904
42.59600,0.03213
42.60000,0.01696
42.60400,0.02991
42.60800,0.00911
42.61200,0.00919
42.61600,0.03563
42.62000,0.04177
42.62400,-0.00974
42.62800,-0.00828
42.63200,0.03338
42.63600,0.02086
42.64000,0.01476
42.64400,-0.00632
42.64800,0.03363
42.65200,0.01681
42.65600,0.01747
42.66000,0.02050
42.66400,0.00237
42.66800,0.02041
42.67200,0.01515
42.67600,0.02657
42.68000,0.01981
42.68400,-0.01389
42.68800,-0.00222
42.69200,0.00615
42.69600,0.03483
42.70000,-0.00183
42.70400,0.03394
42.70800,0.03256
42.71200,0.02846
42.71600,0.05585
42.72000,0.01050
42.72400,0.01671
42.72800,0.03472
42.73200,0.01812
42.73600,0.02989
42.74000,0.00703
42.74400,0.03799
42.74800,0.01638
42.75200,-0.02878
42.75600,0.03075
42.76000,0.00527
42.76400,-0.00905
42.76800,0.00281
42.77200,0.00268
42.77600,0.03132
42.78000,0.01469
42.78400,0.00671
42.78800,0.00739
42.79200,-0.01014
42.79600,-0.00549
42.80000,-0.00186
42.80400,0.00246
42.80800,-0.01612
42.81200,-0.00136
42.81600,0.02678
42.82000,0.01543
42.82400,0.00644
42.82800,0.01294
42.83200,0.00129
42.83600,-0.01814
42.84000,0.02336
42.84400,0.05039
42.84800,0.01562
42.85200,0.01878
42.85600,0.05419
42.86000,-0.01956
42.86400,0.01540
42.86800,-0.00224
42.87200,-0.00054
42.87600,-0.02834
42.88000,0.00403
42.88400,0.01405
42.88800,-0.02441
42.89200,0.00439
42.89600,0.00169
42.90000,-0.00573
42.90400,0.03139
42.90800,0.05672
42.91200,0.03872
42.91600,0.05824
42.92000,0.06146
42.92400,0.05390
42.92800,0.07652
42.93200,0.10062
42.93600,0.07453
42.94000,0.08718
42.94400,0.06870
42.94800,0.06206
42.95200,0.08452
42.95600,0.11700
42.96000,0.10267
42.96400,0.09426
42.96800,0.10764
42.97200,0.03668
42.97600,0.09018
42.98000,0.05425
42.98400,0.05880
42.98800,0.06198
42.99200,0.01053
42.99600,0.00220
43.00000,0.02237
43.00400,0.00838
43.00800,-0.00533
43.01200,0.00072
43.01600,-0.01290
43.02000,0.00243
43.02400,-0.00872
43.02800,0.03199
43.03200,-0.02317
43.03600,0.00848
43.04000,-0.00172
43.04400,0.02795
43.04800,-0.02300
43.05200,-0.01364
43.05600,0.03019
43.06000,-0.01791
43.06400,-0.01217
43.06800,-0.01300
43.07200,-0.02447
43.07600,0.01896
43.08000,0.02455
43.08400,-0.00930
43.08800,-0.02176
43.09200,-0.03607
43.09600,0.00093
43.10000,-0.02980
43.10400,-0.01899
43.10800,-0.09421
43.11200,-0.07216
43.11600,-0.06584
43.12000,-0.06887
43.12400,-0.10250
43.12800,0.04191
43.13200,0.17846
43.13600,0.37201
43.14000,0.59401
43.14400,0.80985
43.14800,0.97432
43.15200,1.02657
43.15600,0.87226
43.16000,0.74862
43.16400,0.51899
43.16800,0.24227
43.17200,0.05712
43.17600,-0.13397
43.18000,-0.15642
43.18400,-0.19700
43.18800,-0.20725
43.19200,-0.10717
43.19600,-0.09111
43.20000,-0.05090
43.20400,-0.07777
43.20800,-0.03593
43.21200,-0.01207
43.21600,0.00702
43.22000,-0.00805
43.22400,-0.03185
43.22800,0.02094
43.23200,-0.00367
43.23600,0.01175
43.24000,0.00112
43.24400,0.01010
43.24800,-0.00843
43.25200,0.03926
43.25600,0.02222
43.26000,0.00855
43.26400,0.06375
43.26800,0.06709
43.27200,0.10081
43.27600,0.11300
43.28000,0.08881
43.28400,0.12597
43.28800,0.14732
43.29200,0.16680
43.29600,0.16229
43.30000,0.20198
43.30400,0.23689
43.30800,0.25766
43.31200,0.27583
43.31600,0.27388
43.32000,0.21859
43.32400,0.26989
43.32800,0.26901
43.33200,0.22258
43.33600,0.30986
43.34000,0.29274
43.34400,0.26706
43.34800,0.26410
43.35200,0.25431
43.35600,0.22570
43.36000,0.24150
43.36400,0.23351
43.36800,0.19538
43.37200,0.14936
43.37600,0.14740
43.38000,0.14377
43.38400,0.12124
43.38800,0.07649
43.39200,0.09398
43.39600,0.07521
43.40000,0.05946
43.40400,0.02774
43.40800,0.02558
43.41200,-0.02143
43.41600,0.00879
43.42000,-0.00637
43.42400,-0.00872
43.42800,-0.01342
43.43200,-0.01777
43.43600,-0.01312
43.44000,-0.01531
43.44400,-0.03186
43.44800,-0.02366
43.45200,-0.02448
43.45600,-0.01379
43.46000,-0.01580
43.46400,-0.03225
43.46800,-0.04255
43.47200,-0.05870
43.47600,-0.05202
43.48000,-0.01900
43.48400,-0.04606
43.48800,0.00411
43.49200,-0.03135
43.49600,-0.03585
43.50000,-0.03186
43.50400,-0.03950
43.50800,-0.04183
43.51200,-0.02791
43.51600,-0.05870
43.52000,-0.02703
43.52400,-0.03198
43.52800,-0.04800
43.53200,-0.00999
43.53600,-0.02345
43.54000,-0.00928
43.54400,-0.04425
43.54800,-0.05642
43.55200,-0.05497
43.55600,-0.06351
43.56000,-0.06938
43.56400,-0.00098
43.56800,-0.04186
43.57200,-0.02900
43.57600,-0.04347
43.58000,-0.03624
43.58400,-0.00219
43.58800,-0.06863
43.59200,-0.05331
43.59600,-0.03156
43.60000,-0.05223
43.60400,-0.02082
43.60800,-0.00916
43.61200,-0.01725
43.61600,-0.02039
43.62000,-0.03888
43.62400,-0.01586
43.62800,-0.05215
43.63200,-0.05965
43.63600,-0.04176
43.64000,-0.04152
43.64400,-0.01243
43.64800,-0.05653
43.65200,-0.01446
43.65600,-0.05285
43.66000,-0.06326
43.66400,-0.07145
43.66800,-0.03904
43.67200,-0.06694
43.67600,-0.03453
43.68000,-0.03793
43.68400,-0.04726
43.68800,-0.07738
43.69200,-0.05010
43.69600,-0.03092
43.70000,-0.07594
43.70400,-0.02654
43.70800,-0.04022
43.71200,-0.05138
43.71600,-0.03694
43.72000,-0.02823
43.72400,-0.04191
43.72800,-0.05689
43.73200,-0.02615
43.73600,-0.05539
43.74000,-0.03510
43.74400,-0.02316
43.74800,-0.01654
43.75200,-0.01135
43.75600,-0.02268
43.76000,-0.04043
43.76400,-0.04771
43.76800,-0.04001
43.77200,-0.03351
43.77600,0.01489
43.78000,-0.03127
43.78400,-0.06087
43.78800,-0.01430
43.79200,-0.07624
43.79600,-0.02489
43.80000,-0.07012
43.80400,-0.06667
43.80800,-0.05424
43.81200,-0.04945
43.81600,-0.06920
43.82000,-0.02861
43.82400,-0.04085
43.82800,-0.00863
43.83200,-0.05143
43.83600,-0.06257
43.84000,-0.00618
43.84400,-0.01695
43.84800,0.01538
43.85200,-0.04181
43.85600,-0.01001
43.86000,0.02571
43.86400,0.07128
43.86800,0.01526
43.87200,0.00812
43.87600,0.04007
43.88000,0.07833
43.88400,0.08052
43.88800,0.01810
43.89200,0.02655
43.89600,-0.00534
43.90000,0.00498
43.90400,-0.00679
43.90800,0.01084
43.91200,0.01534
43.91600,0.03175
43.92000,-0.03091
43.92400,-0.01425
43.92800,-0.03184
43.93200,-0.03827
43.93600,-0.00602
43.94000,-0.03296
43.94400,-0.01811
43.94800,-0.04456
43.95200,-0.03449
43.95600,-0.04227
43.96000,-0.05483
43.96400,-0.06744
43.96800,-0.06168
43.97200,-0.05381
43.97600,-0.06177
43.98000,-0.06136
43.98400,-0.06858
43.98800,-0.03770
43.99200,-0.05984
43.99600,-0.05764
44.00000,-0.05970
44.00400,-0.02937
44.00800,-0.06646
44.01200,-0.02803
44.01600,-0.07412
44.02000,-0.02827
44.02400,-0.05029
44.02800,-0.07893
44.03200,-0.07100
44.03600,-0.07294
44.04000,-0.13268
44.04400,-0.13280
44.04800,-0.12097
44.05200,-0.09890
44.05600,-0.01960
44.06000,0.12660
44.06400,0.32876
44.06800,0.56684
44.07200,0.79808
44.07600,0.91550
44.08000,1.02487
44.08400,0.87983
44.08800,0.73442
44.09200,0.44846
44.09600,0.16847
44.10000,-0.02531
44.10400,-0.17160
44.10800,-0.22245
44.11200,-0.30522
44.11600,-0.26070
44.12000,-0.21342
44.12400,-0.15571
44.12800,-0.12345
44.13200,-0.08530
44.13600,-0.08571
44.14000,-0.07477
44.14400,-0.03865
44.14800,-0.02353
44.15200,-0.04715
44.15600,-0.04874
44.16000,-0.06568
44.16400,-0.00306
44.16800,-0.03288
44.17200,-0.02320
44.17600,-0.06099
44.18000,-0.00980
44.18400,0.03480
44.18800,-0.00668
44.19200,0.00383
44.19600,0.05107
44.20000,0.03057
44.20400,0.06618
44.20800,0.10390
44.21200,0.05911
44.21600,0.08379
44.22000,0.13176
44.22400,0.13854
44.22800,0.15463
44.23200,0.16739
44.23600,0.18889
44.24000,0.20744
44.24400,0.20293
44.24800,0.21672
44.25200,0.23398
44.25600,0.21220
44.26000,0.24391
44.26400,0.19007
44.26800,0.24168
44.27200,0.21917
44.27600,0.18809
44.28000,0.22596
44.28400,0.16158
44.28800,0.21006
44.29200,0.13753
44.29600,0.15822
44.30000,0.11471
44.30400,0.12972
44.30800,0.07543
44.31200,0.08303
44.31600,0.03986
44.32000,-0.00611
44.32400,0.02467
44.32800,0.01355
44.33200,0.00067
44.33600,0.01567
44.34000,-0.04095
44.34400,-0.06217
44.34800,-0.03525
44.35200,-0.05953
44.35600,-0.05241
44.36000,-0.05411
44.36400,-0.07344
44.36800,-0.03795
44.37200,-0.06393
44.37600,-0.02763
44.38000,-0.05931
44.38400,-0.04431
44.38800,-0.07175
44.39200,-0.07957
44.39600,-0.07749
44.40000,-0.08470
44.40400,-0.05863
44.40800,-0.06501
44.41200,-0.08942
44.41600,-0.09852
44.42000,-0.08525
44.42400,-0.10437
44.42800,-0.08595
44.43200,-0.09843
44.43600,-0.05438
44.44000,-0.09146
44.44400,-0.08027
44.44800,-0.07101
44.45200,-0.06799
44.45600,-0.06033
44.46000,-0.05354
44.46400,-0.05604
44.46800,-0.07565
44.47200,-0.04410
44.47600,-0.06149
44.48000,-0.08295
44.48400,-0.03918
44.48800,-0.09241
44.49200,-0.05960
44.49600,-0.04417
44.50000,-0.06678
44.50400,-0.06225
44.50800,-0.06669
44.51200,-0.05594
44.51600,-0.06470
44.52000,-0.06905
44.52400,-0.05520
44.52800,-0.10678
44.53200,-0.06420
44.53600,-0.07523
44.54000,-0.03030
44.54400,-0.06354
44.54800,-0.08235
44.55200,-0.05633
44.55600,-0.07688
44.56000,-0.09281
44.56400,-0.07484
44.56800,-0.05937
44.57200,-0.04570
44.57600,-0.04853
44.58000,-0.06474
44.58400,-0.07251
44.58800,-0.06530
44.59200,-0.04531
44.59600,-0.07175
44.60000,-0.04629
44.60400,-0.08499
44.60800,-0.06950
44.61200,-0.05386
44.61600,-0.05529
44.62000,-0.06518
44.62400,-0.07937
44.62800,-0.10468
44.63200,-0.07783
44.63600,-0.08586
44.64000,-0.07707
44.64400,-0.03773
44.64800,-0.08429
44.65200,-0.05219
44.65600,-0.06937
44.66000,-0.09077
44.66400,-0.06675
44.66800,-0.05397
44.67200,-0.09234
44.67600,-0.09172
44.68000,-0.07628
44.68400,-0.05432
44.68800,-0.08055
44.69200,-0.06023
44.69600,-0.05949
44.70000,-0.06824
44.70400,-0.05957
44.70800,-0.04331
44.71200,-0.07217
44.71600,-0.06186
44.72000,-0.08935
44.72400,-0.08243
44.72800,-0.07011
44.73200,-0.05198
44.73600,-0.08131
44.74000,-0.09536
44.74400,-0.04959
44.74800,-0.02097
44.75200,-0.11873
44.75600,-0.08861
44.76000,-0.06521
44.76400,-0.05793
44.76800,-0.08621
44.77200,-0.06075
44.77600,-0.04558
44.78000,-0.07261
44.78400,-0.05271
44.78800,-0.06448
44.79200,-0.08534
44.79600,-0.07885
44.80000,-0.07872
44.80400,-0.04018
44.80800,-0.04319
44.81200,-0.06077
44.81600,-0.09581
44.82000,-0.07350
44.82400,-0.07044
44.82800,-0.09847
44.83200,-0.05835
44.83600,-0.04883
44.84000,-0.07623
44.84400,-0.05290
44.84800,-0.04691
44.85200,0.00621
44.85600,-0.00829
44.86000,0.00319
44.86400,-0.00047
44.86800,-0.01767
44.87200,0.03469
44.87600,0.01099
44.88000,-0.00778
44.88400,0.04839
44.88800,0.02859
44.89200,0.03430
44.89600,0.04084
44.90000,0.02038
44.90400,0.02551
44.90800,0.03399
44.91200,-0.00712
44.91600,-0.01721
44.92000,-0.01916
44.92400,-0.01527
44.92800,-0.04342
44.93200,-0.04030
44.93600,-0.06069
44.94000,-0.05286
44.94400,-0.04391
44.94800,-0.07303
44.95200,-0.06233
44.95600,-0.08846
44.96000,-0.07444
44.96400,-0.05952
44.96800,-0.05086
44.97200,-0.08157
44.97600,-0.06341
44.98000,-0.07951
44.98400,-0.05501
44.98800,-0.05596
44.99200,-0.05224
44.99600,-0.06495
45.00000,-0.08882
45.00400,-0.07146
45.00800,-0.08682
45.01200,-0.07348
45.01600,-0.06132
45.02000,-0.03913
45.02400,-0.07346
45.02800,-0.07721
45.03200,-0.06135
45.03600,-0.11197
45.04000,-0.04304
45.04400,-0.12766
45.04800,-0.09541
45.05200,-0.11029
45.05600,-0.10906
45.06000,-0.09726
45.06400,0.00035
45.06800,0.11970
45.07200,0.34196
45.07600,0.53944
45.08000,0.75392
45.08400,0.93094
45.08800,0.95970
45.09200,0.90177
45.09600,0.68486
45.10000,0.45920
45.10400,0.18104
45.10800,-0.01493
45.11200,-0.11853
45.11600,-0.26052
45.12000,-0.28495
45.12400,-0.27424
45.12800,-0.21001
45.13200,-0.13155
45.13600,-0.13418
45.14000,-0.07791
45.14400,-0.07950
45.14800,-0.07533
45.15200,-0.01559
45.15600,-0.02915
45.16000,-0.08285
45.16400,-0.06241
45.16800,-0.03185
45.17200,-0.02332
45.17600,-0.03572
45.18000,-0.01960
45.18400,-0.00852
45.18800,-0.01817
45.19200,0.01721
45.19600,-0.00869
45.20000,0.03425
45.20400,0.05011
45.20800,0.05049
45.21200,0.05521
45.21600,0.07803
45.22000,0.05263
45.22400,0.11881
45.22800,0.10452
45.23200,0.11082
45.23600,0.18334
45.24000,0.16766
45.24400,0.20859
45.24800,0.21696
45.25200,0.19431
45.25600,0.22082
45.26000,0.24081
45.26400,0.25996
45.26800,0.25384
45.27200,0.22632
45.27600,0.23671
45.28000,0.24202
45.28400,0.20566
45.28800,0.20968
45.29200,0.19383
45.29600,0.14708
45.30000,0.20567
45.30400,0.17194
45.30800,0.12776
45.31200,0.13753
45.31600,0.08109
45.32000,0.11454
45.32400,0.06117
45.32800,0.05618
45.33200,0.02847
45.33600,0.02905
45.34000,0.02253
45.34400,0.00697
45.34800,-0.01819
45.35200,0.00548
45.35600,-0.00475
45.36000,-0.02068
45.36400,-0.00450
45.36800,-0.04284
45.37200,-0.00625
45.37600,-0.03630
45.38000,-0.00541
45.38400,-0.04473
45.38800,-0.04180
45.39200,-0.03338
45.39600,-0.01670
45.40000,-0.00982
45.40400,-0.04712
45.40800,-0.05263
45.41200,-0.02345
45.41600,-0.01370
45.42000,-0.02432
45.42400,-0.04425
45.42800,-0.01287
45.43200,-0.03783
45.43600,-0.03382
45.44000,-0.02462
45.44400,-0.04759
45.44800,-0.08092
45.45200,-0.03184
45.45600,-0.02173
45.46000,-0.02707
45.46400,-0.02462
45.46800,-0.03188
45.47200,-0.01424
45.47600,-0.03226
45.48000,-0.00485
45.48400,-0.03298
45.48800,-0.01801
45.49200,-0.04408
45.49600,-0.02723
45.50000,-0.02465
45.50400,-0.02990
45.50800,-0.00244
45.51200,-0.03119
45.51600,-0.01006
45.52000,-0.02462
45.52400,-0.01012
45.52800,-0.04874
45.53200,-0.03776
45.53600,-0.01144
45.54000,-0.04600
45.54400,-0.02217
45.54800,-0.01865
45.55200,-0.02552
45.55600,-0.02061
45.56000,-0.01814
45.56400,-0.03309
45.56800,-0.02015
45.57200,-0.03798
45.57600,-0.03661
45.58000,-0.05814
45.58400,-0.02919
45.58800,-0.05978
45.59200,-0.02604
45.59600,-0.02225
45.60000,-0.04748
45.60400,-0.02441
45.60800,-0.01979
45.61200,-0.03197
45.61600,-0.04289
45.62000,-0.02681
45.62400,-0.01632
45.62800,-0.00618
45.63200,0.01430
45.63600,-0.06174
45.64000,-0.01652
45.64400,-0.01458
45.64800,-0.03526
45.65200,-0.01619
45.65600,0.01909
45.66000,-0.01966
45.66400,0.00530
45.66800,-0.00070
45.67200,-0.02976
45.67600,-0.06553
45.68000,0.00240
45.68400,0.00961
45.68800,-0.05463
45.69200,-0.02346
45.69600,-0.03311
45.70000,-0.01510
45.70400,-0.01756
45.70800,0.00365
45.71200,-0.02983
45.71600,0.01948
45.72000,-0.05117
45.72400,-0.01285
45.72800,0.03629
45.73200,-0.01775
45.73600,-0.00258
45.74000,-0.02293
45.74400,0.05289
45.74800,0.00719
45.75200,-0.01423
45.75600,-0.04072
45.76000,0.00513
45.76400,0.02084
45.76800,-0.02680
45.77200,0.01195
45.77600,0.04135
45.78000,-0.00659
45.78400,0.04608
45.78800,0.02893
45.79200,0.04234
45.79600,0.08461
45.80000,0.10533
45.80400,0.10944
45.80800,0.07549
45.81200,0.09730
45.81600,0.04904
45.82000,0.04976
45.82400,0.08179
45.82800,0.05474
45.83200,0.03306
45.83600,0.00761
45.84000,0.03011
45.84400,0.06963
45.84800,-0.02081
45.85200,-0.00749
45.85600,0.02979
45.86000,-0.03360
45.86400,-0.01184
45.86800,-0.00048
45.87200,0.01900
45.87600,-0.00582
45.88000,0.03099
45.88400,-0.00592
45.88800,-0.00767
45.89200,0.00313
45.89600,0.00163
45.90000,-0.03418
45.90400,-0.02368
45.90800,-0.00922
45.91200,0.00232
45.91600,-0.02790
45.92000,-0.01804
45.92400,-0.01805
45.92800,0.00335
45.93200,-0.01146
45.93600,0.00898
45.94000,0.00461
45.94400,-0.02141
45.94800,-0.01036
45.95200,-0.03232
45.95600,-0.01183
45.96000,-0.00842
45.96400,-0.05882
45.96800,-0.09244
45.97200,-0.06131
45.97600,-0.07561
45.98000,-0.03749
45.98400,0.05340
45.98800,0.19220
45.99200,0.39990
45.99600,0.60190
46.00000,0.78508
46.00400,0.97283
46.00800,1.02140
46.01200,0.93960
46.01600,0.76858
46.02000,0.50817
46.02400,0.28522
46.02800,0.03393
46.03200,-0.10175
46.03600,-0.18721
46.04000,-0.15933
46.04400,-0.20211
46.04800,-0.16587
46.05200,-0.11099
46.05600,-0.05052
46.06000,-0.03616
46.06400,-0.01964
46.06800,-0.03167
46.07200,-0.03652
46.07600,0.00551
46.08000,0.00857
46.08400,0.05083
46.08800,0.02740
46.09200,0.03229
46.09600,0.04796
46.10000,0.01696
46.10400,0.01658
46.10800,0.04164
46.11200,0.08719
46.11600,0.08729
46.12000,0.06803
46.12400,0.06837
46.12800,0.12523
46.13200,0.14353
46.13600,0.11694
46.14000,0.18745
46.14400,0.15879
46.14800,0.20716
46.15200,0.20683
46.15600,0.22252
46.16000,0.23396
46.16400,0.27563
46.16800,0.28881
46.17200,0.30467
46.17600,0.29344
46.18000,0.28999
46.18400,0.35384
46.18800,0.34637
46.19200,0.30783
46.19600,0.28507
46.20000,0.33017
46.20400,0.29338
46.20800,0.27995
46.21200,0.28152
46.21600,0.25630
46.22000,0.23477
46.22400,0.25459
46.22800,0.16026
46.23200,0.19204
46.23600,0.14241
46.24000,0.14618
46.24400,0.12534
46.24800,0.11896
46.25200,0.05276
46.25600,0.10126
46.26000,0.12191
46.26400,0.05829
46.26800,0.07563
46.27200,0.06312
46.27600,0.05030
46.28000,0.02932
46.28400,0.04751
46.28800,0.03703
46.29200,0.05721
46.29600,0.04325
46.30000,0.01111
46.30400,-0.03434
46.30800,0.05241
46.31200,0.03187
46.31600,0.02507
46.32000,0.00931
46.32400,0.07037
46.32800,0.04781
46.33200,0.02307
46.33600,0.01390
46.34000,0.03261
46.34400,0.04852
46.34800,0.03181
46.35200,0.04059
46.35600,0.02710
46.36000,0.02922
46.36400,-0.00258
46.36800,0.02495
46.37200,0.02370
46.37600,0.02143
46.38000,0.01834
46.38400,0.02938
46.38800,0.01208
46.39200,0.01974
46.39600,-0.00192
46.40000,0.07010
46.40400,0.00665
46.40800,0.00041
46.41200,0.01401
46.41600,0.01649
46.42000,0.00380
46.42400,-0.02350
46.42800,0.05767
46.43200,0.04583
46.43600,0.01821
46.44000,0.03699
46.44400,0.00413
46.44800,-0.00609
46.45200,0.03299
46.45600,0.03806
46.46000,0.01321
46.46400,0.02684
46.46800,-0.03359
46.47200,0.02467
46.47600,0.04829
46.48000,0.03100
46.48400,0.03135
46.48800,0.03947
46.49200,-0.01309
46.49600,0.00260
46.50000,0.00333
46.50400,0.03344
46.50800,0.01637
46.51200,-0.00865
46.51600,0.04672
46.52000,0.02554
46.52400,0.04909
46.52800,0.06959
46.53200,-0.00295
46.53600,0.00449
46.54000,0.05139
46.54400,0.05834
46.54800,0.03821
46.55200,0.03773
46.55600,0.04442
46.56000,0.04392
46.56400,0.00577
46.56800,0.04601
46.57200,0.05089
46.57600,0.02337
46.58000,0.01348
46.58400,0.02201
46.58800,0.02027
46.59200,0.04259
46.59600,0.04756
46.60000,0.03283
46.60400,0.02641
46.60800,-0.00268
46.61200,0.02433
46.61600,0.01306
46.62000,0.02208
46.62400,0.04007
46.62800,0.03658
46.63200,0.10330
46.63600,0.01627
46.64000,0.02311
46.64400,0.01116
46.64800,0.02894
46.65200,0.02852
46.65600,0.05437
46.66000,-0.00420
46.66400,0.05289
46.66800,0.04781
46.67200,0.02498
46.67600,0.02231
46.68000,0.04057
46.68400,0.04803
46.68800,0.03594
46.69200,0.03797
46.69600,0.04408
46.70000,0.02568
46.70400,0.05708
46.70800,0.06863
46.71200,0.06491
46.71600,0.04899
46.72000,0.08042
46.72400,0.08766
46.72800,0.10594
46.73200,0.10099
46.73600,0.13480
46.74000,0.14755
46.74400,0.14845
46.74800,0.14050
46.75200,0.16146
46.75600,0.13526
46.76000,0.12922
46.76400,0.09825
46.76800,0.11959
46.77200,0.13454
46.77600,0.08211
46.78000,0.10689
46.78400,0.05711
46.78800,0.07961
46.79200,0.10235
46.79600,0.06058
46.80000,0.03133
46.80400,0.05583
46.80800,0.04407
46.81200,0.06026
46.81600,0.03249
46.82000,0.00712
46.82400,0.03138
46.82800,0.05193
46.83200,0.06032
46.83600,0.04527
46.84000,0.04032
46.84400,0.05336
46.84800,0.03602
46.85200,0.03085
46.85600,0.04451
46.86000,0.06174
46.86400,0.03034
46.86800,0.05006
46.87200,0.02778
46.87600,0.02576
46.88000,0.04389
46.88400,0.01379
46.88800,0.02299
46.89200,0.01452
46.89600,0.02316
46.90000,0.01038
46.90400,0.06373
46.90800,0.01445
46.91200,-0.01398
46.91600,-0.05620
46.92000,-0.07491
46.92400,0.01314
46.92800,0.07324
46.93200,0.24663
46.93600,0.41477
46.94000,0.62544
46.94400,0.85680
46.94800,0.99221
46.95200,1.03997
46.95600,1.00158
46.96000,0.79026
46.96400,0.56624
46.96800,0.28808
46.97200,0.08078
46.97600,-0.07323
46.98000,-0.15227
46.98400,-0.17543
46.98800,-0.11545
46.99200,-0.10865
46.99600,-0.10425
47.00000,0.00562
47.00400,0.02625
47.00800,0.04353
47.01200,0.03205
47.01600,0.03900
47.02000,0.03717
47.02400,0.05274
47.02800,0.06251
47.03200,0.05661
47.03600,0.04394
47.04000,0.04615
47.04400,0.10340
47.04800,0.10995
47.05200,0.05969
47.05600,0.08087
47.06000,0.10243
47.06400,0.12633
47.06800,0.12513
47.07200,0.14633
47.07600,0.16393
47.08000,0.19553
47.08400,0.16431
47.08800,0.22975
47.09200,0.23503
47.09600,0.25525
47.10000,0.23232
47.10400,0.27509
47.10800,0.28998
47.11200,0.32208
47.11600,0.33524
47.12000,0.34519
47.12400,0.31313
47.12800,0.36811
47.13200,0.34623
47.13600,0.36187
47.14000,0.33886
47.14400,0.31845
47.14800,0.37424
47.15200,0.32297
47.15600,0.31098
47.16000,0.27137
47.16400,0.25876
47.16800,0.26739
47.17200,0.23627
47.17600,0.24357
47.18000,0.21545
47.18400,0.15380
47.18800,0.12753
47.19200,0.16589
47.19600,0.14108
47.20000,0.11174
47.20400,0.09936
47.20800,0.08469
47.21200,0.12223
47.21600,0.07615
47.22000,0.04516
47.22400,0.08523
47.22800,0.06120
47.23200,0.06652
47.23600,0.04873
47.24000,0.05360
47.24400,0.01471
47.24800,0.06150
47.25200,0.03599
47.25600,0.04175
47.26000,0.05448
47.26400,0.07283
47.26800,0.00448
47.27200,0.04491
47.27600,0.05789
47.28000,0.06691
47.28400,0.02871
47.28800,0.05337
47.29200,0.05476
47.29600,0.06520
47.30000,0.03444
47.30400,0.04363
47.30800,0.03666
47.31200,0.06929
47.31600,0.06857
47.32000,0.03881
47.32400,0.04428
47.32800,0.05168
47.33200,0.02911
47.33600,0.04533
47.34000,0.06437
47.34400,0.06255
47.34800,0.03364
47.35200,0.03514
47.35600,0.04495
47.36000,0.01946
47.36400,0.05352
47.36800,0.05012
47.37200,0.02080
47.37600,0.04339
47.38000,0.03426
47.38400,0.04276
47.38800,0.03007
47.39200,0.07426
47.39600,0.02835
47.40000,0.06276
47.40400,0.05178
47.40800,0.07591
47.41200,0.04654
47.41600,0.04826
47.42000,0.04910
47.42400,0.01209
47.42800,0.09577
47.43200,0.04428
47.43600,0.04159
47.44000,0.02682
47.44400,0.04520
47.44800,0.07935
47.45200,0.03292
47.45600,0.05698
47.46000,0.06864
47.46400,0.06671
47.46800,0.04004
47.47200,0.01527
47.47600,0.05629
47.48000,0.05961
47.48400,0.04170
47.48800,0.04058
47.49200,0.08323
47.49600,0.01863
47.50000,0.03807
47.50400,0.03728
47.50800,0.01720
47.51200,0.03572
47.51600,0.03250
47.52000,0.07275
47.52400,0.01363
47.52800,0.02282
47.53200,0.05373
47.53600,0.01954
47.54000,0.00857
47.54400,0.03724
47.54800,0.02453
47.55200,0.03061
47.55600,0.04547
47.56000,0.05789
47.56400,0.03581
47.56800,0.04407
47.57200,0.06305
47.57600,0.04656
47.58000,0.06362
47.58400,0.03853
47.58800,0.05918
47.59200,0.07470
47.59600,0.02287
47.60000,0.10895
47.60400,0.04623
47.60800,0.04869
47.61200,0.05387
47.61600,0.06989
47.62000,0.04071
47.62400,0.07162
47.62800,0.06518
47.63200,0.11225
47.63600,0.05869
47.64000,0.11544
47.64400,0.10589
47.64800,0.10815
47.65200,0.13336
47.65600,0.13436
47.66000,0.14501
47.66400,0.15308
47.66800,0.17322
47.67200,0.14091
47.67600,0.17761
47.68000,0.08776
47.68400,0.16717
47.68800,0.14563
47.69200,0.14359
47.69600,0.10716
47.70000,0.09909
47.70400,0.06622
47.70800,0.10388
47.71200,0.04930
47.71600,0.04939
47.72000,0.06156
47.72400,0.06227
47.72800,0.06217
47.73200,0.03006
47.73600,0.04608
47.74000,0.06087
47.74400,0.07363
47.74800,0.06542
47.75200,0.05841
47.75600,0.04459
47.76000,0.04008
47.76400,0.03944
47.76800,0.04850
47.77200,0.06020
47.77600,0.04074
47.78000,0.09072
47.78400,0.03136
47.78800,0.06596
47.79200,0.04648
47.79600,0.04682
47.80000,0.04284
47.80400,0.07936
47.80800,0.04221
47.81200,0.05482
47.81600,0.04026
47.82000,0.04152
47.82400,0.02287
47.82800,0.02606
47.83200,-0.03425
47.83600,-0.03622
47.84000,0.04555
47.84400,0.11923
47.84800,0.23616
47.85200,0.42488
47.85600,0.66500
47.86000,0.90323
47.86400,1.01674
47.86800,1.10446
47.87200,0.99494
47.87600,0.80113
47.88000,0.55348
47.88400,0.26480
47.88800,0.09976
47.89200,-0.08129
47.89600,-0.14384
47.90000,-0.17311
47.90400,-0.13268
47.90800,-0.08608
47.91200,-0.05687
47.91600,-0.01681
47.92000,0.01686
47.92400,0.06046
47.92800,0.05268
47.93200,0.08006
47.93600,0.05301
47.94000,0.06395
47.94400,0.04831
47.94800,0.07499
47.95200,0.05140
47.95600,0.08078
47.96000,0.06549
47.96400,0.07615
47.96800,0.11441
47.97200,0.10239
47.97600,0.12513
47.98000,0.11608
47.98400,0.09900
47.98800,0.17691
47.99200,0.16001
47.99600,0.16610
48.00000,0.21471
48.00400,0.19135
48.00800,0.21873
48.01200,0.27310
48.01600,0.25554
48.02000,0.30748
48.02400,0.29565
48.02800,0.31071
48.03200,0.32908
48.03600,0.32702
48.04000,0.36512
48.04400,0.37051
48.04800,0.35210
48.05200,0.36081
48.05600,0.35510
48.06000,0.37050
48.06400,0.29787
48.06800,0.33532
48.07200,0.31864
48.07600,0.27872
48.08000,0.26893
48.08400,0.24335
48.08800,0.25611
48.09200,0.19117
48.09600,0.20828
48.10000,0.20459
48.10400,0.17420
48.10800,0.13797
48.11200,0.12554
48.11600,0.07864
48.12000,0.09078
48.12400,0.12127
48.12800,0.07356
48.13200,0.05052
48.13600,0.07280
48.14000,0.04172
48.14400,0.07623
48.14800,0.04586
48.15200,0.07888
48.15600,0.05554
48.16000,0.02995
48.16400,0.03914
48.16800,0.04184
48.17200,0.03565
48.17600,0.07575
48.18000,0.03130
48.18400,0.05844
48.18800,0.03897
48.19200,0.06220
48.19600,0.02177
48.20000,0.02132
48.20400,0.06024
48.20800,0.07760
48.21200,0.02238
48.21600,0.04468
48.22000,0.03976
48.22400,0.03291
48.22800,0.06915
48.23200,0.05141
48.23600,0.02220
48.24000,0.04638
48.24400,0.07634
48.24800,0.03708
48.25200,0.03944
48.25600,0.03479
48.26000,0.05292
48.26400,0.03987
48.26800,0.06740
48.27200,0.03464
48.27600,0.02054
48.28000,0.05876
48.28400,-0.01373
48.28800,0.03232
48.29200,0.05511
48.29600,0.05480
48.30000,0.03794
48.30400,0.04173
48.30800,0.05981
48.31200,0.12024
48.31600,0.03331
48.32000,0.04663
48.32400,0.04020
48.32800,0.06035
48.33200,0.04943
48.33600,0.06031
48.34000,0.08175
48.34400,0.04468
48.34800,0.04335
48.35200,0.05683
48.35600,0.09091
48.36000,0.04293
48.36400,0.08269
48.36800,0.07195
48.37200,-0.00569
48.37600,0.03083
48.38000,0.02928
48.38400,0.05697
48.38800,0.07528
48.39200,0.05045
48.39600,0.05196
48.40000,0.09016
48.40400,0.05574
48.40800,0.08978
48.41200,0.03070
48.41600,0.08021
48.42000,0.03837
48.42400,0.00338
48.42800,0.03187
48.43200,0.04007
48.43600,0.04743
48.44000,0.06316
48.44400,0.06197
48.44800,0.05866
48.45200,0.03321
48.45600,0.08234
48.46000,0.07194
48.46400,0.04931
48.46800,0.03652
48.47200,0.04763
48.47600,0.04339
48.48000,0.03531
48.48400,0.04751
48.48800,0.03581
48.49200,0.06044
48.49600,0.03593
48.50000,0.05732
48.50400,0.05421
48.50800,0.05085
48.51200,0.05806
48.51600,0.02716
48.52000,0.09704
48.52400,0.03434
48.52800,0.06318
48.53200,0.04998
48.53600,0.04323
48.54000,0.08728
48.54400,0.07644
48.54800,0.05283
48.55200,0.07384
48.55600,0.08159
48.56000,0.10488
48.56400,0.10228
48.56800,0.08801
48.57200,0.09481
48.57600,0.08810
48.58000,0.12416
48.58400,0.14465
48.58800,0.12748
48.59200,0.15423
48.59600,0.14738
48.60000,0.13781
48.60400,0.12024
48.60800,0.16241
48.61200,0.18546
48.61600,0.13803
48.62000,0.09663
48.62400,0.08962
48.62800,0.10387
48.63200,0.10228
48.63600,0.11106
48.64000,0.02793
48.64400,0.10331
48.64800,0.06455
48.65200,0.05915
48.65600,0.06085
48.66000,0.04328
48.66400,0.04359
48.66800,0.06814
48.67200,0.01388
48.67600,0.04313
48.68000,0.05607
48.68400,0.01168
48.68800,0.04188
48.69200,0.07476
48.69600,0.05163
48.70000,0.05805
48.70400,0.05769
48.70800,0.04812
48.71200,0.05090
48.71600,0.02726
48.72000,0.03996
48.72400,0.08021
48.72800,0.02037
48.73200,0.03941
48.73600,0.01855
48.74000,0.02968
48.74400,0.02274
48.74800,0.00578
48.75200,0.02446
48.75600,-0.01508
48.76000,-0.00380
48.76400,0.00752
48.76800,-0.07546
48.77200,0.00174
48.77600,0.04671
48.78000,0.22361
48.78400,0.43003
48.78800,0.65549
48.79200,0.89224
48.79600,1.02523
48.80000,1.03464
48.80400,1.01667
48.80800,0.78193
48.81200,0.54942
48.81600,0.30403
48.82000,0.06614
48.82400,-0.06230
48.82800,-0.11360
48.83200,-0.19646
48.83600,-0.18090
48.84000,-0.11843
48.84400,-0.07169
48.84800,-0.05460
48.85200,-0.04797
48.85600,0.03576
48.86000,0.03832
48.86400,0.01331
48.86800,0.05412
48.87200,0.04513
48.87600,0.05200
48.88000,0.02692
48.88400,0.05109
48.88800,0.06936
48.89200,0.03002
48.89600,0.05180
48.90000,0.09810
48.90400,0.12567
48.90800,0.11044
48.91200,0.10748
48.91600,0.09930
48.92000,0.12749
48.92400,0.14483
48.92800,0.17479
48.93200,0.17792
48.93600,0.24817
48.94000,0.24514
48.94400,0.19523
48.94800,0.23083
48.95200,0.27138
48.95600,0.30632
48.96000,0.30877
48.96400,0.25762
48.96800,0.29147
48.97200,0.35653
48.97600,0.34543
48.98000,0.38642
48.98400,0.34910
48.98800,0.33815
48.99200,0.35096
48.99600,0.30253
49.00000,0.28907
49.00400,0.26449
49.00800,0.27392
49.01200,0.26050
49.01600,0.25199
49.02000,0.24449
49.02400,0.20943
49.02800,0.20388
49.03200,0.15747
49.03600,0.12613
49.04000,0.14434
49.04400,0.13622
49.04800,0.12893
49.05200,0.08822
49.05600,0.07267
49.06000,0.06511
49.06400,0.07188
49.06800,0.05714
49.07200,0.04934
49.07600,0.05302
49.08000,0.03883
49.08400,0.04768
49.08800,0.02722
49.09200,0.00535
49.09600,0.02900
49.10000,0.07118
49.10400,0.01703
49.10800,0.04972
49.11200,0.05670
49.11600,0.01925
49.12000,0.03489
49.12400,-0.01645
49.12800,0.04016
49.13200,0.05948
49.13600,0.03221
49.14000,-0.01171
49.14400,0.01709
49.14800,0.01280
49.15200,0.02989
49.15600,0.03301
49.16000,0.01941
49.16400,0.02065
49.16800,0.01125
49.17200,0.03794
49.17600,0.03031
49.18000,0.03297
49.18400,0.01642
49.18800,0.03551
49.19200,0.01992
49.19600,0.03116
49.20000,0.02217
49.20400,0.01148
49.20800,0.00380
49.21200,-0.01301
49.21600,-0.00180
49.22000,0.03317
49.22400,0.08644
49.22800,-0.00942
49.23200,0.00787
49.23600,0.02286
49.24000,0.09150
49.24400,0.01849
49.24800,0.00024
49.25200,0.03058
49.25600,0.06221
49.26000,-0.03431
49.26400,-0.00074
49.26800,0.04609
49.27200,-0.00107
49.27600,0.01873
49.28000,0.00869
49.28400,0.03567
49.28800,-0.00759
49.29200,0.02613
49.29600,0.02407
49.30000,0.03077
49.30400,0.02761
49.30800,0.02206
49.31200,-0.01525
49.31600,0.01202
49.32000,0.00025
49.32400,0.02867
49.32800,0.01347
49.33200,0.02060
49.33600,0.03870
49.34000,0.01492
49.34400,0.04943
49.34800,0.03334
49.35200,-0.01207
49.35600,0.00439
49.36000,0.03948
49.36400,0.00561
49.36800,0.03855
49.37200,0.00385
49.37600,0.01267
49.38000,0.03524
49.38400,-0.01585
49.38800,0.01567
49.39200,0.00527
49.39600,0.01703
49.40000,0.04650
49.40400,0.02295
49.40800,-0.01304
49.41200,0.03188
49.41600,0.00377
49.42000,0.01542
49.42400,0.03431
49.42800,0.00539
49.43200,0.02992
49.43600,0.01466
49.44000,-0.00648
49.44400,0.00437
49.44800,-0.01577
49.45200,0.03374
49.45600,0.01304
49.46000,0.02892
49.46400,-0.01214
49.46800,0.02597
49.47200,-0.01422
49.47600,0.01410
49.48000,0.00803
49.48400,-0.00388
49.48800,0.01369
49.49200,0.00810
49.49600,-0.00953
49.50000,-0.00801
49.50400,-0.01850
49.50800,0.03379
49.51200,0.00905
49.51600,-0.00147
49.52000,0.01897
49.52400,-0.01198
49.52800,-0.01738
49.53200,0.01191
49.53600,0.03526
49.54000,0.01038
49.54400,0.00731
49.54800,0.03915
49.55200,-0.02548
49.55600,0.06589
49.56000,-0.01596
49.56400,0.00482
49.56800,-0.01804
49.57200,-0.01422
49.57600,0.00861
49.58000,0.06616
49.58400,0.00424
49.58800,0.01631
49.59200,0.04129
49.59600,0.02398
49.60000,0.04849
49.60400,0.07920
49.60800,0.02995
49.61200,0.07462
49.61600,0.08235
49.62000,0.08336
49.62400,0.09480
49.62800,0.06206
49.63200,0.08802
49.63600,0.08205
49.64000,0.06642
49.64400,0.10367
49.64800,0.10799
49.65200,0.07541
49.65600,0.03272
49.66000,0.06829
49.66400,0.04063
49.66800,0.00664
49.67200,0.02789
49.67600,-0.00113
49.68000,0.01693
49.68400,0.02060
49.68800,0.02176
49.69200,-0.02385
49.69600,-0.00678
49.70000,-0.00546
49.70400,-0.03005
49.70800,0.00122
49.71200,0.00582
49.71600,-0.03570
49.72000,-0.01910
49.72400,-0.03090
49.72800,-0.03373
49.73200,-0.03075
49.73600,0.01693
49.74000,-0.02328
49.74400,-0.01792
49.74800,0.00920
49.75200,0.00897
49.75600,0.01687
49.76000,-0.05201
49.76400,0.00238
49.76800,-0.04860
49.77200,-0.03096
49.77600,-0.03307
49.78000,-0.04755
49.78400,-0.01380
49.78800,-0.07354
49.79200,-0.06191
49.79600,-0.08736
49.80000,-0.05254
49.80400,0.03952
49.80800,0.17789
49.81200,0.37548
49.81600,0.56050
49.82000,0.82167
49.82400,0.97075
49.82800,1.02117
49.83200,0.92770
49.83600,0.74959
49.84000,0.46778
49.84400,0.26171
49.84800,0.00165
49.85200,-0.09515
49.85600,-0.18271
49.86000,-0.22525
49.86400,-0.21251
49.86800,-0.15425
49.87200,-0.13382
49.87600,-0.11431
49.88000,-0.05638
49.88400,-0.06652
49.88800,-0.03857
49.89200,0.01356
49.89600,-0.00217
49.90000,-0.02380
49.90400,-0.01339
49.90800,-0.02210
49.91200,-0.00590
49.91600,-0.03048
49.92000,0.01686
49.92400,0.01000
49.92800,0.00509
49.93200,0.01309
49.93600,0.08627
49.94000,0.03735
49.94400,0.04937
49.94800,0.06067
49.95200,0.07763
49.95600,0.12940
49.96000,0.13326
49.96400,0.14599
49.96800,0.16258
49.97200,0.15057
49.97600,0.14386
49.98000,0.23766
49.98400,0.23687
49.98800,0.24117
49.99200,0.25416
49.99600,0.26233
50.00000,0.26572
50.00400,0.26422
50.00800,0.22737
50.01200,0.28027
50.01600,0.26510
50.02000,0.27619
50.02400,0.25247
50.02800,0.22831
50.03200,0.23132
50.03600,0.20729
50.04000,0.17767
50.04400,0.16076
50.04800,0.14162
50.05200,0.12546
50.05600,0.10470
50.06000,0.11558
50.06400,0.13616
50.06800,0.06164
50.07200,0.07144
50.07600,-0.00277
50.08000,-0.03779
50.08400,0.00529
50.08800,0.00273
50.09200,-0.01687
50.09600,-0.03517
50.10000,-0.03137
50.10400,-0.02904
50.10800,-0.01993
50.11200,-0.03278
50.11600,-0.05289
50.12000,-0.03823
50.12400,-0.00252
50.12800,-0.05132
50.13200,-0.03402
50.13600,-0.01664
50.14000,-0.05312
50.14400,-0.04874
50.14800,0.01973
50.15200,-0.01453
50.15600,-0.04957
50.16000,-0.03628
50.16400,-0.03771
50.16800,-0.03716
50.17200,-0.03101
50.17600,-0.04642
50.18000,-0.08522
50.18400,-0.05983
50.18800,-0.03836
50.19200,-0.06822
50.19600,-0.04836
50.20000,-0.01292
50.20400,-0.03764
50.20800,-0.05541
50.21200,-0.04013
50.21600,-0.02274
50.22000,-0.07763
50.22400,-0.06796
50.22800,-0.05714
50.23200,-0.05267
50.23600,-0.04613
50.24000,-0.05589
50.24400,-0.04270
50.24800,-0.04338
50.25200,-0.06865
50.25600,-0.05771
50.26000,-0.07060
50.26400,-0.04045
50.26800,-0.04106
50.27200,-0.03381
50.27600,-0.06426
50.28000,-0.05734
50.28400,-0.09159
50.28800,-0.04723
50.29200,-0.08000
50.29600,-0.04119
50.30000,-0.02658
50.30400,-0.03972
50.30800,-0.03605
50.31200,-0.04440
50.31600,-0.04163
50.32000,-0.03102
50.32400,-0.02424
50.32800,-0.01047
50.33200,-0.05525
50.33600,-0.03396
50.34000,-0.03305
50.34400,-0.04229
50.34800,-0.04545
50.35200,-0.07558
50.35600,-0.02947
50.36000,-0.06861
50.36400,-0.06470
50.36800,-0.06846
50.37200,-0.04090
50.37600,-0.07107
50.38000,-0.04336
50.38400,-0.04174
50.38800,-0.05088
50.39200,-0.05970
50.39600,-0.04141
50.40000,-0.02806
50.40400,-0.06293
50.40800,-0.07431
50.41200,-0.06611
50.41600,-0.07136
50.42000,-0.05924
50.42400,-0.05769
50.42800,-0.10086
50.43200,-0.02674
50.43600,-0.07152
50.44000,-0.06376
50.44400,-0.09475
50.44800,-0.09407
50.45200,-0.07628
50.45600,-0.05175
50.46000,-0.03942
50.46400,-0.09169
50.46800,-0.05230
50.47200,-0.02754
50.47600,-0.06274
50.48000,-0.03947
50.48400,-0.05125
50.48800,-0.07557
50.49200,-0.03797
50.49600,-0.06979
50.50000,-0.05108
50.50400,-0.06610
50.50800,-0.06280
50.51200,-0.05567
50.51600,-0.03242
50.52000,-0.09161
50.52400,-0.08135
50.52800,-0.05721
50.53200,-0.03982
50.53600,-0.06292
50.54000,-0.06293
50.54400,-0.04874
50.54800,-0.02706
50.55200,-0.07532
50.55600,-0.08849
50.56000,-0.06040
50.56400,-0.03729
50.56800,-0.07486
50.57200,-0.02268
50.57600,-0.02168
50.58000,-0.01774
50.58400,-0.04235
50.58800,-0.04328
50.59200,0.00442
50.59600,0.00644
50.60000,0.02395
50.60400,-0.00752
50.60800,-0.03044
50.61200,0.05498
50.61600,0.05560
50.62000,0.03183
50.62400,0.03585
50.62800,0.04114
50.63200,0.04059
50.63600,0.01456
50.64000,-0.00063
50.64400,-0.01980
50.64800,0.00978
50.65200,-0.01758
50.65600,-0.09435
50.66000,-0.02922
50.66400,-0.05381
50.66800,-0.07368
50.67200,-0.06262
50.67600,-0.08169
50.68000,-0.06753
50.68400,-0.07167
50.68800,-0.05225
50.69200,-0.08336
50.69600,-0.09912
50.70000,-0.07643
50.70400,-0.09136
50.70800,-0.05016
50.71200,-0.06912
50.71600,-0.09865
50.72000,-0.08238
50.72400,-0.06605
50.72800,-0.06639
50.73200,-0.10244
50.73600,-0.06829
50.74000,-0.05998
50.74400,-0.04685
50.74800,-0.04426
50.75200,-0.06888
50.75600,-0.09317
50.76000,-0.07610
50.76400,-0.05935
50.76800,-0.09670
50.77200,-0.06461
50.77600,-0.12388
50.78000,-0.14584
50.78400,-0.12155
50.78800,-0.13849
50.79200,-0.09767
50.79600,-0.02907
50.80000,0.11783
50.80400,0.30200
50.80800,0.57923
50.81200,0.77323
50.81600,0.91098
50.82000,0.96771
50.82400,0.89420
50.82800,0.68047
50.83200,0.44629
50.83600,0.19320
50.84000,-0.03546
50.84400,-0.18809
50.84800,-0.25547
50.85200,-0.27894
50.85600,-0.26342
50.86000,-0.25703
50.86400,-0.17465
50.86800,-0.12543
50.87200,-0.10811
50.87600,-0.05534
50.88000,-0.06023
50.88400,-0.07639
50.88800,-0.07764
50.89200,-0.05122
50.89600,-0.06546
50.90000,-0.08731
50.90400,-0.04899
50.90800,-0.05279
50.91200,-0.04586
50.91600,-0.02290
50.92000,-0.02387
50.92400,0.02148
50.92800,-0.02320
50.93200,0.00052
50.93600,0.02111
50.94000,0.02032
50.94400,0.03435
50.94800,0.09545
50.95200,0.04961
50.95600,0.10244
50.96000,0.07971
50.96400,0.13852
50.96800,0.11237
50.97200,0.14321
50.97600,0.20422
50.98000,0.22715
50.98400,0.21109
50.98800,0.16429
50.99200,0.24534
50.99600,0.23508
51.00000,0.21031
51.00400,0.22315
51.00800,0.20024
51.01200,0.21668
51.01600,0.20702
51.02000,0.19898
51.02400,0.19764
51.02800,0.15378
51.03200,0.10707
51.03600,0.10867
51.04000,0.08953
51.04400,0.08839
51.04800,0.06951
51.05200,0.05999
51.05600,0.07101
51.06000,0.02997
51.06400,-0.00534
51.06800,-0.00327
51.07200,-0.02544
51.07600,-0.02328
51.08000,-0.01599
51.08400,-0.05722
51.08800,-0.02744
51.09200,-0.01076
51.09600,-0.02139
51.10000,-0.02199
51.10400,-0.05558
51.10800,-0.08656
51.11200,-0.02276
51.11600,-0.06391
51.12000,-0.05953
51.12400,-0.07191
51.12800,-0.08355
51.13200,-0.05353
51.13600,-0.09312
51.14000,-0.09378
51.14400,-0.05587
51.14800,-0.07405
51.15200,-0.08283
51.15600,-0.05673
51.16000,-0.03921
51.16400,-0.07223
51.16800,-0.06915
51.17200,-0.05530
51.17600,-0.04835
51.18000,-0.04574
51.18400,-0.05321
51.18800,-0.07945
51.19200,-0.05589
51.19600,-0.06591
51.20000,-0.09870
51.20400,-0.04128
51.20800,-0.05479
51.21200,-0.03844
51.21600,-0.06691
51.22000,-0.05107
51.22400,-0.06685
51.22800,-0.06215
51.23200,-0.04779
51.23600,-0.06406
51.24000,-0.05337
51.24400,-0.06572
51.24800,-0.04135
51.25200,-0.05184
51.25600,-0.09661
51.26000,-0.03158
51.26400,-0.05610
51.26800,-0.07461
51.27200,-0.07634
51.27600,-0.02463
51.28000,-0.06242
51.28400,-0.05388
51.28800,-0.05247
51.29200,-0.07572
51.29600,-0.03007
51.30000,-0.02173
51.30400,-0.07847
51.30800,-0.04077
51.31200,-0.09461
51.31600,-0.06984
51.32000,-0.06186
51.32400,-0.06188
51.32800,-0.05185
51.33200,-0.05466
51.33600,-0.05541
51.34000,-0.06515
51.34400,-0.05650
51.34800,-0.07324
51.35200,-0.02432
51.35600,-0.06072
51.36000,-0.03801
51.36400,-0.05961
51.36800,-0.06443
51.37200,-0.06503
51.37600,-0.08609
51.38000,-0.01987
51.38400,-0.05311
51.38800,-0.05832
51.39200,-0.06967
51.39600,-0.03519
51.40000,-0.06683
51.40400,-0.06952
51.40800,-0.07061
51.41200,-0.02941
51.41600,-0.05398
51.42000,-0.06268
51.42400,-0.07194
51.42800,-0.03388
51.43200,-0.05364
51.43600,-0.06544
51.44000,-0.04133
51.44400,-0.04053
51.44800,-0.07628
51.45200,-0.03333
51.45600,-0.03382
51.46000,-0.05753
51.46400,-0.07555
51.46800,-0.02480
51.47200,-0.04862
51.47600,-0.04050
51.48000,-0.03528
51.48400,-0.02731
51.48800,0.00282
51.49200,-0.02536
51.49600,0.01633
51.50000,0.03883
51.50400,0.04505
51.50800,0.04698
51.51200,0.04379
51.51600,0.03874
51.52000,0.04173
51.52400,0.02558
51.52800,0.07136
51.53200,0.03135
51.53600,0.00684
51.54000,0.03402
51.54400,0.03694
51.54800,0.00416
51.55200,-0.01664
51.55600,-0.04101
51.56000,-0.01418
51.56400,-0.03763
51.56800,-0.05079
51.57200,-0.03032
51.57600,-0.07016
51.58000,-0.03320
51.58400,-0.09592
51.58800,-0.06276
51.59200,-0.07861
51.59600,-0.05650
51.60000,-0.03674
51.60400,-0.07766
51.60800,-0.02604
51.61200,-0.06527
51.61600,-0.06099
51.62000,-0.03194
51.62400,-0.06538
51.62800,-0.02249
51.63200,-0.05502
51.63600,-0.05272
51.64000,-0.06912
51.64400,-0.02782
51.64800,-0.05174
51.65200,-0.05998
51.65600,-0.06910
51.66000,-0.06478
51.66400,-0.05744
51.66800,-0.07591
51.67200,-0.05734
51.67600,-0.08836
51.68000,-0.11738
51.68400,-0.11038
51.68800,-0.09104
51.69200,-0.12617
51.69600,0.00263
51.70000,0.15771
51.70400,0.33555
51.70800,0.57846
51.71200,0.75067
51.71600,0.91891
51.72000,0.99779
51.72400,0.89697
51.72800,0.71295
51.73200,0.47646
51.73600,0.21739
51.74000,0.00606
51.74400,-0.16030
51.74800,-0.23524
51.75200,-0.22580
51.75600,-0.24248
51.76000,-0.22288
51.76400,-0.15982
51.76800,-0.09828
51.77200,-0.05063
51.77600,-0.06300
51.78000,-0.06493
51.78400,-0.03359
51.78800,-0.03402
51.79200,-0.01414
51.79600,-0.02297
51.80000,-0.01566
51.80400,-0.01580
51.80800,-0.01339
51.81200,-0.03335
51.81600,-0.01224
51.82000,0.03022
51.82400,0.03279
51.82800,0.03693
51.83200,0.03681
51.83600,0.04033
51.84000,0.06301
51.84400,0.06564
51.84800,0.10892
51.85200,0.09982
51.85600,0.10923
51.86000,0.11074
51.86400,0.18982
51.86800,0.16385
51.87200,0.17915
51.87600,0.21965
51.88000,0.25988
51.88400,0.25158
51.88800,0.24197
51.89200,0.26715
51.89600,0.24474
51.90000,0.25752
51.90400,0.26136
51.90800,0.25720
51.91200,0.26429
51.91600,0.25076
51.92000,0.26360
51.92400,0.23057
51.92800,0.19300
51.93200,0.18700
51.93600,0.14797
51.94000,0.13460
51.94400,0.12174
51.94800,0.13083
51.95200,0.08061
51.95600,0.04757
51.96000,0.04344
51.96400,0.02584
51.96800,0.03287
51.97200,0.01975
51.97600,-0.00668
51.98000,-0.00814
51.98400,-0.00829
51.98800,0.00148
51.99200,-0.00023
51.99600,0.01017
52.00000,-0.02437
52.00400,-0.00952
52.00800,-0.02301
52.01200,-0.04690
52.01600,-0.03939
52.02000,0.01476
52.02400,-0.03201
52.02800,0.00316
52.03200,-0.01410
52.03600,0.00298
52.04000,-0.03352
52.04400,-0.01124
52.04800,-0.03559
52.05200,-0.05074
52.05600,-0.05172
52.06000,-0.02034
52.06400,-0.05974
52.06800,-0.02139
52.07200,-0.04536
52.07600,-0.02121
52.08000,-0.05444
52.08400,-0.01118
52.08800,-0.03243
52.09200,-0.05696
52.09600,-0.05487
52.10000,-0.02560
52.10400,-0.05819
52.10800,-0.02004
52.11200,-0.01769
52.11600,-0.03875
52.12000,-0.00005
52.12400,0.00245
52.12800,-0.02010
52.13200,-0.01632
52.13600,-0.01670
52.14000,-0.02982
52.14400,-0.00042
52.14800,-0.03469
52.15200,-0.07232
52.15600,-0.02351
52.16000,-0.01606
52.16400,-0.00752
52.16800,-0.04485
52.17200,0.00387
52.17600,-0.03906
52.18000,-0.01044
52.18400,-0.00938
52.18800,-0.01881
52.19200,-0.00134
52.19600,-0.03140
52.20000,0.01638
52.20400,-0.01192
52.20800,-0.02988
52.21200,0.02942
52.21600,-0.02166
52.22000,-0.05199
52.22400,0.00569
52.22800,0.00973
52.23200,-0.03163
52.23600,-0.03895
52.24000,0.00099
52.24400,-0.01826
52.24800,-0.03809
52.25200,-0.02831
52.25600,-0.01824
52.26000,0.00043
52.26400,0.01045
52.26800,-0.03019
52.27200,0.01027
52.27600,-0.04704
52.28000,-0.00485
52.28400,-0.02007
52.28800,-0.00967
52.29200,-0.02543
52.29600,-0.03098
52.30000,-0.01111
52.30400,0.00421
52.30800,-0.05906
52.31200,-0.01579
52.31600,-0.02361
52.32000,-0.03663
52.32400,-0.04144
52.32800,-0.00620
52.33200,-0.00429
52.33600,-0.00340
52.34000,-0.05309
52.34400,-0.04401
52.34800,-0.02611
52.35200,-0.02301
52.35600,0.02025
52.36000,-0.02172
52.36400,-0.01102
52.36800,0.00479
52.37200,0.01923
52.37600,-0.00663
52.38000,-0.00608
52.38400,0.02335
52.38800,-0.02012
52.39200,-0.04686
52.39600,-0.02647
52.40000,-0.01846
52.40400,0.01381
52.40800,-0.00614
52.41200,0.01216
52.41600,-0.00972
52.42000,-0.00979
52.42400,-0.02198
52.42800,-0.03370
52.43200,-0.00046
52.43600,-0.00148
52.44000,0.00266
52.44400,-0.01625
52.44800,-0.01263
52.45200,0.00612
52.45600,0.01307
52.46000,0.04540
52.46400,-0.00485
52.46800,0.03834
52.47200,0.04302
52.47600,0.03077
52.48000,0.04718
52.48400,0.05413
52.48800,0.09309
52.49200,0.12320
52.49600,0.08712
52.50000,0.08293
52.50400,0.10896
52.50800,0.10278
52.51200,0.08784
52.51600,0.10316
52.52000,0.09858
52.52400,0.06779
52.52800,0.08204
52.53200,0.01401
52.53600,0.02272
52.54000,0.03272
52.54400,0.03248
52.54800,-0.00538
52.55200,0.04359
52.55600,0.00386
52.56000,0.00907
52.56400,0.00301
52.56800,0.01497
52.57200,-0.01139
52.57600,0.01195
52.58000,-0.01809
52.58400,-0.03133
52.58800,0.00725
52.59200,-0.00049
52.59600,0.01431
52.60000,-0.04021
52.60400,-0.00039
52.60800,-0.01537
52.61200,-0.00587
52.61600,-0.01034
52.62000,-0.00917
52.62400,-0.01522
52.62800,0.01815
52.63200,-0.03484
52.63600,-0.03369
52.64000,0.00429
52.64400,0.03700
52.64800,-0.01859
52.65200,-0.02403
52.65600,-0.03580
52.66000,-0.04321
52.66400,-0.01590
52.66800,-0.04346
52.67200,-0.05439
52.67600,-0.06257
52.68000,-0.03283
52.68400,0.03340
52.68800,0.16595
52.69200,0.39376
52.69600,0.65705
52.70000,0.82158
52.70400,1.00542
52.70800,1.01366
52.71200,0.94718
52.71600,0.79322
52.72000,0.51031
52.72400,0.27121
52.72800,0.03408
52.73200,-0.06606
52.73600,-0.20529
52.74000,-0.19146
52.74400,-0.19000
52.74800,-0.14340
52.75200,-0.09881
52.75600,-0.04164
52.76000,-0.02207
52.76400,0.00266
52.76800,0.00125
52.77200,-0.01774
52.77600,0.03247
52.78000,0.04110
52.78400,0.02287
52.78800,0.03324
52.79200,0.01656
52.79600,-0.00144
52.80000,0.04983
52.80400,0.02446
52.80800,0.08173
52.81200,0.06842
52.81600,0.06409
52.82000,0.06487
52.82400,0.09084
52.82800,0.08419
52.83200,0.11115
52.83600,0.16641
52.84000,0.14640
52.84400,0.20634
52.84800,0.18642
52.85200,0.21538
52.85600,0.20688
52.86000,0.23650
52.86400,0.24899
52.86800,0.24568
52.87200,0.32087
52.87600,0.30632
52.88000,0.29994
52.88400,0.28571
52.88800,0.30839
52.89200,0.28681
52.89600,0.28369
52.90000,0.29212
52.90400,0.32632
52.90800,0.24031
52.91200,0.26985
52.91600,0.23377
52.92000,0.17157
52.92400,0.18257
52.92800,0.18861
52.93200,0.17512
52.93600,0.14117
52.94000,0.17364
52.94400,0.13256
52.94800,0.09584
52.95200,0.06217
52.95600,0.08505
52.96000,0.05696
52.96400,0.08038
52.96800,0.03135
52.97200,0.06776
52.97600,0.02883
52.98000,0.03686
52.98400,0.02287
52.98800,0.03733
52.99200,0.04354
52.99600,0.00964
53.00000,0.00050
53.00400,0.05381
53.00800,0.03355
53.01200,0.05233
53.01600,0.03230
53.02000,0.01704
53.02400,0.04459
53.02800,0.00110
53.03200,0.00518
53.03600,0.00625
53.04000,0.02641
53.04400,-0.00241
53.04800,0.01015
53.05200,-0.00208
53.05600,0.00927
53.06000,0.03629
53.06400,0.03515
53.06800,0.01051
53.07200,0.06281
53.07600,0.00143
53.08000,0.02322
53.08400,0.00605
53.08800,-0.02744
53.09200,-0.00743
53.09600,0.03868
53.10000,-0.01627
53.10400,0.07111
53.10800,0.01372
53.11200,0.02075
53.11600,0.04070
53.12000,0.01643
53.12400,0.00431
53.12800,0.00450
53.13200,-0.00136
53.13600,0.02690
53.14000,0.00803
53.14400,0.02644
53.14800,-0.01172
53.15200,0.00871
53.15600,0.05771
53.16000,0.02416
53.16400,0.01595
53.16800,0.04010
53.17200,0.02359
53.17600,0.04700
53.18000,-0.00409
53.18400,0.03265
53.18800,-0.00185
53.19200,0.03126
53.19600,0.06674
53.20000,0.04774
53.20400,0.00261
53.20800,0.02683
53.21200,0.02843
53.21600,0.00531
53.22000,0.02452
53.22400,-0.00103
53.22800,0.03885
53.23200,0.03704
53.23600,0.01715
53.24000,0.03299
53.24400,0.06688
53.24800,0.01708
53.25200,-0.01552
53.25600,0.02680
53.26000,0.01228
53.26400,0.00573
53.26800,0.03887
53.27200,0.04005
53.27600,0.03319
53.28000,0.05238
53.28400,0.00960
53.28800,0.01348
53.29200,0.03029
53.29600,-0.03000
53.30000,-0.03074
53.30400,0.02855
53.30800,0.01848
53.31200,0.02335
53.31600,0.00419
53.32000,0.02683
53.32400,0.04370
53.32800,0.01067
53.33200,0.03440
53.33600,0.02007
53.34000,0.02059
53.34400,0.02551
53.34800,0.05326
53.35200,0.03350
53.35600,0.03751
53.36000,0.02668
53.36400,-0.01737
53.36800,0.04208
53.37200,0.02432
53.37600,0.02616
53.38000,0.01511
53.38400,-0.00490
53.38800,0.05423
53.39200,0.05992
53.39600,0.05605
53.40000,-0.01006
53.40400,0.03645
53.40800,0.00284
53.41200,0.02237
53.41600,0.01579
53.42000,0.01416
53.42400,0.01117
53.42800,0.01712
53.43200,0.04102
53.43600,0.05815
53.44000,0.04424
53.44400,0.02689
53.44800,0.02414
53.45200,0.02285
53.45600,0.02717
53.46000,0.01643
53.46400,0.02539
53.46800,0.04679
53.47200,0.02696
53.47600,0.01777
53.48000,0.03356
53.48400,0.04147
53.48800,0.04235
53.49200,0.04470
53.49600,0.06958
53.50000,0.06339
53.50400,0.05331
53.50800,0.09356
53.51200,0.07824
53.51600,0.11702
53.52000,0.12619
53.52400,0.12814
53.52800,0.13024
53.53200,0.10230
53.53600,0.12582
53.54000,0.13128
53.54400,0.13711
53.54800,0.09758
53.55200,0.10866
53.55600,0.07324
53.56000,0.09688
53.56400,0.08586
53.56800,0.07710
53.57200,0.09893
53.57600,0.07280
53.58000,0.04890
53.58400,0.03597
53.58800,0.03449
53.59200,0.05459
53.59600,0.05544
53.60000,0.02588
53.60400,0.03243
53.60800,0.02529
53.61200,0.04689
53.61600,0.03651
53.62000,0.01903
53.62400,0.01580
53.62800,0.05858
53.63200,0.00609
53.63600,-0.00214
53.64000,-0.02577
53.64400,0.07333
53.64800,0.02306
53.65200,0.05055
53.65600,0.04433
53.66000,0.05050
53.66400,0.05553
53.66800,0.02484
53.67200,0.03284
53.67600,0.05133
53.68000,0.03914
53.68400,0.00765
53.68800,-0.00299
53.69200,-0.03184
53.69600,-0.01677
53.70000,-0.04590
53.70400,-0.06419
53.70800,-0.01226
53.71200,0.08566
53.71600,0.22379
53.72000,0.41224
53.72400,0.64909
53.72800,0.87585
53.73200,0.99365
53.73600,1.04628
53.74000,1.00128
53.74400,0.80904
53.74800,0.51986
53.75200,0.27962
53.75600,0.10882
53.76000,-0.05352
53.76400,-0.14920
53.76800,-0.14834
53.77200,-0.12301
53.77600,-0.08578
53.78000,-0.09752
53.78400,-0.05746
53.78800,-0.01320
53.79200,0.01566
53.79600,0.02277
53.80000,0.04185
53.80400,0.07152
53.80800,0.06662
53.81200,0.06856
53.81600,0.05205
53.82000,0.08877
53.82400,0.06937
53.82800,0.07122
53.83200,0.07231
53.83600,0.04452
53.84000,0.13036
53.84400,0.09921
53.84800,0.12803
53.85200,0.16858
53.85600,0.13413
53.86000,0.13056
53.86400,0.18901
53.86800,0.19190
53.87200,0.18671
53.87600,0.24234
53.88000,0.24153
53.88400,0.24089
53.88800,0.22792
53.89200,0.27294
53.89600,0.31382
53.90000,0.29875
53.90400,0.34739
53.90800,0.37991
53.91200,0.34690
53.91600,0.34720
53.92000,0.33958
53.92400,0.35405
53.92800,0.33024
53.93200,0.34068
53.93600,0.33499
53.94000,0.31095
53.94400,0.25979
53.94800,0.27480
53.95200,0.23871
53.95600,0.23222
53.96000,0.22622
53.96400,0.17733
53.96800,0.17698
53.97200,0.18616
53.97600,0.12591
53.98000,0.12452
53.98400,0.12929
53.98800,0.09995
53.99200,0.11387
53.99600,0.06609
54.00000,0.04970
54.00400,0.07980
54.00800,0.06419
54.01200,0.06897
54.01600,0.07730
54.02000,0.07716
54.02400,0.04724
54.02800,0.04479
54.03200,0.01381
54.03600,0.03082
54.04000,0.05368
54.04400,0.05308
54.04800,0.01983
54.05200,0.06368
54.05600,0.04695
54.06000,0.06970
54.06400,0.04092
54.06800,0.06706
54.07200,0.02665
54.07600,0.01153
54.08000,0.03255
54.08400,0.06215
54.08800,0.05594
54.09200,0.01128
54.09600,0.05118
54.10000,0.06203
54.10400,0.08058
54.10800,0.06447
54.11200,0.05857
54.11600,0.01806
54.12000,0.05622
54.12400,0.01066
54.12800,0.04376
54.13200,0.04249
54.13600,0.03114
54.14000,0.03000
54.14400,0.04720
54.14800,0.06178
54.15200,0.03783
54.15600,0.05649
54.16000,0.06387
54.16400,0.05032
54.16800,0.08697
54.17200,0.04486
54.17600,0.03695
54.18000,0.01372
54.18400,0.07147
54.18800,0.06492
54.19200,0.04782
54.19600,0.05790
54.20000,0.04911
54.20400,0.06922
54.20800,0.05160
54.21200,0.05671
54.21600,0.05056
54.22000,0.03493
54.22400,0.01013
54.22800,0.06345
54.23200,0.02888
54.23600,0.06078
54.24000,0.06489
54.24400,0.09040
54.24800,0.03884
54.25200,0.05633
54.25600,0.07120
54.26000,0.04037
54.26400,0.04227
54.26800,0.06269
54.27200,0.09284
54.27600,0.07538
54.28000,0.07203
54.28400,0.03522
54.28800,0.06662
54.29200,0.07704
54.29600,0.03035
54.30000,0.05492
54.30400,0.05087
54.30800,0.06768
54.31200,0.02172
54.31600,0.06909
54.32000,0.05496
54.32400,0.05007
54.32800,0.01506
54.33200,0.01455
54.33600,0.04508
54.34000,0.06864
54.34400,0.06365
54.34800,0.07081
54.35200,0.02360
54.35600,0.06017
54.36000,0.08152
54.36400,0.02570
54.36800,0.06852
54.37200,0.04215
54.37600,0.06678
54.38000,0.05873
54.38400,0.02575
54.38800,0.03617
54.39200,0.08088
54.39600,0.05498
54.40000,0.08040
54.40400,0.06400
54.40800,0.07406
54.41200,0.04968
54.41600,0.06149
54.42000,0.05032
54.42400,0.07469
54.42800,0.04649
54.43200,0.07869
54.43600,0.08917
54.44000,0.03488
54.44400,0.05491
54.44800,0.06841
54.45200,0.09372
54.45600,0.08034
54.46000,0.06086
54.46400,0.02660
54.46800,0.07694
54.47200,0.04988
54.47600,0.06649
54.48000,0.07195
54.48400,0.03927
54.48800,0.09050
54.49200,0.09317
54.49600,0.09115
54.50000,0.09895
54.50400,0.10136
54.50800,0.07590
54.51200,0.10311
54.51600,0.13885
54.52000,0.12581
54.52400,0.14175
54.52800,0.15575
54.53200,0.15666
54.53600,0.16334
54.54000,0.16965
54.54400,0.15863
54.54800,0.13339
54.55200,0.14404
54.55600,0.16072
54.56000,0.11994
54.56400,0.13282
54.56800,0.11945
54.57200,0.08720
54.57600,0.04250
54.58000,0.08813
54.58400,0.06707
54.58800,0.06423
54.59200,0.08977
54.59600,0.05387
54.60000,0.07291
54.60400,0.06711
54.60800,0.06707
54.61200,0.10209
54.61600,0.02467
54.62000,0.08091
54.62400,0.05865
54.62800,0.05602
54.63200,0.04863
54.63600,0.06227
54.64000,0.06213
54.64400,0.04341
54.64800,0.09227
54.65200,0.04693
54.65600,0.05883
54.66000,0.03660
54.66400,0.06429
54.66800,0.06869
54.67200,0.08167
54.67600,0.08021
54.68000,0.04962
54.68400,0.08765
54.68800,0.04726
54.69200,0.06940
54.69600,0.05539
54.70000,-0.00264
54.70400,-0.02936
54.70800,0.00312
54.71200,0.05198
54.71600,0.11395
54.72000,0.26682
54.72400,0.45462
54.72800,0.68838
54.73200,0.91571
54.73600,1.03709
54.74000,1.05988
54.74400,1.00520
54.74800,0.80508
54.75200,0.54994
54.75600,0.31563
54.76000,0.11860
54.76400,-0.07911
54.76800,-0.15038
54.77200,-0.12711
54.77600,-0.14237
54.78000,-0.09581
54.78400,-0.02063
54.78800,0.01393
54.79200,0.02731
54.79600,0.05143
54.80000,0.00199
54.80400,0.07209
54.80800,0.07284
54.81200,0.04181
54.81600,0.07546
54.82000,0.08449
54.82400,0.07680
54.82800,0.09932
54.83200,0.10547
54.83600,0.09650
54.84000,0.09806
54.84400,0.08842
54.84800,0.14297
54.85200,0.12177
54.85600,0.15150
54.86000,0.18996
54.86400,0.18926
54.86800,0.16608
54.87200,0.20643
54.87600,0.21200
54.88000,0.21293
54.88400,0.24647
54.88800,0.29079
54.89200,0.30364
54.89600,0.30858
54.90000,0.33029
54.90400,0.31682
54.90800,0.33370
54.91200,0.35269
54.91600,0.37615
54.92000,0.35569
54.92400,0.35715
54.92800,0.36200
54.93200,0.37759
54.93600,0.31475
54.94000,0.33700
54.94400,0.31556
54.94800,0.29508
54.95200,0.28389
54.95600,0.22257
54.96000,0.24381
54.96400,0.22062
54.96800,0.18398
54.97200,0.20689
54.97600,0.17144
54.98000,0.15192
54.98400,0.15870
54.98800,0.11374
54.99200,0.10675
54.99600,0.12665
55.00000,0.11777
55.00400,0.13381
55.00800,0.07871
55.01200,0.05345
55.01600,0.04940
55.02000,0.05027
55.02400,0.07259
55.02800,0.06367
55.03200,0.05351
55.03600,0.04497
55.04000,0.05035
55.04400,0.05551
55.04800,0.08413
55.05200,0.07371
55.05600,0.08651
55.06000,0.07672
55.06400,0.07442
55.06800,0.08328
55.07200,0.06821
55.07600,0.09009
55.08000,0.08072
55.08400,0.09530
55.08800,0.06327
55.09200,0.04402
55.09600,0.10632
55.10000,0.05355
55.10400,0.06859
55.10800,0.05142
55.11200,0.04549
55.11600,0.06726
55.12000,0.03733
55.12400,0.05534
55.12800,0.08474
55.13200,0.06070
55.13600,0.07342
55.14000,0.07067
55.14400,0.06500
55.14800,0.05993
55.15200,0.06907
55.15600,0.03854
55.16000,0.06830
55.16400,0.03621
55.16800,0.04290
55.17200,0.04558
55.17600,0.03171
55.18000,0.01811
55.18400,0.06379
55.18800,0.06659
55.19200,0.06880
55.19600,0.09998
55.20000,0.05944
55.20400,0.07090
55.20800,0.04184
55.21200,0.06986
55.21600,0.03413
55.22000,0.09451
55.22400,0.03721
55.22800,0.04728
55.23200,0.06916
55.23600,0.01176
55.24000,0.08003
55.24400,0.03606
55.24800,0.05826
55.25200,0.07384
55.25600,0.05715
55.26000,0.07265
55.26400,0.04448
55.26800,0.06564
55.27200,0.01268
55.27600,0.08347
55.28000,0.04083
55.28400,0.03628
55.28800,0.05335
55.29200,0.08651
55.29600,0.03946
55.30000,0.05225
55.30400,0.04560
55.30800,0.03397
55.31200,0.02748
55.31600,0.06366
55.32000,0.06506
55.32400,0.03688
55.32800,0.05570
55.33200,0.06020
55.33600,0.05822
55.34000,0.04773
55.34400,0.05158
55.34800,0.05611
55.35200,0.03035
55.35600,0.04746
55.36000,0.06498
55.36400,0.03890
55.36800,0.07437
55.37200,0.04486
55.37600,0.02859
55.38000,0.04341
55.38400,0.02346
55.38800,0.06087
55.39200,0.01860
55.39600,0.04878
55.40000,0.04376
55.40400,0.04210
55.40800,0.05579
55.41200,0.05343
55.41600,0.03703
55.42000,0.06367
55.42400,0.03891
55.42800,0.06521
55.43200,0.07287
55.43600,0.05551
55.44000,0.06614
55.44400,0.02350
55.44800,0.06203
55.45200,0.02438
55.45600,0.05360
55.46000,0.07482
55.46400,0.01576
55.46800,0.05726
55.47200,0.06548
55.47600,0.06993
55.48000,0.09796
55.48400,0.11963
55.48800,0.09456
55.49200,0.11276
55.49600,0.09746
55.50000,0.12422
55.50400,0.10215
55.50800,0.11298
55.51200,0.14993
55.51600,0.15452
55.52000,0.11575
55.52400,0.13015
55.52800,0.09948
55.53200,0.12544
55.53600,0.12735
55.54000,0.03638
55.54400,0.05972
55.54800,0.05554
55.55200,0.05237
55.55600,0.08656
55.56000,0.08071
55.56400,0.04730
55.56800,0.05678
55.57200,0.01137
55.57600,0.03556
55.58000,0.03442
55.58400,0.03637
55.58800,0.04444
55.59200,0.00864
55.59600,0.01713
55.60000,0.07761
55.60400,0.00288
55.60800,0.03787
55.61200,0.05090
55.61600,0.04549
55.62000,0.03713
55.62400,0.00538
55.62800,0.02626
55.63200,0.00584
55.63600,0.07360
55.64000,0.04114
55.64400,0.04784
55.64800,0.03548
55.65200,0.02033
55.65600,0.04351
55.66000,0.02762
55.66400,0.00643
55.66800,-0.01228
55.67200,-0.02434
55.67600,-0.04280
55.68000,0.00322
55.68400,0.07741
55.68800,0.21110
55.69200,0.42482
55.69600,0.68098
55.70000,0.81813
55.70400,1.03822
55.70800,1.04726
55.71200,0.99800
55.71600,0.76799
55.72000,0.53629
55.72400,0.30599
55.72800,0.07059
55.73200,-0.06953
55.73600,-0.17837
55.74000,-0.19979
55.74400,-0.12861
55.74800,-0.11986
55.75200,-0.08271
55.75600,-0.07094
55.76000,-0.03444
55.76400,-0.01556
55.76800,0.01623
55.77200,0.02227
55.77600,0.01753
55.78000,0.01890
55.78400,0.03692
55.78800,0.06085
55.79200,0.01478
55.79600,0.01745
55.80000,0.07176
55.80400,0.02850
55.80800,0.05617
55.81200,0.07466
55.81600,0.11637
55.82000,0.05289
55.82400,0.05087
55.82800,0.11765
55.83200,0.15435
55.83600,0.15294
55.84000,0.15176
55.84400,0.18824
55.84800,0.16357
55.85200,0.23641
55.85600,0.26551
55.86000,0.25028
55.86400,0.28523
55.86800,0.26286
55.87200,0.32337
55.87600,0.29238
55.88000,0.29705
55.88400,0.30118
55.88800,0.28410
55.89200,0.32889
55.89600,0.34862
55.90000,0.27513
55.90400,0.28941
55.90800,0.28953
55.91200,0.25553
55.91600,0.21932
55.92000,0.23916
55.92400,0.23464
55.92800,0.19836
55.93200,0.15684
55.93600,0.15417
55.94000,0.10430
55.94400,0.12469
55.94800,0.13436
55.95200,0.11696
55.95600,0.08133
55.96000,0.07955
55.96400,0.05081
55.96800,0.05446
55.97200,0.03240
55.97600,0.04055
55.98000,0.02157
55.98400,0.03070
55.98800,0.03674
55.99200,0.01942
55.99600,-0.00846
56.00000,0.02432
56.00400,0.00826
56.00800,0.00230
56.01200,0.02159
56.01600,-0.00626
56.02000,0.02710
56.02400,0.01856
56.02800,-0.00618
56.03200,-0.00622
56.03600,0.00411
56.04000,-0.01103
56.04400,0.02439
56.04800,-0.03720
56.05200,0.00793
56.05600,-0.00189
56.06000,-0.01725
56.06400,0.01593
56.06800,-0.00579
56.07200,0.01200
56.07600,-0.00548
56.08000,-0.00254
56.08400,0.01279
56.08800,0.02023
56.09200,0.02151
56.09600,0.00115
56.10000,0.03045
56.10400,-0.00546
56.10800,-0.02619
56.11200,-0.03495
56.11600,-0.02844
56.12000,-0.01662
56.12400,-0.03572
56.12800,0.00527
56.13200,-0.00058
56.13600,-0.00221
56.14000,0.00284
56.14400,-0.00422
56.14800,-0.00742
56.15200,-0.00877
56.15600,-0.00226
56.16000,-0.02467
56.16400,0.02147
56.16800,0.02510
56.17200,-0.00363
56.17600,0.03838
56.18000,-0.02399
56.18400,0.01181
56.18800,-0.03742
56.19200,0.00557
56.19600,-0.02080
56.20000,0.01256
56.20400,-0.00450
56.20800,0.01093
56.21200,0.00460
56.21600,0.00227
56.22000,-0.01334
56.22400,0.02183
56.22800,-0.00152
56.23200,0.00026
56.23600,0.01905
56.24000,-0.01435
56.24400,0.02454
56.24800,0.01044
56.25200,-0.00882
56.25600,-0.03809
56.26000,0.01300
56.26400,-0.01716
56.26800,-0.00965
56.27200,-0.00956
56.27600,0.00662
56.28000,-0.00051
56.28400,-0.04860
56.28800,-0.02550
56.29200,-0.00646
56.29600,-0.01040
56.30000,0.00170
56.30400,-0.00355
56.30800,0.01747
56.31200,-0.02851
56.31600,0.01057
56.32000,-0.00821
56.32400,-0.00976
56.32800,-0.00310
56.33200,-0.02289
56.33600,-0.00308
56.34000,-0.02096
56.34400,-0.00355
56.34800,-0.03237
56.35200,0.00445
56.35600,-0.04789
56.36000,-0.03064
56.36400,-0.01934
56.36800,-0.01399
56.37200,-0.03424
56.37600,-0.02611
56.38000,-0.01313
56.38400,0.00224
56.38800,0.00890
56.39200,-0.02402
56.39600,-0.01405
56.40000,-0.01561
56.40400,-0.03556
56.40800,-0.00896
56.41200,0.02804
56.41600,-0.01231
56.42000,0.07772
56.42400,0.04902
56.42800,0.07399
56.43200,0.05265
56.43600,0.01255
56.44000,0.07343
56.44400,0.10205
56.44800,0.06331
56.45200,0.10017
56.45600,0.08798
56.46000,0.08513
56.46400,0.07764
56.46800,0.06715
56.47200,0.05874
56.47600,0.06017
56.48000,0.03472
56.48400,0.02959
56.48800,0.01634
56.49200,0.00311
56.49600,-0.02297
56.50000,-0.04741
56.50400,-0.03597
56.50800,-0.04471
56.51200,-0.05117
56.51600,-0.01168
56.52000,-0.03309
56.52400,-0.00298
56.52800,0.03024
56.53200,-0.01424
56.53600,-0.03878
56.54000,-0.02287
56.54400,-0.03462
56.54800,-0.02539
56.55200,0.00811
56.55600,-0.00013
56.56000,-0.00769
56.56400,-0.02641
56.56800,0.00136
56.57200,-0.01627
56.57600,-0.01605
56.58000,-0.05611
56.58400,-0.04532
56.58800,-0.03119
56.59200,-0.04053
56.59600,-0.05021
56.60000,-0.08463
56.60400,-0.07239
56.60800,-0.07558
56.61200,-0.08561
56.61600,-0.12653
56.62000,-0.10773
56.62400,-0.03849
56.62800,0.01116
56.63200,0.11079
56.63600,0.34070
56.64000,0.57302
56.64400,0.81541
56.64800,0.94717
56.65200,1.01527
56.65600,0.91408
56.66000,0.74365
56.66400,0.49790
56.66800,0.24863
56.67200,0.00829
56.67600,-0.13103
56.68000,-0.14847
56.68400,-0.26831
56.68800,-0.22340
56.69200,-0.18063
56.69600,-0.16146
56.70000,-0.09429
56.70400,-0.08492
56.70800,-0.04639
56.71200,-0.04598
56.71600,-0.06038
56.72000,-0.01775
56.72400,0.00509
56.72800,-0.01412
56.73200,-0.02301
56.73600,-0.05779
56.74000,-0.01437
56.74400,-0.01621
56.74800,-0.02489
56.75200,-0.03847
56.75600,0.01530
56.76000,0.03472
56.76400,0.04149
56.76800,0.08316
56.77200,0.01655
56.77600,0.07538
56.78000,0.08432
56.78400,0.12879
56.78800,0.11881
56.79200,0.11891
56.79600,0.15421
56.80000,0.18108
56.80400,0.17527
56.80800,0.19025
56.81200,0.22449
56.81600,0.24779
56.82000,0.23640
56.82400,0.25720
56.82800,0.24242
56.83200,0.24702
56.83600,0.25573
56.84000,0.26563
56.84400,0.27104
56.84800,0.22738
56.85200,0.22631
56.85600,0.24047
56.86000,0.20361
56.86400,0.16316
56.86800,0.16022
56.87200,0.10671
56.87600,0.07448
56.88000,0.08300
56.88400,0.06628
56.88800,0.03826
56.89200,0.06865
56.89600,0.02564
56.90000,0.02325
56.90400,0.01130
56.90800,-0.00416
56.91200,-0.03149
56.91600,0.02122
56.92000,-0.06108
56.92400,-0.02944
56.92800,-0.02030
56.93200,-0.04116
56.93600,-0.04240
56.94000,-0.03675
56.94400,-0.04046
56.94800,-0.05305
56.95200,-0.02737
56.95600,-0.03885
56.96000,-0.02106
56.96400,-0.04837
56.96800,-0.08871
56.97200,-0.08346
56.97600,-0.06133
56.98000,-0.04277
56.98400,-0.08315
56.98800,-0.06315
56.99200,-0.02871
56.99600,-0.04591
57.00000,-0.06630
57.00400,-0.05488
57.00800,-0.05086
57.01200,-0.06122
57.01600,-0.05926
57.02000,-0.06566
57.02400,-0.04931
57.02800,-0.02252
57.03200,-0.02606
57.03600,-0.07803
57.04000,-0.00984
57.04400,-0.05622
57.04800,-0.08088
57.05200,-0.08325
57.05600,-0.05169
57.06000,-0.04982
57.06400,-0.06682
57.06800,-0.07021
57.07200,-0.05896
57.07600,-0.04967
57.08000,-0.04221
57.08400,-0.04407
57.08800,-0.10054
57.09200,-0.06676
57.09600,-0.05046
57.10000,-0.04806
57.10400,-0.04041
57.10800,-0.08456
57.11200,-0.02596
57.11600,-0.07896
57.12000,-0.05982
57.12400,-0.06494
57.12800,-0.06518
57.13200,-0.07116
57.13600,-0.04079
57.14000,-0.04086
57.14400,-0.04977
57.14800,-0.08115
57.15200,-0.06860
57.15600,-0.05762
57.16000,-0.04920
57.16400,-0.06745
57.16800,-0.06206
57.17200,-0.00569
57.17600,-0.05591
57.18000,-0.06275
57.18400,-0.10402
57.18800,-0.07171
57.19200,-0.02629
57.19600,-0.04073
57.20000,-0.08017
57.20400,-0.04200
57.20800,-0.05435
57.21200,-0.07291
57.21600,-0.04259
57.22000,-0.06941
57.22400,-0.06360
57.22800,-0.05726
57.23200,-0.05390
57.23600,-0.06628
57.24000,-0.05239
57.24400,-0.05782
57.24800,-0.05441
57.25200,-0.05041
57.25600,-0.07036
57.26000,-0.08466
57.26400,-0.05972
57.26800,-0.03419
57.27200,-0.05211
57.27600,-0.05385
57.28000,-0.07261
57.28400,-0.08050
57.28800,-0.08224
57.29200,-0.07619
57.29600,-0.06576
57.30000,-0.08840
57.30400,-0.06100
57.30800,-0.08903
57.31200,-0.04635
57.31600,-0.05907
57.32000,-0.09232
57.32400,-0.06927
57.32800,-0.05447
57.33200,-0.05130
57.33600,-0.04416
57.34000,-0.06553
57.34400,-0.06173
57.34800,-0.06325
57.35200,-0.04854
57.35600,-0.07202
57.36000,-0.06177
57.36400,-0.05541
57.36800,-0.06470
57.37200,-0.07826
57.37600,-0.03079
57.38000,-0.04545
57.38400,-0.07088
57.38800,-0.01268
57.39200,-0.06221
57.39600,-0.06000
57.40000,-0.04490
57.40400,-0.02075
57.40800,0.00477
57.41200,0.01169
57.41600,0.00474
57.42000,0.00543
57.42400,0.02607
57.42800,0.00731
57.43200,0.01657
57.43600,0.04633
57.44000,0.04337
57.44400,0.04561
57.44800,0.02021
57.45200,0.04088
57.45600,0.00258
57.46000,0.04051
57.46400,0.01370
57.46800,-0.00828
57.47200,-0.01463
57.47600,0.03905
57.48000,0.03598
57.48400,-0.04461
57.48800,-0.01175
57.49200,-0.09917
57.49600,-0.02608
57.50000,-0.05027
57.50400,-0.04850
57.50800,-0.07350
57.51200,-0.08142
57.51600,-0.05253
57.52000,-0.06637
57.52400,-0.04829
57.52800,-0.03833
57.53200,-0.06063
57.53600,-0.04847
57.54000,-0.05508
57.54400,-0.05423
57.54800,-0.06850
57.55200,-0.05412
57.55600,-0.04999
57.56000,-0.05716
57.56400,-0.06713
57.56800,-0.08630
57.57200,-0.07904
57.57600,-0.02905
57.58000,-0.03960
57.58400,-0.05535
57.58800,-0.05845
57.59200,-0.07361
57.59600,-0.06813
57.60000,-0.07869
57.60400,-0.11952
57.60800,-0.12317
57.61200,-0.10910
57.61600,-0.12520
57.62000,-0.03203
57.62400,0.11536
57.62800,0.30052
57.63200,0.54339
57.63600,0.75337
57.64000,0.91528
57.64400,0.97727
57.64800,0.86530
57.65200,0.70285
57.65600,0.47899
57.66000,0.20296
57.66400,-0.03776
57.66800,-0.17397
57.67200,-0.21913
57.67600,-0.26744
57.68000,-0.25705
57.68400,-0.19238
57.68800,-0.17911
57.69200,-0.14904
57.69600,-0.08701
57.70000,-0.07805
57.70400,-0.07829
57.70800,-0.04898
57.71200,-0.03238
57.71600,-0.02884
57.72000,-0.04491
57.72400,-0.03452
57.72800,-0.03034
57.73200,-0.06362
57.73600,0.00189
57.74000,-0.03585
57.74400,-0.02637
57.74800,-0.02255
57.75200,-0.01519
57.75600,0.03596
57.76000,0.02746
57.76400,0.03050
57.76800,0.02185
57.77200,0.07647
57.77600,0.08929
57.78000,0.08845
57.78400,0.12445
57.78800,0.10952
57.79200,0.17469
57.79600,0.15613
57.80000,0.20472
57.80400,0.21160
57.80800,0.18130
57.81200,0.21033
57.81600,0.22655
57.82000,0.25900
57.82400,0.25647
57.82800,0.25607
57.83200,0.27119
57.83600,0.22683
57.84000,0.21266
57.84400,0.17431
57.84800,0.17652
57.85200,0.19154
57.85600,0.14756
57.86000,0.12931
57.86400,0.14599
57.86800,0.06252
57.87200,0.11860
57.87600,0.10010
57.88000,0.02468
57.88400,0.05298
57.88800,0.02963
57.89200,0.03490
57.89600,-0.00051
57.90000,-0.00610
57.90400,0.01421
57.90800,-0.03129
57.91200,-0.01844
57.91600,-0.01932
57.92000,-0.03824
57.92400,-0.02256
57.92800,-0.03263
57.93200,-0.02861
57.93600,-0.07903
57.94000,-0.06767
57.94400,-0.04343
57.94800,-0.02713
57.95200,-0.02311
57.95600,-0.05031
57.96000,-0.06527
57.96400,-0.07207
57.96800,-0.08843
57.97200,-0.06080
57.97600,-0.04038
57.98000,-0.05254
57.98400,-0.07946
57.98800,-0.05296
57.99200,-0.05025
57.99600,-0.06529
58.00000,-0.02331
58.00400,-0.04233
58.00800,-0.02992
58.01200,-0.04862
58.01600,-0.06922
58.02000,-0.02959
58.02400,-0.02943
58.02800,-0.06142
58.03200,-0.07565
58.03600,-0.03430
58.04000,-0.06089
58.04400,-0.07210
58.04800,-0.05150
58.05200,-0.03898
58.05600,-0.06401
58.06000,-0.04871
58.06400,-0.03057
58.06800,-0.03483
58.07200,-0.07898
58.07600,-0.03524
58.08000,-0.01528
58.08400,-0.03114
58.08800,-0.05055
58.09200,-0.04150
58.09600,-0.07872
58.10000,-0.05963
58.10400,-0.05840
58.10800,-0.00834
58.11200,-0.04827
58.11600,-0.06667
58.12000,-0.01586
58.12400,-0.02416
58.12800,-0.07935
58.13200,-0.05142
58.13600,-0.07990
58.14000,-0.02745
58.14400,-0.09086
58.14800,-0.01157
58.15200,-0.06741
58.15600,-0.06698
58.16000,-0.00672
58.16400,-0.03646
58.16800,-0.04012
58.17200,-0.03008
58.17600,-0.06552
58.18000,-0.02956
58.18400,-0.05177
58.18800,-0.03612
58.19200,-0.04183
58.19600,-0.01933
58.20000,-0.07057
58.20400,-0.07235
58.20800,-0.03335
58.21200,-0.00013
58.21600,-0.03520
58.22000,-0.04846
58.22400,-0.03255
58.22800,-0.06822
58.23200,-0.04344
58.23600,-0.07703
58.24000,-0.04271
58.24400,-0.03075
58.24800,-0.01232
58.25200,-0.05406
58.25600,-0.02677
58.26000,-0.01847
58.26400,-0.06429
58.26800,-0.04925
58.27200,-0.07951
58.27600,-0.06054
58.28000,-0.03551
58.28400,-0.08240
58.28800,-0.04933
58.29200,-0.02943
58.29600,-0.01592
58.30000,-0.09081
58.30400,-0.03553
58.30800,-0.05410
58.31200,-0.08600
58.31600,-0.06058
58.32000,-0.02902
58.32400,-0.03909
58.32800,-0.02354
58.33200,-0.03990
58.33600,-0.01829
58.34000,-0.04489
58.34400,-0.03955
58.34800,-0.01714
58.35200,-0.03992
58.35600,0.02611
58.36000,0.00692
58.36400,0.00291
58.36800,0.01459
58.37200,0.02180
58.37600,0.05020
58.38000,0.04702
58.38400,0.07417
58.38800,0.03718
58.39200,0.05650
58.39600,0.02562
58.40000,0.03959
58.40400,0.06713
58.40800,0.02989
58.41200,0.03999
58.41600,0.01202
58.42000,-0.01671
58.42400,-0.02139
58.42800,-0.03341
58.43200,-0.01198
58.43600,-0.01916
58.44000,0.02818
58.44400,0.00080
58.44800,-0.01747
58.45200,-0.05393
58.45600,-0.03444
58.46000,-0.05459
58.46400,0.00714
58.46800,-0.05180
58.47200,-0.01592
58.47600,-0.06399
58.48000,-0.02368
58.48400,-0.06152
58.48800,-0.04711
58.49200,-0.03466
58.49600,-0.03535
58.50000,-0.03885
58.50400,-0.03903
58.50800,-0.05396
58.51200,-0.03970
58.51600,-0.03873
58.52000,-0.05560
58.52400,-0.02721
58.52800,-0.03635
58.53200,-0.05724
58.53600,-0.02438
58.54000,-0.07080
58.54400,-0.11187
58.54800,-0.06896
58.55200,-0.11459
58.55600,-0.07788
58.56000,-0.06496
58.56400,-0.00904
58.56800,0.16965
58.57200,0.35375
58.57600,0.59156
58.58000,0.79259
58.58400,0.97496
58.58800,1.00801
58.59200,0.90360
58.59600,0.69449
58.60000,0.47433
58.60400,0.22304
58.60800,-0.01083
58.61200,-0.14337
58.61600,-0.18987
58.62000,-0.24873
58.62400,-0.20068
58.62800,-0.20258
58.63200,-0.16126
58.63600,-0.08672
58.64000,-0.07895
58.64400,-0.05123
58.64800,-0.02304
58.65200,-0.00371
58.65600,-0.05394
58.66000,-0.01536
58.66400,-0.01917
58.66800,-0.01730
58.67200,0.01811
58.67600,-0.01623
58.68000,-0.01767
58.68400,0.01007
58.68800,-0.03105
58.69200,0.02393
58.69600,0.00973
58.70000,0.04471
58.70400,0.03688
58.70800,0.07510
58.71200,0.07579
58.71600,0.08340
58.72000,0.12461
58.72400,0.14656
58.72800,0.11949
58.73200,0.14409
58.73600,0.18141
58.74000,0.19640
58.74400,0.24494
58.74800,0.26417
58.75200,0.25519
58.75600,0.27706
58.76000,0.25710
58.76400,0.24191
58.76800,0.27535
58.77200,0.23463
58.77600,0.29520
58.78000,0.26169
58.78400,0.26929
58.78800,0.22272
58.79200,0.18973
58.79600,0.20141
58.80000,0.19768
58.80400,0.16665
58.80800,0.14284
58.81200,0.13622
58.81600,0.11324
58.82000,0.12662
58.82400,0.05852
58.82800,0.02646
58.83200,0.05293
58.83600,0.04747
58.84000,0.00142
58.84400,0.02037
58.84800,0.02091
58.85200,0.01153
58.85600,0.00456
58.86000,-0.02082
58.86400,-0.03875
58.86800,0.00393
58.87200,-0.02403
58.87600,-0.04567
58.88000,0.00859
58.88400,-0.00843
58.88800,-0.07778
58.89200,0.02507
58.89600,-0.02218
58.90000,-0.05611
58.90400,-0.00721
58.90800,-0.01940
58.91200,-0.00190
58.91600,-0.02555
58.92000,-0.05792
58.92400,-0.02888
58.92800,-0.03401
58.93200,-0.02003
58.93600,-0.02913
58.94000,-0.01464
58.94400,-0.04886
58.94800,-0.03562
58.95200,-0.03509
58.95600,-0.01699
58.96000,-0.05782
58.96400,-0.02466
58.96800,0.02130
58.97200,-0.05889
58.97600,-0.00449
58.98000,-0.02230
58.98400,-0.00508
58.98800,-0.02294
58.99200,-0.01893
58.99600,-0.01671
59.00000,-0.01484
59.00400,-0.04652
59.00800,-0.02600
59.01200,0.01168
59.01600,0.00417
59.02000,-0.03918
59.02400,-0.04119
59.02800,-0.02604
59.03200,-0.00226
59.03600,-0.00493
59.04000,-0.03377
59.04400,-0.06767
59.04800,-0.02312
59.05200,-0.05378
59.05600,0.00114
59.06000,0.00663
59.06400,-0.00878
59.06800,-0.01011
59.07200,-0.01055
59.07600,0.01403
59.08000,-0.00020
59.08400,0.00666
59.08800,-0.04310
59.09200,-0.03065
59.09600,-0.02073
59.10000,-0.06313
59.10400,-0.02595
59.10800,-0.02061
59.11200,-0.02144
59.11600,0.02843
59.12000,-0.02383
59.12400,-0.02348
59.12800,-0.02197
59.13200,-0.02600
59.13600,-0.04674
59.14000,0.00231
59.14400,-0.01867
59.14800,-0.01198
59.15200,-0.01816
59.15600,-0.03356
59.16000,-0.04938
59.16400,-0.02386
59.16800,-0.00802
59.17200,-0.02043
59.17600,-0.00391
59.18000,-0.03298
59.18400,-0.02343
59.18800,-0.01472
59.19200,-0.01944
59.19600,-0.01394
59.20000,0.01045
59.20400,-0.02506
59.20800,-0.01436
59.21200,-0.02922
59.21600,-0.00618
59.22000,-0.01218
59.22400,-0.03061
59.22800,-0.03552
59.23200,-0.03924
59.23600,-0.02134
59.24000,-0.01288
59.24400,-0.02511
59.24800,-0.01770
59.25200,-0.01274
59.25600,0.03013
59.26000,0.00765
59.26400,0.03000
59.26800,-0.01182
59.27200,-0.00990
59.27600,0.02386
59.28000,-0.00547
59.28400,0.00082
59.28800,-0.02008
59.29200,-0.01871
59.29600,0.00934
59.30000,-0.01362
59.30400,-0.01043
59.30800,-0.02069
59.31200,0.02028
59.31600,0.02063
59.32000,0.04169
59.32400,0.02402
59.32800,0.02651
59.33200,0.08136
59.33600,0.06960
59.34000,0.09213
59.34400,0.06083
59.34800,0.06204
59.35200,0.03946
59.35600,0.09295
59.36000,0.10272
59.36400,0.10337
59.36800,0.10459
59.37200,0.02675
59.37600,0.03123
59.38000,0.03269
59.38400,0.01832
59.38800,0.02113
59.39200,0.00219
59.39600,-0.01690
59.40000,0.00518
59.40400,0.00423
59.40800,-0.01626
59.41200,-0.00313
59.41600,-0.03052
59.42000,-0.01286
59.42400,-0.01380
59.42800,-0.01649
59.43200,-0.00946
59.43600,-0.03236
59.44000,-0.03395
59.44400,-0.02388
59.44800,0.00634
59.45200,-0.02595
59.45600,-0.02561
59.46000,0.03067
59.46400,-0.01221
59.46800,-0.01442
59.47200,-0.02401
59.47600,0.02147
59.48000,0.00347
59.48400,-0.00170
59.48800,0.02351
59.49200,-0.03153
59.49600,-0.04436
59.50000,0.00315
59.50400,-0.02043
59.50800,-0.05396
59.51200,-0.04654
59.51600,-0.07776
59.52000,-0.03681
59.52400,-0.06606
59.52800,0.04635
59.53200,0.19869
59.53600,0.39366
59.54000,0.59871
59.54400,0.81582
59.54800,0.96862
59.55200,1.03543
59.55600,0.93436
59.56000,0.75258
59.56400,0.52710
59.56800,0.25169
59.57200,0.04516
59.57600,-0.10987
59.58000,-0.18600
59.58400,-0.25021
59.58800,-0.20769
59.59200,-0.14506
59.59600,-0.12211
59.60000,-0.08386
59.60400,-0.04173
59.60800,0.02168
59.61200,-0.02432
59.61600,-0.02033
59.62000,-0.03146
59.62400,0.01553
59.62800,0.00873
59.63200,-0.00302
59.63600,0.00927
59.64000,0.04080
59.64400,0.04698
59.64800,0.04110
59.65200,0.06390
59.65600,0.07021
59.66000,0.05201
59.66400,0.08780
59.66800,0.08829
59.67200,0.11432
59.67600,0.12019
59.68000,0.17263
59.68400,0.12451
59.68800,0.17368
59.69200,0.16414
59.69600,0.24823
59.70000,0.21130
59.70400,0.23132
59.70800,0.25399
59.71200,0.26791
59.71600,0.31397
59.72000,0.29018
59.72400,0.30345
59.72800,0.32392
59.73200,0.33403
59.73600,0.28512
59.74000,0.30529
59.74400,0.26670
59.74800,0.29221
59.75200,0.29818
59.75600,0.24670
59.76000,0.23579
59.76400,0.24733
59.76800,0.21542
59.77200,0.20444
59.77600,0.16218
59.78000,0.14736
59.78400,0.12934
59.78800,0.15057
59.79200,0.07647
59.79600,0.08168
59.80000,0.10942
59.80400,0.06666
59.80800,0.03699
59.81200,0.05419
59.81600,0.03813
59.82000,0.03380
59.82400,0.04068
59.82800,0.04192
59.83200,-0.00572
59.83600,0.02437
59.84000,0.04747
59.84400,-0.00914
59.84800,0.01357
59.85200,-0.00787
59.85600,0.02679
59.86000,-0.00292
59.86400,0.00663
59.86800,0.00495
59.87200,0.02175
59.87600,-0.01231
59.88000,-0.01419
59.88400,0.01669
59.88800,0.03966
59.89200,0.00366
59.89600,0.02165
59.90000,0.01886
59.90400,0.01609
59.90800,0.01377
59.91200,0.00369
59.91600,0.00987
59.92000,0.03825
59.92400,0.02358
59.92800,0.04022
59.93200,0.00146
59.93600,0.01802
59.94000,0.00352
59.94400,-0.00960
59.94800,0.03360
59.95200,0.01109
59.95600,0.02140
59.96000,-0.01055
59.96400,0.01233
59.96800,0.01510
59.97200,0.01017
59.97600,0.03771
59.98000,0.02690
59.98400,0.02096
59.98800,0.02294
59.99200,0.01013
59.99600,0.00532
60.00000,0.01379
60.00400,-0.00019
60.00800,0.01640
60.01200,0.01770
60.01600,0.04214
60.02000,0.01196
60.02400,0.06798
60.02800,0.01073
60.03200,0.02364
60.03600,0.02069
60.04000,0.00954
60.04400,0.02045
60.04800,-0.01257
60.05200,0.04358
60.05600,0.01114
60.06000,0.02202
60.06400,-0.01254
60.06800,0.03392
60.07200,-0.00171
60.07600,0.04957
60.08000,0.00338
60.08400,0.00984
60.08800,0.03717
60.09200,0.04896
60.09600,-0.01397
60.10000,-0.00759
60.10400,0.05671
60.10800,0.03377
60.11200,-0.00408
60.11600,0.01737
60.12000,0.03970
60.12400,0.01873
60.12800,0.05602
60.13200,0.01294
60.13600,0.03026
60.14000,0.04929
60.14400,0.05643
60.14800,0.03213
60.15200,0.03931
60.15600,0.02157
60.16000,0.02706
60.16400,0.01746
60.16800,0.03643
60.17200,0.04512
60.17600,0.00959
60.18000,0.00706
60.18400,0.03065
60.18800,0.06828
60.19200,0.03470
60.19600,0.03295
60.20000,0.03000
60.20400,-0.00101
60.20800,0.01778
60.21200,0.06115
60.21600,-0.00806
60.22000,0.06862
60.22400,0.01229
60.22800,0.07688
60.23200,0.09208
60.23600,0.07284
60.24000,0.04605
60.24400,0.06563
60.24800,0.05042
60.25200,0.06035
60.25600,0.08193
60.26000,0.02705
60.26400,0.10838
60.26800,0.10102
60.27200,0.09495
60.27600,0.11865
60.28000,0.14292
60.28400,0.11927
60.28800,0.14272
60.29200,0.10869
60.29600,0.13297
60.30000,0.10327
60.30400,0.13311
60.30800,0.08933
60.31200,0.11224
60.31600,0.05237
60.32000,0.08502
60.32400,0.09413
60.32800,0.04948
60.33200,0.06033
60.33600,0.03731
60.34000,0.05919
60.34400,0.06185
60.34800,0.06658
60.35200,0.06921
60.35600,0.06682
60.36000,0.02696
60.36400,0.04304
60.36800,0.05120
60.37200,0.04427
60.37600,0.01497
60.38000,0.07963
60.38400,0.09131
60.38800,0.04236
60.39200,-0.00972
60.39600,0.07659
60.40000,0.03833
60.40400,0.08545
60.40800,0.02177
60.41200,0.05254
60.41600,0.05831
60.42000,0.01500
60.42400,0.03571
60.42800,0.05019
60.43200,0.05075
60.43600,0.03880
60.44000,-0.03071
60.44400,-0.04023
60.44800,-0.00497
60.45200,0.00434
60.45600,-0.05504
60.46000,0.01558
60.46400,0.10767
60.46800,0.21101
60.47200,0.39525
60.47600,0.66071
60.48000,0.86482
60.48400,1.02515
60.48800,1.06821
60.49200,0.98990
60.49600,0.81159
60.50000,0.54733
60.50400,0.30344
60.50800,0.07978
60.51200,-0.07433
60.51600,-0.12925
60.52000,-0.17332
60.52400,-0.12915
60.52800,-0.10229
60.53200,-0.03881
60.53600,-0.00985
60.54000,-0.03082
60.54400,0.02739
60.54800,0.05331
60.55200,0.05081
60.55600,0.05427
60.56000,0.07858
60.56400,0.07322
60.56800,0.03724
60.57200,0.06942
60.57600,0.09224
60.58000,0.08083
60.58400,0.05934
60.58800,0.10712
60.59200,0.11319
60.59600,0.13335
60.60000,0.12646
60.60400,0.13794
60.60800,0.16698
60.61200,0.14424
60.61600,0.21589
60.62000,0.20685
60.62400,0.22166
60.62800,0.24999
60.63200,0.26954
60.63600,0.22949
60.64000,0.30740
60.64400,0.30273
60.64800,0.30372
60.65200,0.34883
60.65600,0.36032
60.66000,0.35630
60.66400,0.34146
60.66800,0.35734
60.67200,0.33527
60.67600,0.39809
60.68000,0.32969
60.68400,0.34976
60.68800,0.35336
60.69200,0.29050
60.69600,0.28089
60.70000,0.23162
60.70400,0.25230
60.70800,0.21363
60.71200,0.22428
60.71600,0.19917
60.72000,0.18680
60.72400,0.17106
60.72800,0.14612
60.73200,0.14363
60.73600,0.12776
60.74000,0.10399
60.74400,0.10178
60.74800,0.08837
60.75200,0.06646
60.75600,0.08517
60.76000,0.04370
60.76400,0.08633
60.76800,0.07215
60.77200,0.07303
60.77600,0.09070
60.78000,0.08420
60.78400,0.05602
60.78800,0.07025
60.79200,0.08660
60.79600,0.05934
60.80000,0.06964
60.80400,0.06979
60.80800,0.04125
60.81200,0.06699
60.81600,0.05399
60.82000,0.05663
60.82400,0.07045
60.82800,0.07434
60.83200,0.04418
60.83600,0.05716
60.84000,0.05839
60.84400,0.04405
60.84800,0.06988
60.85200,0.05859
60.85600,0.04880
60.86000,0.08079
60.86400,0.06139
60.86800,0.04079
60.87200,0.06144
60.87600,0.05972
60.88000,0.06936
60.88400,0.10672
60.88800,0.07468
60.89200,0.09138
60.89600,0.06062
60.90000,0.07302
60.90400,0.07412
60.90800,0.06224
60.91200,0.06936
60.91600,0.05581
60.92000,0.07846
60.92400,0.04733
60.92800,0.09888
60.93200,-0.00633
60.93600,0.03771
60.94000,0.06269
60.94400,0.07261
60.94800,0.06811
60.95200,0.03350
60.95600,0.07368
60.96000,0.04828
60.96400,0.06958
60.96800,0.05765
60.97200,0.06073
60.97600,0.03602
60.98000,0.04105
60.98400,0.05532
60.98800,0.04588
60.99200,0.07139
60.99600,0.03967
61.00000,0.07104
61.00400,0.07719
61.00800,0.05209
61.01200,0.04843
61.01600,0.06016
61.02000,0.08203
61.02400,0.09478
61.02800,0.10838
61.03200,0.06909
61.03600,0.07911
61.04000,0.07130
61.04400,0.06701
61.04800,0.04639
61.05200,0.06075
61.05600,0.08991
61.06000,0.09410
61.06400,0.05591
61.06800,0.03681
61.07200,0.10546
61.07600,0.06850
61.08000,0.07715
61.08400,0.06472
61.08800,0.03249
61.09200,0.07413
61.09600,0.04918
61.10000,0.06278
61.10400,0.05606
61.10800,0.06329
61.11200,0.11612
61.11600,0.09730
61.12000,0.02992
61.12400,0.03897
61.12800,0.05872
61.13200,0.05583
61.13600,0.08423
61.14000,0.09863
61.14400,0.05439
61.14800,0.07965
61.15200,0.06480
61.15600,0.03089
61.16000,0.09231
61.16400,0.10229
61.16800,0.05277
61.17200,0.08099
61.17600,0.05891
61.18000,0.06713
61.18400,0.06009
61.18800,0.06636
61.19200,0.07020
61.19600,0.05751
61.20000,0.07506
61.20400,0.04483
61.20800,0.08640
61.21200,0.05237
61.21600,0.03489
61.22000,0.08880
61.22400,0.06808
61.22800,0.06705
61.23200,0.09892
61.23600,0.08430
61.24000,0.12914
61.24400,0.10507
61.24800,0.07639
61.25200,0.10352
61.25600,0.10939
61.26000,0.12660
61.26400,0.17528
61.26800,0.20262
61.27200,0.19234
61.27600,0.17272
61.28000,0.17881
61.28400,0.17219
61.28800,0.12406
61.29200,0.19061
61.29600,0.19769
61.30000,0.14037
61.30400,0.14115
61.30800,0.11832
61.31200,0.11838
61.31600,0.09630
61.32000,0.08201
61.32400,0.11971
61.32800,0.05154
61.33200,0.10425
61.33600,0.05762
61.34000,0.07184
61.34400,0.03449
61.34800,0.08479
61.35200,0.05127
61.35600,0.11782
61.36000,0.05107
61.36400,0.07371
61.36800,0.08197
61.37200,0.04980
61.37600,0.05207
61.38000,0.04773
61.38400,0.07939
61.38800,0.07373
61.39200,0.08833
61.39600,0.04036
61.40000,0.04961
61.40400,0.06552
61.40800,0.05901
61.41200,0.07357
61.41600,0.08976
61.42000,0.06907
61.42400,0.04924
61.42800,0.06063
61.43200,0.04077
61.43600,0.03148
61.44000,0.06554
61.44400,0.02336
61.44800,0.03255
61.45200,-0.00682
61.45600,0.02866
61.46000,0.08645
61.46400,0.25584
61.46800,0.46123
61.47200,0.69007
61.47600,0.87145
61.48000,1.04930
61.48400,1.10947
61.48800,1.00242
61.49200,0.83792
61.49600,0.56646
61.50000,0.32238
61.50400,0.09744
61.50800,-0.06782
61.51200,-0.13479
61.51600,-0.13652
61.52000,-0.12796
61.52400,-0.08543
61.52800,-0.05450
61.53200,0.01129
61.53600,0.01993
61.54000,0.05070
61.54400,0.04644
61.54800,0.08827
61.55200,0.06604
61.55600,0.07950
61.56000,0.11797
61.56400,0.08541
61.56800,0.04995
61.57200,0.07233
61.57600,0.09697
61.58000,0.07144
61.58400,0.07496
61.58800,0.11038
61.59200,0.09141
61.59600,0.15463
61.60000,0.15511
61.60400,0.15418
61.60800,0.19941
61.61200,0.17838
61.61600,0.18506
61.62000,0.24344
61.62400,0.24460
61.62800,0.25770
61.63200,0.30032
61.63600,0.29387
61.64000,0.32509
61.64400,0.33033
61.64800,0.36130
61.65200,0.35844
61.65600,0.34580
61.66000,0.38815
61.66400,0.35369
61.66800,0.39225
61.67200,0.32932
61.67600,0.34799
61.68000,0.29270
61.68400,0.33458
61.68800,0.33698
61.69200,0.28679
61.69600,0.28670
61.70000,0.25499
61.70400,0.26967
61.70800,0.22914
61.71200,0.21188
61.71600,0.20843
61.72000,0.14087
61.72400,0.16885
61.72800,0.14418
61.73200,0.15339
61.73600,0.11770
61.74000,0.11843
61.74400,0.09693
61.74800,0.07130
61.75200,0.07372
61.75600,0.07460
61.76000,0.04714
61.76400,0.06868
61.76800,0.05715
61.77200,0.09875
61.77600,0.05705
61.78000,0.06249
61.78400,0.06074
61.78800,0.07102
61.79200,0.02500
61.79600,0.02273
61.80000,0.08711
61.80400,0.03911
61.80800,0.03718
61.81200,0.07681
61.81600,0.06010
61.82000,0.03841
61.82400,0.06844
61.82800,0.03164
61.83200,0.08542
61.83600,0.04687
61.84000,0.05940
61.84400,0.05229
61.84800,0.09042
61.85200,0.03368
61.85600,0.04995
61.86000,0.09266
61.86400,0.01103
61.86800,0.04181
61.87200,0.05654
61.87600,0.04664
61.88000,0.05942
61.88400,0.07251
61.88800,0.02770
61.89200,0.03741
61.89600,0.07583
61.90000,0.08677
61.90400,-0.00373
61.90800,0.05933
61.91200,0.06854
61.91600,0.03560
61.92000,0.03114
61.92400,0.02645
61.92800,0.04396
61.93200,0.02572
61.93600,0.06153
61.94000,0.03400
61.94400,0.05728
61.94800,0.01668
61.95200,0.06410
61.95600,0.05908
61.96000,0.06477
61.96400,0.05097
61.96800,0.09117
61.97200,0.06385
61.97600,0.04608
61.98000,0.07560
61.98400,0.03755
61.98800,0.04732
61.99200,0.07664
61.99600,0.03504
62.00000,0.04358
62.00400,0.04820
62.00800,0.04684
62.01200,0.03842
62.01600,0.06273
62.02000,0.08370
62.02400,0.03453
62.02800,0.01375
62.03200,0.03246
62.03600,0.01488
62.04000,0.01600
62.04400,0.02107
62.04800,0.06172
62.05200,0.04336
62.05600,0.05424
62.06000,0.03778
62.06400,0.05990
62.06800,0.03162
62.07200,0.06502
62.07600,0.05578
62.08000,0.04299
62.08400,0.01024
62.08800,0.01632
62.09200,0.04282
62.09600,0.01696
62.10000,0.03409
62.10400,0.03388
62.10800,0.06317
62.11200,0.02303
62.11600,0.03880
62.12000,0.02688
62.12400,0.02133
62.12800,0.04418
62.13200,0.05378
62.13600,0.00671
62.14000,0.06340
62.14400,0.07866
62.14800,0.03714
62.15200,0.04424
62.15600,0.01376
62.16000,0.02548
62.16400,0.03920
62.16800,0.03143
62.17200,0.05955
62.17600,0.01586
62.18000,0.02888
62.18400,0.04467
62.18800,0.03387
62.19200,0.03196
62.19600,0.03687
62.20000,0.05016
62.20400,0.00943
62.20800,0.10278
62.21200,0.07195
62.21600,0.04416
62.22000,0.05608
62.22400,0.06006
62.22800,0.10016
62.23200,0.06433
62.23600,0.15661
62.24000,0.10618
62.24400,0.09577
62.24800,0.16689
62.25200,0.12703
62.25600,0.13536
62.26000,0.11793
62.26400,0.11033
62.26800,0.14686
62.27200,0.05938
62.27600,0.09346
62.28000,0.06394
62.28400,0.06240
62.28800,0.05885
62.29200,0.01698
62.29600,0.05757
62.30000,0.04348
62.30400,0.04603
62.30800,0.01994
62.31200,0.04325
62.31600,0.01756
62.32000,0.04015
62.32400,0.04953
62.32800,0.03515
62.33200,-0.00535
62.33600,0.02307
62.34000,0.00145
62.34400,0.05929
62.34800,0.02434
62.35200,-0.00500
62.35600,-0.00922
62.36000,0.04576
62.36400,0.00017
62.36800,0.02715
62.37200,0.01249
62.37600,0.01559
62.38000,0.00972
62.38400,0.01775
62.38800,0.04751
62.39200,-0.00249
62.39600,0.02104
62.40000,0.01390
62.40400,-0.01949
62.40800,-0.04404
62.41200,-0.05775
62.41600,-0.04380
62.42000,-0.05116
62.42400,-0.00163
62.42800,0.06582
62.43200,0.20113
62.43600,0.39538
62.44000,0.62825
62.44400,0.84199
62.44800,1.00734
62.45200,1.02231
62.45600,0.97946
62.46000,0.80215
62.46400,0.52094
62.46800,0.27956
62.47200,0.03165
62.47600,-0.09153
62.48000,-0.20092
62.48400,-0.17525
62.48800,-0.17613
62.49200,-0.11938
62.49600,-0.07593
62.50000,-0.07481
62.50400,-0.01597
62.50800,0.01733
62.51200,0.04376
62.51600,0.00552
62.52000,0.02270
62.52400,0.00291
62.52800,0.03036
62.53200,0.03225
62.53600,0.05278
62.54000,0.02561
62.54400,0.03476
62.54800,0.04926
62.55200,0.04363
62.55600,0.09502
62.56000,0.02155
62.56400,0.04351
62.56800,0.07876
62.57200,0.11569
62.57600,0.11770
62.58000,0.14140
62.58400,0.12041
62.58800,0.17916
62.59200,0.19629
62.59600,0.23485
62.60000,0.23715
62.60400,0.22588
62.60800,0.23866
62.61200,0.24541
62.61600,0.26942
62.62000,0.28669
62.62400,0.32020
62.62800,0.33147
62.63200,0.30245
62.63600,0.31070
62.64000,0.29127
62.64400,0.26224
62.64800,0.28733
62.65200,0.25051
62.65600,0.21837
62.66000,0.21795
62.66400,0.24601
62.66800,0.17658
62.67200,0.20707
62.67600,0.13577
62.68000,0.14255
62.68400,0.13619
62.68800,0.10213
62.69200,0.07595
62.69600,0.08034
62.70000,0.09941
62.70400,0.06866
62.70800,0.04928
62.71200,0.04768
62.71600,0.05140
62.72000,0.04805
62.72400,0.01124
62.72800,-0.00557
62.73200,-0.01110
62.73600,0.00578
62.74000,-0.00379
62.74400,-0.00009
62.74800,-0.01377
62.75200,0.04554
62.75600,-0.01781
62.76000,0.02262
62.76400,-0.02256
62.76800,-0.02214
62.77200,-0.02973
62.77600,-0.02905
62.78000,-0.03943
62.78400,-0.02459
62.78800,-0.01333
62.79200,0.00460
62.79600,-0.04352
62.80000,-0.00090
62.80400,-0.01201
62.80800,-0.01014
62.81200,-0.05178
62.81600,-0.00109
62.82000,0.00208
62.82400,0.01148
62.82800,-0.01682
62.83200,0.01279
62.83600,-0.01036
62.84000,-0.02987
62.84400,-0.00211
62.84800,0.00674
62.85200,-0.00815
62.85600,-0.01348
62.86000,-0.01787
62.86400,-0.00022
62.86800,-0.04830
62.87200,-0.00790
62.87600,-0.03879
62.88000,-0.02439
62.88400,-0.01054
62.88800,0.00952
62.89200,-0.01515
62.89600,-0.03323
62.90000,0.03704
62.90400,-0.00927
62.90800,-0.06784
62.91200,-0.01789
62.91600,-0.03038
62.92000,-0.02828
62.92400,0.00361
62.92800,0.02482
62.93200,-0.01518
62.93600,-0.04354
62.94000,-0.00082
62.94400,-0.01593
62.94800,-0.02585
62.95200,-0.01417
62.95600,-0.04070
62.96000,-0.01479
62.96400,-0.01195
62.96800,0.00427
62.97200,0.01947
62.97600,-0.03169
62.98000,-0.01235
62.98400,-0.03528
62.98800,-0.01770
62.99200,0.00230
62.99600,-0.00797
63.00000,-0.02640
63.00400,0.01385
63.00800,-0.00360
63.01200,0.00248
63.01600,-0.01983
63.02000,0.00418
63.02400,-0.02469
63.02800,-0.00518
63.03200,-0.02141
63.03600,-0.02251
63.04000,-0.05290
63.04400,-0.00382
63.04800,-0.01171
63.05200,-0.03523
63.05600,-0.02207
63.06000,-0.01191
63.06400,-0.01125
63.06800,-0.06398
63.07200,0.00505
63.07600,-0.04405
63.08000,0.01294
63.08400,-0.00221
63.08800,-0.02151
63.09200,-0.02008
63.09600,-0.01809
63.10000,-0.03085
63.10400,0.00787
63.10800,-0.03320
63.11200,-0.02821
63.11600,-0.01915
63.12000,-0.04152
63.12400,0.01487
63.12800,-0.02196
63.13200,0.03800
63.13600,0.03563
63.14000,0.06543
63.14400,0.02411
63.14800,0.03924
63.15200,0.04499
63.15600,0.07670
63.16000,0.04948
63.16400,0.06426
63.16800,0.02630
63.17200,0.07107
63.17600,0.07044
63.18000,0.09894
63.18400,0.03606
63.18800,0.06229
63.19200,0.04494
63.19600,0.04108
63.20000,-0.00723
63.20400,-0.06216
63.20800,-0.01166
63.21200,0.00994
63.21600,-0.01109
63.22000,0.00926
63.22400,0.01999
63.22800,-0.03873
63.23200,-0.03515
63.23600,0.00128
63.24000,-0.06238
63.24400,-0.07932
63.24800,-0.02553
63.25200,-0.02484
63.25600,-0.00181
63.26000,-0.01752
63.26400,-0.03278
63.26800,-0.04331
63.27200,-0.06846
63.27600,-0.02226
63.28000,-0.04466
63.28400,-0.04030
63.28800,-0.02657
63.29200,-0.07305
63.29600,-0.03500
63.30000,-0.04586
63.30400,0.00481
63.30800,-0.03852
63.31200,-0.01747
63.31600,-0.06570
63.32000,-0.08852
63.32400,-0.05551
63.32800,-0.09789
63.33200,-0.13165
63.33600,-0.08308
63.34000,-0.06177
63.34400,-0.02488
63.34800,0.14475
63.35200,0.38512
63.35600,0.57664
63.36000,0.76514
63.36400,0.92874
63.36800,1.01749
63.37200,0.93929
63.37600,0.73619
63.38000,0.44472
63.38400,0.23699
63.38800,-0.00935
63.39200,-0.15143
63.39600,-0.23019
63.40000,-0.22040
63.40400,-0.21441
63.40800,-0.17580
63.41200,-0.15392
63.41600,-0.11787
63.42000,-0.05752
63.42400,-0.07099
63.42800,-0.05185
63.43200,-0.02770
63.43600,-0.03763
63.44000,-0.01121
63.44400,-0.01685
63.44800,-0.01206
63.45200,0.02444
63.45600,-0.02766
63.46000,0.02982
63.46400,-0.03090
63.46800,-0.01334
63.47200,-0.03900
63.47600,0.00745
63.48000,0.01597
63.48400,0.05856
63.48800,0.08364
63.49200,0.11940
63.49600,0.07909
63.50000,0.12791
63.50400,0.12072
63.50800,0.10597
63.51200,0.07713
63.51600,0.17116
63.52000,0.15615
63.52400,0.22797
63.52800,0.20603
63.53200,0.24984
63.53600,0.23320
63.54000,0.26342
63.54400,0.23903
63.54800,0.26754
63.55200,0.29442
63.55600,0.26089
63.56000,0.21854
63.56400,0.22065
63.56800,0.22659
63.57200,0.22569
63.57600,0.16886
63.58000,0.15868
63.58400,0.12622
63.58800,0.17560
63.59200,0.12824
63.59600,0.11104
63.60000,0.07845
63.60400,0.10907
63.60800,0.06725
63.61200,0.03966
63.61600,0.05335
63.62000,0.02911
63.62400,0.00156
63.62800,-0.00870
63.63200,-0.00904
63.63600,0.01190
63.64000,-0.04971
63.64400,-0.05847
63.64800,-0.01571
63.65200,-0.01133
63.65600,-0.00552
63.66000,-0.02529
63.66400,-0.06867
63.66800,-0.02323
63.67200,-0.03713
63.67600,-0.06121
63.68000,-0.07416
63.68400,-0.07283
63.68800,-0.04126
63.69200,-0.06841
63.69600,-0.03593
63.70000,-0.04626
63.70400,-0.03042
63.70800,-0.02615
63.71200,-0.06216
63.71600,-0.05105
63.72000,-0.02881
63.72400,-0.05653
63.72800,-0.02339
63.73200,-0.03209
63.73600,-0.02586
63.74000,-0.05591
63.74400,-0.02832
63.74800,-0.04840
63.75200,-0.03990
63.75600,-0.03175
63.76000,-0.05580
63.76400,-0.04531
63.76800,-0.09283
63.77200,-0.05827
63.77600,-0.03214
63.78000,-0.06615
63.78400,-0.08773
63.78800,-0.07317
63.79200,-0.05098
63.79600,-0.03160
63.80000,-0.03424
63.80400,-0.07308
63.80800,-0.03698
63.81200,-0.06936
63.81600,-0.02317
63.82000,-0.03745
63.82400,-0.05829
63.82800,-0.05459
63.83200,-0.04708
63.83600,-0.05687
63.84000,-0.02192
63.84400,-0.03951
63.84800,-0.05728
63.85200,-0.03666
63.85600,-0.07379
63.86000,-0.04263
63.86400,-0.05257
63.86800,-0.05711
63.87200,-0.04722
63.87600,-0.04144
63.88000,-0.07588
63.88400,-0.03879
63.88800,0.01392
63.89200,-0.03045
63.89600,-0.05838
63.90000,-0.03916
63.90400,-0.01268
63.90800,-0.06752
63.91200,-0.01278
63.91600,-0.05336
63.92000,-0.00799
63.92400,-0.06273
63.92800,-0.02541
63.93200,-0.05775
63.93600,-0.02120
63.94000,-0.02910
63.94400,-0.03996
63.94800,-0.06306
63.95200,-0.02562
63.95600,-0.03946
63.96000,-0.06909
63.96400,-0.03596
63.96800,-0.05051
63.97200,-0.04924
63.97600,-0.06714
63.98000,-0.04292
63.98400,-0.02962
63.98800,-0.06343
63.99200,-0.03068
63.99600,-0.08236
64.00000,-0.04454
64.00400,-0.04109
64.00800,-0.06536
64.01200,-0.04180
64.01600,-0.07051
64.02000,-0.00530
64.02400,-0.03140
64.02800,-0.01476
64.03200,-0.05082
64.03600,-0.07019
64.04000,-0.02168
64.04400,0.01391
64.04800,-0.00700
64.05200,0.02827
64.05600,0.02337
64.06000,0.03128
64.06400,0.05501
64.06800,0.02983
64.07200,0.03859
64.07600,0.07216
64.08000,0.06125
64.08400,0.04032
64.08800,0.02480
64.09200,0.06990
64.09600,-0.03264
64.10000,0.04225
64.10400,0.01180
64.10800,-0.01978
64.11200,0.00406
64.11600,-0.00350
64.12000,0.02595
64.12400,-0.02132
64.12800,-0.08391
64.13200,-0.05475
64.13600,-0.02482
64.14000,-0.05209
64.14400,-0.04596
64.14800,-0.04752
64.15200,-0.01778
64.15600,-0.04116
64.16000,-0.05125
64.16400,-0.06049
64.16800,-0.02794
64.17200,-0.06178
64.17600,-0.04024
64.18000,-0.04057
64.18400,-0.03354
64.18800,-0.03358
64.19200,-0.04310
64.19600,-0.01090
64.20000,-0.03291
64.20400,-0.06324
64.20800,-0.06757
64.21200,-0.06250
64.21600,-0.02288
64.22000,-0.07242
64.22400,-0.02302
64.22800,-0.05318
64.23200,-0.08433
64.23600,-0.10669
64.24000,-0.10785
64.24400,-0.10545
64.24800,-0.12037
64.25200,-0.07239
64.25600,-0.00183
64.26000,0.16101
64.26400,0.32153
64.26800,0.55800
64.27200,0.75498
64.27600,0.92542
64.28000,0.95592
64.28400,0.86741
64.28800,0.70443
64.29200,0.47399
64.29600,0.16139
64.30000,-0.03047
64.30400,-0.18305
64.30800,-0.22629
64.31200,-0.24328
64.31600,-0.23104
64.32000,-0.20384
64.32400,-0.17229
64.32800,-0.11642
64.33200,-0.10751
64.33600,-0.07597
64.34000,-0.05087
64.34400,-0.05615
64.34800,-0.02338
64.35200,-0.08726
64.35600,-0.06982
64.36000,-0.01636
64.36400,-0.04352
64.36800,-0.03805
64.37200,-0.03341
64.37600,-0.01799
64.38000,-0.01203
64.38400,0.00685
64.38800,0.02715
64.39200,0.05859
64.39600,-0.00643
64.40000,0.04521
64.40400,0.04610
64.40800,0.08326
64.41200,0.07722
64.41600,0.11522
64.42000,0.13734
64.42400,0.14928
64.42800,0.17238
64.43200,0.19816
64.43600,0.18076
64.44000,0.21371
64.44400,0.24678
64.44800,0.25568
64.45200,0.26256
64.45600,0.23147
64.46000,0.23751
64.46400,0.26838
64.46800,0.24408
64.47200,0.24260
64.47600,0.22027
64.48000,0.23312
64.48400,0.20378
64.48800,0.16439
64.49200,0.17471
64.49600,0.14275
64.50000,0.12690
64.50400,0.12508
64.50800,0.09865
64.51200,0.06690
64.51600,0.04043
64.52000,0.03799
64.52400,0.03070
64.52800,-0.00388
64.53200,-0.00251
64.53600,0.04631
64.54000,-0.02162
64.54400,-0.01603
64.54800,-0.04676
64.55200,-0.03567
64.55600,-0.02877
64.56000,-0.03394
64.56400,-0.07193
64.56800,-0.04186
64.57200,-0.06275
64.57600,-0.02379
64.58000,-0.04889
64.58400,-0.01580
64.58800,-0.04176
64.59200,-0.07287
64.59600,-0.03159
64.60000,-0.05973
64.60400,-0.05198
64.60800,-0.04822
64.61200,-0.07455
64.61600,-0.02655
64.62000,-0.04745
64.62400,-0.07142
64.62800,-0.07614
64.63200,-0.04115
64.63600,-0.02760
64.64000,-0.04232
64.64400,-0.04455
64.64800,-0.05904
64.65200,-0.02984
64.65600,-0.03949
64.66000,-0.06550
64.66400,-0.06300
64.66800,-0.09103
64.67200,-0.02712
64.67600,0.00579
64.68000,-0.05295
64.68400,-0.04226
64.68800,-0.03504
64.69200,-0.05454
64.69600,-0.00708
64.70000,-0.06950
64.70400,-0.06758
64.70800,-0.02010
64.71200,-0.03199
64.71600,-0.03628
64.72000,-0.05268
64.72400,-0.05131
64.72800,-0.04757
64.73200,-0.04243
64.73600,-0.06276
64.74000,-0.03093
64.74400,-0.01513
64.74800,-0.06038
64.75200,-0.06981
64.75600,-0.04812
64.76000,-0.00055
64.76400,-0.06850
64.76800,-0.02316
64.77200,-0.06311
64.77600,-0.06577
64.78000,-0.03003
64.78400,-0.05392
64.78800,-0.05121
64.79200,-0.03614
64.79600,-0.02910
64.80000,-0.04562
64.80400,-0.02112
64.80800,-0.06406
64.81200,-0.06015
64.81600,-0.03650
64.82000,-0.03810
64.82400,-0.08546
64.82800,-0.05619
64.83200,-0.03635
64.83600,-0.05326
64.84000,-0.01390
64.84400,-0.08002
64.84800,-0.04615
64.85200,-0.06615
64.85600,-0.08248
64.86000,-0.05464
64.86400,-0.05145
64.86800,-0.05805
64.87200,-0.06293
64.87600,-0.03406
64.88000,-0.07120
64.88400,-0.06184
64.88800,-0.07836
64.89200,-0.02823
64.89600,-0.07977
64.90000,-0.01767
64.90400,-0.06860
64.90800,-0.05095
64.91200,-0.01701
64.91600,-0.07004
64.92000,-0.02323
64.92400,-0.07450
64.92800,-0.05921
64.93200,-0.03942
64.93600,-0.04295
64.94000,-0.04364
64.94400,-0.04337
64.94800,-0.02030
64.95200,-0.08227
64.95600,-0.06280
64.96000,-0.03200
64.96400,-0.07739
64.96800,-0.06357
64.97200,-0.00369
64.97600,-0.02235
64.98000,-0.04005
64.98400,-0.04780
64.98800,-0.05270
64.99200,-0.06721
64.99600,-0.06598
65.00000,-0.06913
65.00400,-0.07340
65.00800,-0.04636
65.01200,-0.04109
65.01600,-0.06758
65.02000,-0.04585
65.02400,-0.07433
65.02800,-0.03978
65.03200,-0.05180
65.03600,-0.04492
65.04000,-0.03691
65.04400,-0.01309
65.04800,-0.02881
65.05200,-0.04011
65.05600,-0.01782
65.06000,-0.00611
65.06400,0.00613
65.06800,0.02428
65.07200,-0.00213
65.07600,0.00124
65.08000,0.04557
65.08400,0.01903
65.08800,0.05569
65.09200,0.10141
65.09600,0.07683
65.10000,0.02244
65.10400,0.03007
65.10800,0.04799
65.11200,0.02756
65.11600,0.03738
65.12000,0.01991
65.12400,0.01135
65.12800,0.00732
65.13200,-0.04229
65.13600,0.00303
65.14000,-0.05365
65.14400,-0.04982
65.14800,-0.08211
65.15200,-0.03950
65.15600,-0.03470
65.16000,-0.05138
65.16400,-0.06795
65.16800,-0.08993
65.17200,-0.03613
65.17600,-0.07008
65.18000,-0.05417
65.18400,-0.04213
65.18800,-0.04859
65.19200,-0.03875
65.19600,-0.01595
65.20000,-0.03258
65.20400,-0.06638
65.20800,-0.04769
65.21200,-0.05142
65.21600,-0.06408
65.22000,-0.03460
65.22400,-0.05451
65.22800,-0.04274
65.23200,-0.03444
65.23600,-0.00953
65.24000,-0.06455
65.24400,-0.04529
65.24800,-0.02589
65.25200,-0.05492
65.25600,-0.09660
65.26000,-0.13110
65.26400,-0.11227
65.26800,-0.09495
65.27200,-0.01024
65.27600,0.10557
65.28000,0.32934
65.28400,0.52581
65.28800,0.80194
65.29200,0.94491
65.29600,0.97210
65.30000,0.90057
65.30400,0.71576
65.30800,0.46019
65.31200,0.21759
65.31600,-0.00548
65.32000,-0.14060
65.32400,-0.24434
65.32800,-0.24840
65.33200,-0.20073
65.33600,-0.21122
65.34000,-0.16826
65.34400,-0.09570
65.34800,-0.08003
65.35200,-0.06246
65.35600,-0.04971
65.36000,-0.05334
65.36400,-0.05065
65.36800,-0.02639
65.37200,-0.03069
65.37600,-0.01728
65.38000,-0.01835
65.38400,0.02335
65.38800,-0.01515
65.39200,0.01852
65.39600,0.00022
65.40000,0.05220
65.40400,0.03497
65.40800,0.01288
65.41200,0.07069
65.41600,0.04365
65.42000,0.08920
65.42400,0.07150
65.42800,0.11045
65.43200,0.12515
65.43600,0.16693
65.44000,0.11496
65.44400,0.13926
65.44800,0.21332
65.45200,0.22315
65.45600,0.21332
65.46000,0.23726
65.46400,0.21057
65.46800,0.24552
65.47200,0.24453
65.47600,0.27582
65.48000,0.26320
65.48400,0.25024
65.48800,0.27010
65.49200,0.22399
65.49600,0.24028
65.50000,0.20584
65.50400,0.20447
65.50800,0.17215
65.51200,0.18913
65.51600,0.13383
65.52000,0.16555
65.52400,0.12165
65.52800,0.07325
65.53200,0.06484
65.53600,0.08600
65.54000,0.07244
65.54400,0.00797
65.54800,0.02381
65.55200,0.02401
65.55600,0.04754
65.56000,0.00897
65.56400,-0.01533
65.56800,0.00273
65.57200,-0.01952
65.57600,-0.04126
65.58000,-0.02822
65.58400,-0.03342
65.58800,-0.03546
65.59200,-0.03028
65.59600,-0.02687
65.60000,-0.04944
65.60400,-0.02203
65.60800,-0.06639
65.61200,-0.02274
65.61600,-0.02496
65.62000,-0.02757
65.62400,-0.06505
65.62800,-0.04513
65.63200,-0.03057
65.63600,-0.02650
65.64000,-0.01933
65.64400,-0.06440
65.64800,-0.03373
65.65200,-0.01417
65.65600,-0.05736
65.66000,-0.05775
65.66400,-0.04296
65.66800,-0.03935
65.67200,-0.03847
65.67600,-0.00994
65.68000,-0.02713
65.68400,-0.07005
65.68800,-0.01655
65.69200,-0.03135
65.69600,-0.01485
65.70000,-0.03339
65.70400,-0.00374
65.70800,-0.02973
65.71200,-0.04122
65.71600,-0.05509
65.72000,-0.01229
65.72400,-0.03444
65.72800,-0.06600
65.73200,-0.01530
65.73600,-0.00401
65.74000,-0.07106
65.74400,-0.01841
65.74800,-0.01816
65.75200,0.00530
65.75600,-0.00691
65.76000,-0.04417
65.76400,-0.02123
65.76800,-0.01382
65.77200,-0.05779
65.77600,0.00079
65.78000,-0.01971
65.78400,-0.01095
65.78800,-0.04578
65.79200,-0.01078
65.79600,-0.02931
65.80000,-0.03337
65.80400,-0.02737
65.80800,-0.01981
65.81200,-0.05669
65.81600,-0.02631
65.82000,-0.02025
65.82400,-0.05859
65.82800,0.00569
65.83200,0.02639
65.83600,-0.01355
65.84000,-0.02510
65.84400,-0.04589
65.84800,-0.04704
65.85200,-0.04914
65.85600,-0.00638
65.86000,-0.04193
65.86400,-0.01999
65.86800,-0.03320
65.87200,-0.00525
65.87600,0.00005
65.88000,-0.00440
65.88400,-0.01123
65.88800,-0.00093
65.89200,0.00921
65.89600,-0.03961
65.90000,-0.01795
65.90400,-0.03468
65.90800,-0.02170
65.91200,-0.02556
65.91600,-0.01988
65.92000,-0.00616
65.92400,-0.04645
65.92800,-0.07235
65.93200,-0.01545
65.93600,0.00262
65.94000,-0.02682
65.94400,0.01293
65.94800,0.02666
65.95200,-0.01182
65.95600,-0.01584
65.96000,0.00355
65.96400,0.01104
65.96800,-0.02684
65.97200,0.01840
65.97600,-0.02338
65.98000,0.00508
65.98400,0.04102
65.98800,0.05103
65.99200,0.03211
65.99600,0.06481
66.00000,0.09919
66.00400,0.04639
66.00800,0.09462
66.01200,0.10777
66.01600,0.05658
66.02000,0.10174
66.02400,0.08370
66.02800,0.05988
66.03200,0.05908
66.03600,0.04720
66.04000,0.04065
66.04400,0.02549
66.04800,0.00755
66.05200,0.03105
66.05600,0.04320
66.06000,-0.00154
66.06400,0.02817
66.06800,-0.01982
66.07200,-0.03171
66.07600,0.00333
66.08000,-0.00358
66.08400,-0.00186
66.08800,-0.02885
66.09200,-0.01862
66.09600,0.01101
66.10000,0.01969
66.10400,-0.00406
66.10800,-0.00319
66.11200,-0.06208
66.11600,-0.02252
66.12000,0.01807
66.12400,0.02698
66.12800,-0.02452
66.13200,-0.05765
66.13600,0.00292
66.14000,-0.03362
66.14400,-0.01559
66.14800,-0.02055
66.15200,-0.01630
66.15600,-0.03195
66.16000,-0.00485
66.16400,-0.02442
66.16800,-0.07048
66.17200,-0.09343
66.17600,-0.03332
66.18000,-0.06468
66.18400,-0.03682
66.18800,0.00610
66.19200,0.22446
66.19600,0.35600
66.20000,0.60918
66.20400,0.82941
66.20800,0.96355
66.21200,1.02423
66.21600,0.93432
66.22000,0.71572
66.22400,0.48101
66.22800,0.24201
66.23200,0.03156
66.23600,-0.09887
66.24000,-0.15060
66.24400,-0.21141
66.24800,-0.14320
66.25200,-0.15983
66.25600,-0.10514
66.26000,-0.07542
66.26400,-0.07429
66.26800,-0.02291
66.27200,-0.01111
66.27600,-0.01661
66.28000,0.02126
66.28400,0.01570
66.28800,0.00678
66.29200,-0.00205
66.29600,0.02666
66.30000,0.00818
66.30400,0.01372
66.30800,0.02636
66.31200,0.06468
66.31600,0.04726
66.32000,0.06157
66.32400,0.06827
66.32800,0.10155
66.33200,0.09880
66.33600,0.13602
66.34000,0.13097
66.34400,0.17037
66.34800,0.16373
66.35200,0.17464
66.35600,0.21414
66.36000,0.22211
66.36400,0.23284
66.36800,0.28872
66.37200,0.26254
66.37600,0.27065
66.38000,0.28820
66.38400,0.33338
66.38800,0.28136
66.39200,0.33432
66.39600,0.31732
66.40000,0.29730
66.40400,0.28988
66.40800,0.27410
66.41200,0.23619
66.41600,0.24424
66.42000,0.21873
66.42400,0.19845
66.42800,0.20290
66.43200,0.20763
66.43600,0.15771
66.44000,0.15354
66.44400,0.12647
66.44800,0.12331
66.45200,0.11782
66.45600,0.12344
66.46000,0.09560
66.46400,0.08293
66.46800,0.08961
66.47200,0.07178
66.47600,0.05688
66.48000,0.05539
66.48400,0.05203
66.48800,0.01374
66.49200,0.01194
66.49600,0.03040
66.50000,-0.00982
66.50400,0.01941
66.50800,0.01488
66.51200,0.02936
66.51600,0.03297
66.52000,0.04845
66.52400,-0.02589
66.52800,0.02603
66.53200,0.02558
66.53600,0.05096
66.54000,0.00749
66.54400,0.03061
66.54800,0.01684
66.55200,0.00346
66.55600,0.02485
66.56000,0.04266
66.56400,0.01397
66.56800,0.02553
66.57200,0.04211
66.57600,0.02041
66.58000,0.01580
66.58400,0.03080
66.58800,0.03082
66.59200,0.03363
66.59600,0.04647
66.60000,0.03496
66.60400,0.00069
66.60800,-0.00641
66.61200,0.02225
66.61600,0.06120
66.62000,0.02535
66.62400,0.01884
66.62800,0.03039
66.63200,0.03901
66.63600,0.04941
66.64000,0.00284
66.64400,0.04091
66.64800,0.03320
66.65200,0.04249
66.65600,0.05194
66.66000,-0.01500
66.66400,0.04924
66.66800,0.03742
66.67200,0.01515
66.67600,0.02611
66.68000,0.05307
66.68400,0.00045
66.68800,0.05013
66.69200,0.04476
66.69600,0.06838
66.70000,0.01413
66.70400,0.02078
66.70800,0.04977
66.71200,0.02815
66.71600,0.03901
66.72000,-0.01853
66.72400,0.07732
66.72800,-0.00280
66.73200,0.00099
66.73600,0.04570
66.74000,0.04234
66.74400,0.01960
66.74800,-0.00864
66.75200,0.04774
66.75600,0.03830
66.76000,0.01847
66.76400,0.03696
66.76800,0.02592
66.77200,0.01554
66.77600,0.05247
66.78000,0.03553
66.78400,0.03953
66.78800,0.01244
66.79200,0.02491
66.79600,0.03128
66.80000,0.02762
66.80400,0.04364
66.80800,0.04105
66.81200,0.03345
66.81600,0.03761
66.82000,0.04623
66.82400,0.06257
66.82800,0.01905
66.83200,0.06289
66.83600,0.05873
66.84000,0.06222
66.84400,0.03468
66.84800,0.05530
66.85200,0.09175
66.85600,0.03218
66.86000,0.07782
66.86400,0.06642
66.86800,0.10824
66.87200,0.09128
66.87600,0.11120
66.88000,0.09529
66.88400,0.10527
66.88800,0.15960
66.89200,0.10753
66.89600,0.13023
66.90000,0.13703
66.90400,0.12091
66.90800,0.15426
66.91200,0.11686
66.91600,0.13408
66.92000,0.12396
66.92400,0.07523
66.92800,0.11394
66.93200,0.06895
66.93600,0.09293
66.94000,0.03655
66.94400,0.06563
66.94800,0.08277
66.95200,0.07063
66.95600,0.07928
66.96000,0.09090
66.96400,0.06648
66.96800,0.04996
66.97200,0.04755
66.97600,0.06492
66.98000,0.02509
66.98400,0.03037
66.98800,0.04839
66.99200,0.08721
66.99600,0.02751
67.00000,0.05706
67.00400,0.03566
67.00800,0.06700
67.01200,0.05620
67.01600,0.05205
67.02000,0.06726
67.02400,0.04797
67.02800,0.01861
67.03200,0.09638
67.03600,0.04834
67.04000,0.05934
67.04400,0.06359
67.04800,0.03186
67.05200,0.03031
67.05600,0.01622
67.06000,0.02430
67.06400,0.00671
67.06800,-0.01470
67.07200,-0.04068
67.07600,0.00015
67.08000,0.07045
67.08400,0.21147
67.08800,0.42201
67.09200,0.66883
67.09600,0.89423
67.10000,1.00036
67.10400,1.09565
67.10800,1.00661
67.11200,0.84834
67.11600,0.58139
67.12000,0.28380
67.12400,0.10746
67.12800,-0.04200
67.13200,-0.12226
67.13600,-0.16159
67.14000,-0.10460
67.14400,-0.08953
67.14800,-0.06320
67.15200,-0.04830
67.15600,0.01006
67.16000,0.00996
67.16400,0.01984
67.16800,0.09206
67.17200,0.05940
67.17600,0.08720
67.18000,0.08858
67.18400,0.08880
67.18800,0.06652
67.19200,0.05826
67.19600,0.08175
67.20000,0.09688
67.20400,0.09636
67.20800,0.10476
67.21200,0.12090
67.21600,0.10316
67.22000,0.16276
67.22400,0.13544
67.22800,0.17434
67.23200,0.17339
67.23600,0.23165
67.24000,0.21517
67.24400,0.22434
67.24800,0.25555
67.25200,0.29497
67.25600,0.27286
67.26000,0.28633
67.26400,0.31750
67.26800,0.35229
67.27200,0.29037
67.27600,0.37289
67.28000,0.40912
67.28400,0.35806
67.28800,0.38207
67.29200,0.35327
67.29600,0.31331
67.30000,0.33064
67.30400,0.34231
67.30800,0.29143
67.31200,0.29388
67.31600,0.26759
67.32000,0.27351
67.32400,0.29200
67.32800,0.23110
67.33200,0.18407
67.33600,0.22893
67.34000,0.17008
67.34400,0.15484
67.34800,0.15627
67.35200,0.15272
67.35600,0.12711
67.36000,0.12298
67.36400,0.10776
67.36800,0.07488
67.37200,0.10561
67.37600,0.10615
67.38000,0.06595
67.38400,0.04408
67.38800,0.06299
67.39200,0.07883
67.39600,0.09753
67.40000,0.07647
67.40400,0.00552
67.40800,0.05723
67.41200,0.06787
67.41600,0.07400
67.42000,0.03679
67.42400,0.06113
67.42800,0.06831
67.43200,0.08267
67.43600,0.08121
67.44000,0.10242
67.44400,0.05240
67.44800,0.05948
67.45200,0.05704
67.45600,0.07869
67.46000,0.10422
67.46400,0.07238
67.46800,0.06901
67.47200,0.04977
67.47600,0.04141
67.48000,0.10556
67.48400,0.06450
67.48800,0.09829
67.49200,0.08207
67.49600,0.05883
67.50000,0.07115
67.50400,0.05043
67.50800,0.07862
67.51200,0.06615
67.51600,0.08170
67.52000,0.09518
67.52400,0.05532
67.52800,0.08604
67.53200,0.07514
67.53600,0.05861
67.54000,0.07213
67.54400,0.09528
67.54800,0.07004
67.55200,0.08982
67.55600,0.07363
67.56000,0.09588
67.56400,0.06450
67.56800,0.06289
67.57200,0.07929
67.57600,0.02241
67.58000,0.05720
67.58400,0.10159
67.58800,0.05285
67.59200,0.10823
67.59600,0.09834
67.60000,0.05962
67.60400,0.05269
67.60800,0.07811
67.61200,0.08479
67.61600,0.10619
67.62000,0.09685
67.62400,0.05528
67.62800,0.08401
67.63200,0.05941
67.63600,0.08817
67.64000,0.07961
67.64400,0.09520
67.64800,0.06814
67.65200,0.08336
67.65600,0.04356
67.66000,0.04863
67.66400,0.08046
67.66800,0.06933
67.67200,0.08813
67.67600,0.11187
67.68000,0.05693
67.68400,0.04441
67.68800,0.04782
67.69200,0.05529
67.69600,0.09385
67.70000,0.07462
67.70400,0.06350
67.70800,0.08026
67.71200,0.06615
67.71600,0.07215
67.72000,0.06921
67.72400,0.04089
67.72800,0.08642
67.73200,0.07054
67.73600,0.11572
67.74000,0.06901
67.74400,0.05702
67.74800,0.07059
67.75200,0.05450
67.75600,0.06675
67.76000,0.06239
67.76400,0.07486
67.76800,0.05237
67.77200,0.06838
67.77600,0.06600
67.78000,0.05576
67.78400,0.07885
67.78800,0.09582
67.79200,0.10514
67.79600,0.10029
67.80000,0.10163
67.80400,0.12887
67.80800,0.11602
67.81200,0.14237
67.81600,0.10495
67.82000,0.12422
67.82400,0.14212
67.82800,0.18299
67.83200,0.16127
67.83600,0.17475
67.84000,0.14375
67.84400,0.13138
67.84800,0.21523
67.85200,0.17914
67.85600,0.17685
67.86000,0.12869
67.86400,0.10701
67.86800,0.11437
67.87200,0.09765
67.87600,0.08383
67.88000,0.03671
67.88400,0.08515
67.88800,0.03240
67.89200,0.06300
67.89600,0.04040
67.90000,0.10731
67.90400,0.04226
67.90800,0.05831
67.91200,0.07509
67.91600,0.05868
67.92000,0.07161
67.92400,0.08241
67.92800,0.05277
67.93200,0.07409
67.93600,0.06306
67.94000,0.03810
67.94400,0.07148
67.94800,0.04255
67.95200,0.08691
67.95600,0.06344
67.96000,0.06865
67.96400,0.08250
67.96800,0.04714
67.97200,0.04636
67.97600,0.09199
67.98000,0.07084
67.98400,0.06096
67.98800,0.00034
67.99200,0.02587
67.99600,-0.01302
68.00000,-0.01967
68.00400,-0.03967
68.00800,-0.00770
68.01200,0.09717
68.01600,0.25553
68.02000,0.43230
68.02400,0.66898
68.02800,0.89015
68.03200,1.07162
68.03600,1.07521
68.04000,1.01067
68.04400,0.87323
68.04800,0.57202
68.05200,0.33325
68.05600,0.08018
68.06000,-0.06559
68.06400,-0.13156
68.06800,-0.08484
68.07200,-0.13943
68.07600,-0.06297
68.08000,-0.05764
68.08400,-0.03581
68.08800,-0.02000
68.09200,0.04077
68.09600,0.07372
68.10000,0.04194
68.10400,0.05528
68.10800,0.04357
68.11200,0.05458
68.11600,0.09159
68.12000,0.06514
68.12400,0.05864
68.12800,0.09885
68.13200,0.09611
68.13600,0.09870
68.14000,0.14761
68.14400,0.12439
68.14800,0.15088
68.15200,0.11590
68.15600,0.15291
68.16000,0.19724
68.16400,0.20038
68.16800,0.22295
68.17200,0.19074
68.17600,0.23356
68.18000,0.28945
68.18400,0.30558
68.18800,0.22905
68.19200,0.26779
68.19600,0.34730
68.20000,0.35008
68.20400,0.36833
68.20800,0.29157
68.21200,0.35500
68.21600,0.37251
68.22000,0.37736
68.22400,0.32917
68.22800,0.36197
68.23200,0.34865
68.23600,0.30806
68.24000,0.33860
68.24400,0.31368
68.24800,0.29095
68.25200,0.24381
68.25600,0.24190
68.26000,0.21596
68.26400,0.23458
68.26800,0.23047
68.27200,0.14794
68.27600,0.18972
68.28000,0.14560
68.28400,0.10868
68.28800,0.09679
68.29200,0.13165
68.29600,0.09956
68.30000,0.07058
68.30400,0.07448
68.30800,0.06406
68.31200,0.06562
68.31600,0.09988
68.32000,0.04698
68.32400,0.05125
68.32800,-0.00687
68.33200,0.06414
68.33600,0.07348
68.34000,0.09322
68.34400,0.03877
68.34800,0.04402
68.35200,0.04212
68.35600,0.02379
68.36000,0.04963
68.36400,0.03244
68.36800,0.04429
68.37200,0.05087
68.37600,0.06433
68.38000,0.04849
68.38400,0.09843
68.38800,0.05364
68.39200,0.05865
68.39600,0.05702
68.40000,0.04522
68.40400,0.06572
68.40800,0.05011
68.41200,0.01834
68.41600,0.03539
68.42000,0.07546
68.42400,0.01234
68.42800,0.08080
68.43200,0.04806
68.43600,0.04983
68.44000,0.07133
68.44400,0.04877
68.44800,0.03491
68.45200,-0.00084
68.45600,0.03147
68.46000,0.01936
68.46400,0.05865
68.46800,0.04498
68.47200,0.02386
68.47600,0.06651
68.48000,0.06174
68.48400,0.08758
68.48800,0.04839
68.49200,0.01655
68.49600,0.04452
68.50000,0.05690
68.50400,0.06051
68.50800,0.01393
68.51200,0.05149
68.51600,0.05430
68.52000,0.04941
68.52400,0.00687
68.52800,0.03109
68.53200,0.03729
68.53600,0.03558
68.54000,0.05799
68.54400,0.03178
68.54800,0.00125
68.55200,-0.00501
68.55600,0.04828
68.56000,0.02214
68.56400,0.03724
68.56800,0.06169
68.57200,0.02694
68.57600,0.03745
68.58000,0.00767
68.58400,0.01250
68.58800,0.04887
68.59200,0.06160
68.59600,0.02300
68.60000,0.03294
68.60400,0.04277
68.60800,0.02728
68.61200,0.03708
68.61600,0.02771
68.62000,0.04749
68.62400,0.02484
68.62800,0.02502
68.63200,0.00666
68.63600,0.01852
68.64000,0.00364
68.64400,0.03108
68.64800,0.05509
68.65200,0.00710
68.65600,0.01602
68.66000,0.01737
68.66400,0.04302
68.66800,0.02646
68.67200,0.02623
68.67600,0.01266
68.68000,0.02698
68.68400,0.02464
68.68800,0.01533
68.69200,0.06041
68.69600,0.04191
68.70000,0.02774
68.70400,0.03774
68.70800,0.07769
68.71200,0.04364
68.71600,0.01920
68.72000,0.02976
68.72400,0.05329
68.72800,0.03953
68.73200,0.02371
68.73600,0.03160
68.74000,0.00596
68.74400,0.02242
68.74800,0.02011
68.75200,0.02368
68.75600,0.05606
68.76000,0.02899
68.76400,0.05164
68.76800,0.02798
68.77200,-0.00322
68.77600,0.05330
68.78000,0.01673
68.78400,0.02617
68.78800,0.05156
68.79200,0.05933
68.79600,0.03493
68.80000,0.06065
68.80400,0.02698
68.80800,0.05497
68.81200,0.02782
68.81600,0.07344
68.82000,0.04868
68.82400,0.08255
68.82800,0.05316
68.83200,0.11738
68.83600,0.13005
68.84000,0.10018
68.84400,0.11403
68.84800,0.09883
68.85200,0.11788
68.85600,0.09333
68.86000,0.13627
68.86400,0.11639
68.86800,0.13540
68.87200,0.10391
68.87600,0.08988
68.88000,0.06795
68.88400,0.08802
68.88800,0.06312
68.89200,0.03210
68.89600,0.01824
68.90000,0.06164
68.90400,0.03449
68.90800,0.03043
68.91200,0.01722
68.91600,0.01474
68.92000,0.02348
68.92400,0.02605
68.92800,-0.00350
68.93200,0.07094
68.93600,0.03865
68.94000,-0.02013
68.94400,0.02038
68.94800,0.04157
68.95200,0.00503
68.95600,-0.01001
68.96000,0.02909
68.96400,0.00488
68.96800,0.01748
68.97200,0.05112
68.97600,0.01721
68.98000,0.04412
68.98400,0.00056
68.98800,-0.02141
68.99200,0.00740
68.99600,0.00546
69.00000,0.02397
69.00400,0.01229
69.00800,-0.04838
69.01200,-0.04641
69.01600,-0.05050
69.02000,-0.07100
69.02400,-0.06818
69.02800,-0.02936
69.03200,0.06161
69.03600,0.16748
69.04000,0.37564
69.04400,0.60458
69.04800,0.86566
69.05200,0.99040
69.05600,1.00836
69.06000,0.96831
69.06400,0.79036
69.06800,0.48979
69.07200,0.24407
69.07600,0.06442
69.08000,-0.09187
69.08400,-0.15963
69.08800,-0.16051
69.09200,-0.16273
69.09600,-0.11863
69.10000,-0.10723
69.10400,-0.03070
69.10800,-0.04526
69.11200,-0.00404
69.11600,-0.04005
69.12000,0.00055
69.12400,0.02950
69.12800,-0.00218
69.13200,0.00980
69.13600,-0.02190
69.14000,0.01892
69.14400,0.00348
69.14800,0.03673
69.15200,0.03198
69.15600,0.03502
69.16000,0.05088
69.16400,0.05902
69.16800,0.07868
69.17200,0.08574
69.17600,0.12847
69.18000,0.14175
69.18400,0.08470
69.18800,0.18062
69.19200,0.16633
69.19600,0.19593
69.20000,0.18808
69.20400,0.23660
69.20800,0.25277
69.21200,0.24507
69.21600,0.24753
69.22000,0.29317
69.22400,0.30136
69.22800,0.28085
69.23200,0.25982
69.23600,0.28219
69.24000,0.31146
69.24400,0.32470
69.24800,0.27121
69.25200,0.26960
69.25600,0.24664
69.26000,0.26175
69.26400,0.22235
69.26800,0.25584
69.27200,0.21549
69.27600,0.18123
69.28000,0.15860
69.28400,0.16967
69.28800,0.12344
69.29200,0.10733
69.29600,0.10192
69.30000,0.10726
69.30400,0.10189
69.30800,0.05430
69.31200,0.02601
69.31600,0.02371
69.32000,0.03094
69.32400,0.04111
69.32800,-0.03135
69.33200,0.03110
69.33600,0.02213
69.34000,0.01509
69.34400,-0.02206
69.34800,0.00837
69.35200,-0.00606
69.35600,-0.01573
69.36000,0.01441
69.36400,0.02700
69.36800,0.00443
69.37200,0.01218
69.37600,0.02001
69.38000,0.00034
69.38400,-0.00961
69.38800,0.02947
69.39200,-0.01416
69.39600,-0.00741
69.40000,0.00497
69.40400,-0.01012
69.40800,-0.02175
69.41200,0.02023
69.41600,-0.00300
69.42000,-0.01637
69.42400,-0.01470
69.42800,0.00935
69.43200,0.01334
69.43600,0.00124
69.44000,0.01990
69.44400,-0.00341
69.44800,0.02841
69.45200,0.01491
69.45600,-0.02753
69.46000,-0.00561
69.46400,0.00215
69.46800,-0.00434
69.47200,-0.02486
69.47600,0.00523
69.48000,-0.00646
69.48400,-0.03465
69.48800,-0.03142
69.49200,-0.01272
69.49600,0.01306
69.50000,-0.00591
69.50400,-0.00227
69.50800,0.01368
69.51200,-0.01088
69.51600,-0.00542
69.52000,-0.00813
69.52400,0.01224
69.52800,-0.02024
69.53200,0.00144
69.53600,-0.02193
69.54000,-0.00487
69.54400,0.01478
69.54800,-0.02268
69.55200,0.00193
69.55600,-0.00562
69.56000,-0.00356
69.56400,0.00308
69.56800,-0.00681
69.57200,0.00225
69.57600,0.02789
69.58000,-0.02175
69.58400,-0.03085
69.58800,0.00667
69.59200,-0.00139
69.59600,0.03122
69.60000,-0.02219
69.60400,0.00564
69.60800,-0.02096
69.61200,-0.01874
69.61600,-0.02220
69.62000,-0.02552
69.62400,-0.02947
69.62800,-0.01601
69.63200,-0.01395
69.63600,-0.00880
69.64000,0.00541
69.64400,-0.02807
69.64800,-0.01303
69.65200,-0.02779
69.65600,0.00520
69.66000,-0.02884
69.66400,-0.01894
69.66800,-0.02656
69.67200,0.00957
69.67600,-0.03522
69.68000,-0.03544
69.68400,-0.01929
69.68800,-0.01983
69.69200,-0.03007
69.69600,0.00985
69.70000,-0.02300
69.70400,-0.05536
69.70800,-0.01633
69.71200,-0.04011
69.71600,-0.02557
69.72000,-0.02370
69.72400,-0.03071
69.72800,-0.02247
69.73200,-0.02105
69.73600,-0.00185
69.74000,0.03618
69.74400,-0.02859
69.74800,-0.02281
69.75200,0.00791
69.75600,0.01940
69.76000,0.00062
69.76400,-0.01941
69.76800,0.02364
69.77200,-0.01289
69.77600,0.00842
69.78000,-0.02548
69.78400,-0.04075
69.78800,0.01126
69.79200,-0.03399
69.79600,-0.03576
69.80000,-0.01351
69.80400,-0.03356
69.80800,-0.00258
69.81200,-0.01343
69.81600,-0.01957
69.82000,-0.02473
69.82400,0.01593
69.82800,0.01620
69.83200,0.01347
69.83600,-0.03097
69.84000,0.03135
69.84400,0.00629
69.84800,0.04422
69.85200,0.02863
69.85600,0.01213
69.86000,0.00340
69.86400,0.03099
69.86800,0.07848
69.87200,0.05354
69.87600,0.10334
69.88000,0.05004
69.88400,0.09298
69.88800,0.07831
69.89200,0.05281
69.89600,0.08303
69.90000,0.06241
69.90400,0.05577
69.90800,0.01269
69.91200,0.02269
69.91600,0.02106
69.92000,0.02064
69.92400,-0.00049
69.92800,0.04821
69.93200,-0.00670
69.93600,-0.00091
69.94000,-0.01509
69.94400,0.01253
69.94800,-0.00365
69.95200,0.00243
69.95600,-0.04835
69.96000,-0.01692
69.96400,-0.02294
69.96800,-0.00850
69.97200,-0.03399
69.97600,-0.01916
69.98000,-0.04072
69.98400,-0.02964
69.98800,-0.01488
69.99200,-0.03291
69.99600,-0.03863
70.00000,-0.02585
70.00400,-0.01603
70.00800,-0.01493
70.01200,-0.04586
70.01600,-0.03233
70.02000,-0.04610
70.02400,-0.04512
70.02800,0.02077
70.03200,-0.00561
70.03600,-0.02215
70.04000,-0.05336
70.04400,-0.04575
70.04800,-0.05009
70.05200,-0.07080
70.05600,-0.07993
70.06000,-0.08070
70.06400,0.06714
70.06800,0.17456
70.07200,0.37282
70.07600,0.59162
70.08000,0.80929
70.08400,0.94763
70.08800,0.96537
70.09200,0.95488
70.09600,0.78461
70.10000,0.49401
70.10400,0.24384
70.10800,0.01674
70.11200,-0.11631
70.11600,-0.21316
70.12000,-0.23386
70.12400,-0.20209
70.12800,-0.21213
70.13200,-0.10772
70.13600,-0.10589
70.14000,-0.05801
70.14400,-0.03704
70.14800,-0.00504
70.15200,0.00477
70.15600,-0.04960
70.16000,-0.04080
70.16400,-0.01483
70.16800,-0.04850
70.17200,0.00072
70.17600,-0.00991
70.18000,-0.01717
70.18400,0.02105
70.18800,-0.00656
70.19200,0.00501
70.19600,0.02999
70.20000,0.05864
70.20400,0.05013
70.20800,0.06058
70.21200,0.08669
70.21600,0.09127
70.22000,0.07966
70.22400,0.15206
70.22800,0.16116
70.23200,0.19173
70.23600,0.18969
70.24000,0.21346
70.24400,0.18694
70.24800,0.20596
70.25200,0.20796
70.25600,0.27916
70.26000,0.24892
70.26400,0.29376
70.26800,0.27674
70.27200,0.25743
70.27600,0.26005
70.28000,0.23850
70.28400,0.23579
70.28800,0.23908
70.29200,0.23122
70.29600,0.19218
70.30000,0.15385
70.30400,0.19005
70.30800,0.12696
70.31200,0.14502
70.31600,0.08262
70.32000,0.07693
70.32400,0.03956
70.32800,0.07679
70.33200,0.05795
70.33600,0.09934
70.34000,0.06178
70.34400,0.01762
70.34800,-0.03444
70.35200,-0.00615
70.35600,-0.00332
70.36000,-0.00623
70.36400,-0.01544
70.36800,-0.04242
70.37200,-0.03150
70.37600,0.01060
70.38000,-0.04069
70.38400,-0.03916
70.38800,-0.05638
70.39200,-0.04610
70.39600,-0.01106
70.40000,-0.02758
70.40400,-0.04591
70.40800,-0.04323
70.41200,-0.02061
70.41600,-0.04804
70.42000,-0.05288
70.42400,-0.04329
70.42800,-0.08793
70.43200,-0.01422
70.43600,-0.05387
70.44000,-0.02233
70.44400,-0.03847
70.44800,-0.01738
70.45200,-0.04903
70.45600,0.01165
70.46000,-0.02795
70.46400,-0.04275
70.46800,-0.03298
70.47200,-0.08063
70.47600,-0.06181
70.48000,-0.08039
70.48400,-0.04500
70.48800,0.00469
70.49200,-0.03328
70.49600,-0.06906
70.50000,-0.07078
70.50400,-0.03217
70.50800,-0.02808
70.51200,-0.04420
70.51600,-0.01207
70.52000,-0.03541
70.52400,-0.00113
70.52800,-0.02353
70.53200,-0.00055
70.53600,-0.09437
70.54000,-0.02667
70.54400,-0.02540
70.54800,-0.01245
70.55200,-0.02936
70.55600,-0.03423
70.56000,-0.03519
70.56400,-0.03842
70.56800,-0.03048
70.57200,-0.01095
70.57600,-0.07471
70.58000,-0.05176
70.58400,-0.07196
70.58800,-0.05483
70.59200,-0.03712
70.59600,-0.03988
70.60000,-0.03521
70.60400,-0.02934
70.60800,-0.03449
70.61200,-0.05059
70.61600,-0.04598
70.62000,-0.06534
70.62400,-0.05277
70.62800,-0.04662
70.63200,-0.03640
70.63600,-0.07621
70.64000,-0.02200
70.64400,-0.04664
70.64800,-0.07595
70.65200,-0.04862
70.65600,-0.03322
70.66000,-0.04387
70.66400,-0.05348
70.66800,-0.06357
70.67200,-0.04089
70.67600,-0.04317
70.68000,-0.03959
70.68400,-0.05418
70.68800,-0.02121
70.69200,-0.08270
70.69600,-0.04626
70.70000,-0.07932
70.70400,-0.08562
70.70800,-0.04386
70.71200,-0.02973
70.71600,-0.05324
70.72000,-0.03762
70.72400,-0.05096
70.72800,-0.02307
70.73200,-0.05842
70.73600,-0.03424
70.74000,-0.03828
70.74400,-0.07391
70.74800,-0.01759
70.75200,-0.04827
70.75600,-0.05569
70.76000,-0.04026
70.76400,-0.00466
70.76800,-0.02121
70.77200,0.00983
70.77600,-0.01428
70.78000,0.01830
70.78400,-0.01114
70.78800,0.02562
70.79200,0.06586
70.79600,0.03421
70.80000,0.05278
70.80400,0.01361
70.80800,0.08232
70.81200,0.03963
70.81600,0.04817
70.82000,0.02264
70.82400,0.00153
70.82800,0.00470
70.83200,-0.00373
70.83600,-0.02808
70.84000,-0.01851
70.84400,-0.04341
70.84800,-0.03967
70.85200,-0.09212
70.85600,-0.05936
70.86000,-0.03821
70.86400,-0.04146
70.86800,-0.05369
70.87200,-0.04104
70.87600,-0.01771
70.88000,-0.04392
70.88400,-0.05032
70.88800,-0.05364
70.89200,-0.04670
70.89600,-0.03955
70.90000,-0.09731
70.90400,-0.01054
70.90800,-0.03522
70.91200,-0.04345
70.91600,-0.06616
70.92000,-0.05539
70.92400,-0.06949
70.92800,-0.02669
70.93200,-0.06826
70.93600,-0.08632
70.94000,-0.06035
70.94400,-0.07344
70.94800,-0.05742
70.95200,-0.06362
70.95600,-0.09526
70.96000,-0.12373
70.96400,-0.11900
70.96800,-0.15129
70.97200,-0.12942
70.97600,-0.08826
70.98000,-0.02001
70.98400,0.13250
70.98800,0.31633
70.99200,0.58733
70.99600,0.73591
71.00000,0.90361
71.00400,0.99068
71.00800,0.86536
71.01200,0.71341
71.01600,0.45016
71.02000,0.19928
71.02400,-0.04108
71.02800,-0.17068
71.03200,-0.24315
71.03600,-0.30482
71.04000,-0.24391
71.04400,-0.21718
71.04800,-0.20973
71.05200,-0.12584
71.05600,-0.10553
71.06000,-0.10969
71.06400,-0.04319
71.06800,-0.06247
71.07200,-0.07640
71.07600,-0.06946
71.08000,-0.04176
71.08400,-0.05687
71.08800,-0.02678
71.09200,-0.06249
71.09600,-0.02603
71.10000,-0.01767
71.10400,-0.00712
71.10800,-0.02627
71.11200,-0.01770
71.11600,-0.01148
71.12000,0.02684
71.12400,-0.00309
71.12800,0.10942
71.13200,0.06320
71.13600,0.11113
71.14000,0.09709
71.14400,0.14924
71.14800,0.13431
71.15200,0.17883
71.15600,0.19338
71.16000,0.19713
71.16400,0.17927
71.16800,0.22586
71.17200,0.22856
71.17600,0.22846
71.18000,0.23268
71.18400,0.25404
71.18800,0.19679
71.19200,0.24514
71.19600,0.25631
71.20000,0.20372
71.20400,0.22666
71.20800,0.18141
71.21200,0.16702
71.21600,0.15067
71.22000,0.13751
71.22400,0.10642
71.22800,0.09002
71.23200,0.08101
71.23600,0.04862
71.24000,0.05076
71.24400,0.05465
71.24800,0.00620
71.25200,0.01186
71.25600,-0.01650
71.26000,-0.03574
71.26400,-0.02071
71.26800,-0.03532
71.27200,-0.01489
71.27600,-0.02817
71.28000,-0.04253
71.28400,-0.06247
71.28800,-0.02438
71.29200,-0.08073
71.29600,-0.07055
71.30000,-0.04483
71.30400,-0.05023
71.30800,-0.04899
71.31200,-0.06418
71.31600,-0.04822
71.32000,-0.03779
71.32400,-0.10009
71.32800,-0.05103
71.33200,-0.04469
71.33600,-0.08201
71.34000,-0.08197
71.34400,-0.05473
71.34800,-0.05184
71.35200,-0.06237
71.35600,-0.09539
71.36000,-0.05797
71.36400,-0.06600
71.36800,-0.06962
71.37200,-0.04427
71.37600,-0.10422
71.38000,-0.06213
71.38400,-0.07416
71.38800,-0.05298
71.39200,-0.06862
71.39600,-0.03099
71.40000,-0.05886
71.40400,-0.07458
71.40800,-0.09445
71.41200,-0.06951
71.41600,-0.06343
71.42000,-0.03402
71.42400,-0.05529
71.42800,-0.06083
71.43200,-0.08048
71.43600,-0.06036
71.44000,-0.08154
71.44400,-0.09147
71.44800,-0.05396
71.45200,-0.07299
71.45600,-0.08891
71.46000,-0.04244
71.46400,-0.03876
71.46800,-0.05577
71.47200,-0.09492
71.47600,-0.08049
71.48000,-0.08173
71.48400,-0.05955
71.48800,0.00388
71.49200,-0.04689
71.49600,-0.06484
71.50000,-0.08059
71.50400,-0.08997
71.50800,-0.07840
71.51200,-0.05927
71.51600,-0.06907
71.52000,-0.05276
71.52400,-0.05417
71.52800,-0.08491
71.53200,-0.04819
71.53600,-0.06207
71.54000,-0.03324
71.54400,-0.06523
71.54800,-0.07100
71.55200,-0.06484
71.55600,-0.04045
71.56000,-0.05237
71.56400,-0.04143
71.56800,-0.04214
71.57200,-0.05754
71.57600,-0.01674
71.58000,-0.06535
71.58400,-0.06641
71.58800,-0.04167
71.59200,-0.08388
71.59600,-0.05592
71.60000,-0.04016
71.60400,-0.07694
71.60800,-0.09355
71.61200,-0.08261
71.61600,-0.02837
71.62000,0.00047
71.62400,-0.05809
71.62800,-0.06064
71.63200,-0.05099
71.63600,0.01111
71.64000,0.00656
71.64400,0.01312
71.64800,-0.00316
71.65200,0.03137
71.65600,0.01315
71.66000,0.04319
71.66400,0.02247
71.66800,0.01300
71.67200,0.02864
71.67600,0.04051
71.68000,0.03431
71.68400,0.00862
71.68800,0.02949
71.69200,-0.02999
71.69600,-0.04598
71.70000,-0.00641
71.70400,-0.02840
71.70800,-0.03482
71.71200,-0.04836
71.71600,-0.03567
71.72000,-0.04464
71.72400,-0.02676
71.72800,-0.07329
71.73200,-0.08187
71.73600,-0.06029
71.74000,-0.06449
71.74400,-0.06503
71.74800,-0.10193
71.75200,-0.05237
71.75600,-0.02803
71.76000,-0.05256
71.76400,-0.03665
71.76800,-0.04785
71.77200,-0.05522
71.77600,-0.05153
71.78000,-0.03907
71.78400,-0.05022
71.78800,-0.04729
71.79200,-0.06017
71.79600,-0.07419
71.80000,-0.05220
71.80400,-0.06823
71.80800,-0.04983
71.81200,-0.10822
71.81600,-0.03615
71.82000,-0.05667
71.82400,-0.06703
71.82800,-0.10785
71.83200,-0.14937
71.83600,-0.13583
71.84000,-0.11756
71.84400,-0.00628
71.84800,0.12718
71.85200,0.32596
71.85600,0.51617
71.86000,0.74071
71.86400,0.88067
71.86800,0.99550
71.87200,0.89855
71.87600,0.70238
71.88000,0.44690
71.88400,0.16506
71.88800,-0.02048
71.89200,-0.16963
71.89600,-0.25633
71.90000,-0.24200
71.90400,-0.28311
71.90800,-0.20321
71.91200,-0.14788
71.91600,-0.11052
71.92000,-0.12614
71.92400,-0.13137
71.92800,-0.03664
71.93200,-0.02857
71.93600,-0.05420
71.94000,-0.05302
71.94400,-0.03769
71.94800,-0.02030
71.95200,-0.03469
71.95600,-0.03936
71.96000,-0.02266
71.96400,-0.01310
71.96800,0.02764
71.97200,-0.00346
71.97600,-0.01165
71.98000,0.05521
71.98400,0.06022
71.98800,0.07373
71.99200,0.04187
71.99600,0.06512
72.00000,0.06716
72.00400,0.10956
72.00800,0.15647
72.01200,0.16706
72.01600,0.16760
72.02000,0.18834
72.02400,0.20933
72.02800,0.21139
72.03200,0.20581
72.03600,0.22293
72.04000,0.27649
72.04400,0.23021
72.04800,0.22785
72.05200,0.26017
72.05600,0.23809
72.06000,0.23103
72.06400,0.23103
72.06800,0.21345
72.07200,0.16952
72.07600,0.20505
72.08000,0.17393
72.08400,0.18595
72.08800,0.15082
72.09200,0.10503
72.09600,0.09001
72.10000,0.06786
72.10400,0.02215
72.10800,0.06527
72.11200,0.02352
72.11600,0.04398
72.12000,0.01663
72.12400,0.00135
72.12800,0.02669
72.13200,-0.03071
72.13600,0.01584
72.14000,-0.03087
72.14400,0.01419
72.14800,-0.00835
72.15200,-0.04447
72.15600,-0.00138
72.16000,-0.02971
72.16400,-0.03206
72.16800,-0.04806
72.17200,-0.04149
72.17600,-0.04945
72.18000,-0.04788
72.18400,-0.02613
72.18800,-0.02527
72.19200,-0.01730
72.19600,-0.01749
72.20000,-0.04298
72.20400,-0.02608
72.20800,-0.04611
72.21200,-0.02915
72.21600,-0.02844
72.22000,-0.03255
72.22400,-0.05590
72.22800,-0.06283
72.23200,-0.00620
72.23600,-0.05466
72.24000,-0.05148
72.24400,-0.03093
72.24800,-0.04636
72.25200,-0.02969
72.25600,-0.01144
72.26000,-0.06797
72.26400,-0.03606
72.26800,-0.02526
72.27200,-0.06485
72.27600,-0.02209
72.28000,-0.00781
72.28400,-0.03531
72.28800,-0.02696
72.29200,-0.04135
72.29600,-0.01652
72.30000,-0.04510
72.30400,-0.03515
72.30800,-0.04767
72.31200,-0.04895
72.31600,-0.01129
72.32000,-0.03535
72.32400,-0.01583
72.32800,-0.06501
72.33200,-0.05634
72.33600,-0.05096
72.34000,0.00505
72.34400,-0.00981
72.34800,0.01205
72.35200,-0.04094
72.35600,-0.01936
72.36000,-0.02441
72.36400,-0.03591
72.36800,-0.01932
72.37200,-0.03075
72.37600,-0.02109
72.38000,-0.06466
72.38400,-0.05053
72.38800,-0.04874
72.39200,0.00360
72.39600,-0.01127
72.40000,-0.04790
72.40400,-0.01824
72.40800,-0.03952
72.41200,-0.04970
72.41600,-0.04590
72.42000,0.03175
72.42400,-0.02545
72.42800,-0.02816
72.43200,-0.00219
72.43600,-0.02027
72.44000,-0.04783
72.44400,0.01712
72.44800,0.01777
72.45200,-0.00901
72.45600,-0.04167
72.46000,-0.02525
72.46400,-0.02214
72.46800,-0.04529
72.47200,0.02807
72.47600,-0.02274
72.48000,-0.03415
72.48400,-0.02761
72.48800,-0.02912
72.49200,-0.07141
72.49600,-0.01931
72.50000,0.00182
72.50400,-0.01715
72.50800,-0.01194
72.51200,-0.02239
72.51600,-0.05441
72.52000,-0.00874
72.52400,-0.00600
72.52800,-0.04002
72.53200,-0.04109
72.53600,-0.03059
72.54000,-0.04426
72.54400,-0.06730
72.54800,-0.02554
72.55200,-0.02957
72.55600,-0.01461
72.56000,0.00628
72.56400,-0.03398
72.56800,-0.04670
72.57200,-0.01699
72.57600,-0.00136
72.58000,0.01552
72.58400,0.00667
72.58800,-0.00642
72.59200,-0.00592
72.59600,-0.03658
72.60000,0.01500
72.60400,0.02319
72.60800,0.01252
72.61200,0.01666
72.61600,0.03902
72.62000,0.04979
72.62400,0.06068
72.62800,0.06919
72.63200,0.03960
72.63600,0.06708
72.64000,0.05125
72.64400,0.10390
72.64800,0.13988
72.65200,0.07328
72.65600,0.08220
72.66000,0.08480
72.66400,0.05813
72.66800,0.09737
72.67200,0.05822
72.67600,0.08773
72.68000,0.08052
72.68400,0.03762
72.68800,0.00531
72.69200,0.04043
72.69600,0.00354
72.70000,-0.01060
72.70400,-0.00240
72.70800,0.02223
72.71200,-0.01776
72.71600,-0.00693
72.72000,0.01350
72.72400,-0.00893
72.72800,0.01340
72.73200,0.02068
72.73600,-0.01351
72.74000,-0.02623
72.74400,-0.02653
72.74800,0.02250
72.75200,0.00808
72.75600,-0.00036
72.76000,-0.00980
72.76400,0.01968
72.76800,-0.01090
72.77200,0.05282
72.77600,0.00524
72.78000,-0.03195
72.78400,0.01946
72.78800,0.00304
72.79200,-0.00591
72.79600,-0.01484
72.80000,0.00110
72.80400,-0.04654
72.80800,-0.02467
72.81200,-0.08348
72.81600,-0.04979
72.82000,-0.06353
72.82400,0.06555
72.82800,0.16866
72.83200,0.37938
72.83600,0.62864
72.84000,0.81620
72.84400,0.99592
72.84800,1.03010
72.85200,0.97646
72.85600,0.78112
72.86000,0.52122
72.86400,0.25870
72.86800,0.03199
72.87200,-0.07111
72.87600,-0.18138
72.88000,-0.22280
72.88400,-0.19573
72.88800,-0.17975
72.89200,-0.11709
72.89600,-0.07121
72.90000,-0.02782
72.90400,0.00505
72.90800,0.01686
72.91200,-0.02741
72.91600,0.00416
72.92000,0.02848
72.92400,0.02728
72.92800,0.02326
72.93200,0.01258
72.93600,0.04620
72.94000,0.03685
72.94400,0.03996
72.94800,0.05085
72.95200,0.05718
72.95600,0.07840
72.96000,0.10503
72.96400,0.09848
72.96800,0.09847
72.97200,0.12448
72.97600,0.13992
72.98000,0.17051
72.98400,0.19333
72.98800,0.22970
72.99200,0.23274
72.99600,0.20055
73.00000,0.23414
73.00400,0.24232
73.00800,0.28695
73.01200,0.34014
73.01600,0.31269
73.02000,0.30070
73.02400,0.34306
73.02800,0.33049
73.03200,0.30072
73.03600,0.29403
73.04000,0.33423
73.04400,0.31129
73.04800,0.24330
73.05200,0.25578
73.05600,0.26559
73.06000,0.21173
73.06400,0.22037
73.06800,0.18577
73.07200,0.15218
73.07600,0.15745
73.08000,0.13996
73.08400,0.14022
73.08800,0.08595
73.09200,0.11116
73.09600,0.08619
73.10000,0.05115
73.10400,0.09604
73.10800,0.05555
73.11200,0.06494
73.11600,0.08172
73.12000,0.05356
73.12400,0.06015
73.12800,0.04212
73.13200,0.02416
73.13600,0.03697
73.14000,0.00082
73.14400,0.03976
73.14800,0.04611
73.15200,0.03729
73.15600,0.01542
73.16000,0.00475
73.16400,0.01374
73.16800,0.02254
73.17200,0.00030
73.17600,0.06574
73.18000,0.01278
73.18400,0.03121
73.18800,0.01983
73.19200,0.03160
73.19600,-0.01287
73.20000,0.00962
73.20400,0.02946
73.20800,0.02930
73.21200,0.03834
73.21600,0.02021
73.22000,0.04726
73.22400,0.03539
73.22800,0.03056
73.23200,0.03197
73.23600,0.05292
73.24000,0.03145
73.24400,0.06327
73.24800,0.03505
73.25200,0.03781
73.25600,0.03315
73.26000,0.03936
73.26400,0.04261
73.26800,0.02159
73.27200,0.04947
73.27600,0.08524
73.28000,0.04505
73.28400,0.03719
73.28800,0.01943
73.29200,0.02025
73.29600,0.01952
73.30000,0.04102
73.30400,0.02252
73.30800,0.06801
73.31200,0.02813
73.31600,0.01908
73.32000,0.01917
73.32400,0.03525
73.32800,0.03448
73.33200,0.05604
73.33600,0.02370
73.34000,0.04470
73.34400,0.05673
73.34800,0.03287
73.35200,0.00482
73.35600,0.04366
73.36000,0.05902
73.36400,0.04718
73.36800,0.03967
73.37200,0.00153
73.37600,0.07138
73.38000,0.03651
73.38400,0.01720
73.38800,0.03401
73.39200,0.04382
73.39600,0.04193
73.40000,0.02364
73.40400,0.08903
73.40800,0.06582
73.41200,0.06169
73.41600,0.05437
73.42000,0.03438
73.42400,0.01956
73.42800,0.01742
73.43200,0.06364
73.43600,0.04462
73.44000,0.07494
73.44400,-0.00138
73.44800,0.06937
73.45200,0.05301
73.45600,0.03332
73.46000,0.06169
73.46400,0.03139
73.46800,0.03907
73.47200,0.05490
73.47600,0.04805
73.48000,0.05062
73.48400,0.04957
73.48800,0.06558
73.49200,0.02880
73.49600,0.00675
73.50000,0.02776
73.50400,-0.00097
73.50800,0.08488
73.51200,0.03361
73.51600,0.04588
73.52000,0.05331
73.52400,0.03164
73.52800,0.03745
73.53200,0.05251
73.53600,0.04772
73.54000,0.06382
73.54400,0.04328
73.54800,0.03508
73.55200,0.02032
73.55600,0.01584
73.56000,0.05515
73.56400,0.05730
73.56800,0.04457
73.57200,0.07863
73.57600,0.00474
73.58000,0.07350
73.58400,0.04201
73.58800,0.06408
73.59200,0.07294
73.59600,0.07041
73.60000,0.08851
73.60400,0.10910
73.60800,0.15997
73.61200,0.12303
73.61600,0.14600
73.62000,0.15613
73.62400,0.12733
73.62800,0.15923
73.63200,0.14316
73.63600,0.16767
73.64000,0.13505
73.64400,0.16192
73.64800,0.11564
73.65200,0.11502
73.65600,0.13149
73.66000,0.12564
73.66400,0.11314
73.66800,0.12730
73.67200,0.10013
73.67600,0.07362
73.68000,0.08670
73.68400,0.04781
73.68800,0.07674
73.69200,0.06649
73.69600,0.05394
73.70000,0.04134
73.70400,0.07556
73.70800,0.01460
73.71200,0.05085
73.71600,0.02599
73.72000,0.04722
73.72400,0.04526
73.72800,0.03790
73.73200,0.04197
73.73600,0.05977
73.74000,0.09341
73.74400,0.08834
73.74800,0.05069
73.75200,0.04639
73.75600,0.06680
73.76000,0.03832
73.76400,0.02501
73.76800,0.07295
73.77200,0.04438
73.77600,0.07891
73.78000,0.04950
73.78400,0.00369
73.78800,0.02253
73.79200,0.00829
73.79600,-0.01410
73.80000,-0.04068
73.80400,-0.01118
73.80800,0.13619
73.81200,0.18450
73.81600,0.41796
73.82000,0.68167
73.82400,0.91857
73.82800,1.04970
73.83200,1.08137
73.83600,1.00934
73.84000,0.83710
73.84400,0.55633
73.84800,0.33804
73.85200,0.10466
73.85600,-0.04429
73.86000,-0.11843
73.86400,-0.14227
73.86800,-0.14921
73.87200,-0.06313
73.87600,-0.06097
73.88000,-0.01876
73.88400,-0.03125
73.88800,0.00346
73.89200,0.05953
73.89600,0.05415
73.90000,0.05880
73.90400,0.05699
73.90800,0.07959
73.91200,0.05785
73.91600,0.04497
73.92000,0.04715
73.92400,0.06842
73.92800,0.09697
73.93200,0.12694
73.93600,0.11823
73.94000,0.10370
73.94400,0.10267
73.94800,0.15777
73.95200,0.16519
73.95600,0.16948
73.96000,0.19912
73.96400,0.21583
73.96800,0.23188
73.97200,0.26649
73.97600,0.22809
73.98000,0.26310
73.98400,0.28258
73.98800,0.28911
73.99200,0.36168
73.99600,0.34236
74.00000,0.35338
74.00400,0.36819
74.00800,0.35228
74.01200,0.37513
74.01600,0.35293
74.02000,0.36746
74.02400,0.35626
74.02800,0.36133
74.03200,0.29350
74.03600,0.29083
74.04000,0.27844
74.04400,0.25999
74.04800,0.26615
74.05200,0.25975
74.05600,0.21555
74.06000,0.22593
74.06400,0.20487
74.06800,0.15954
74.07200,0.16903
74.07600,0.17055
74.08000,0.11996
74.08400,0.07448
74.08800,0.11885
74.09200,0.10498
74.09600,0.10390
74.10000,0.09560
74.10400,0.07897
74.10800,0.07529
74.11200,0.05607
74.11600,0.10768
74.12000,0.09692
74.12400,0.06188
74.12800,0.04642
74.13200,0.07058
74.13600,0.09244
74.14000,0.06134
74.14400,0.04379
74.14800,0.07826
74.15200,0.06428
74.15600,0.04330
74.16000,0.05463
74.16400,0.06205
74.16800,0.03686
74.17200,0.06436
74.17600,0.08367
74.18000,0.07952
74.18400,0.08297
74.18800,0.07339
74.19200,0.05677
74.19600,0.07073
74.20000,0.08251
74.20400,0.05932
74.20800,0.06865
74.21200,0.04604
74.21600,0.05858
74.22000,0.04878
74.22400,0.03729
74.22800,0.06625
74.23200,0.10176
74.23600,0.02472
74.24000,0.04878
74.24400,0.06210
74.24800,0.04359
74.25200,0.06140
74.25600,0.07479
74.26000,0.02586
74.26400,0.05602
74.26800,0.06963
74.27200,0.06920
74.27600,0.09402
74.28000,0.06191
74.28400,0.08244
74.28800,0.04673
74.29200,0.03994
74.29600,0.04719
74.30000,0.04906
74.30400,0.07518
74.30800,0.07252
74.31200,0.05796
74.31600,0.03985
74.32000,0.06033
74.32400,0.04924
74.32800,0.05004
74.33200,0.02307
74.33600,0.08807
74.34000,0.06877
74.34400,0.11563
74.34800,0.11019
74.35200,0.05813
74.35600,0.10089
74.36000,0.04884
74.36400,0.11208
74.36800,0.05592
74.37200,0.02043
74.37600,0.05663
74.38000,0.07260
74.38400,0.09039
74.38800,0.07593
74.39200,0.09145
74.39600,0.06022
74.40000,0.02650
74.40400,0.05951
74.40800,0.03898
74.41200,0.07283
74.41600,0.01428
74.42000,0.03671
74.42400,0.03314
74.42800,0.05815
74.43200,0.07630
74.43600,0.04990
74.44000,0.03008
74.44400,0.04567
74.44800,0.05262
74.45200,0.07859
74.45600,0.05788
74.46000,0.08288
74.46400,-0.00072
74.46800,0.09066
74.47200,0.09892
74.47600,0.04509
74.48000,0.10897
74.48400,0.02489
74.48800,0.07449
74.49200,0.03068
74.49600,0.04517
74.50000,0.06848
74.50400,0.06476
74.50800,0.06854
74.51200,0.06232
74.51600,0.03355
74.52000,0.04345
74.52400,0.06519
74.52800,0.06989
74.53200,0.08892
74.53600,0.07359
74.54000,0.11463
74.54400,0.13614
74.54800,0.12536
74.55200,0.16928
74.55600,0.15269
74.56000,0.17063
74.56400,0.13571
74.56800,0.15619
74.57200,0.12003
74.57600,0.10471
74.58000,0.09973
74.58400,0.11757
74.58800,0.12073
74.59200,0.14840
74.59600,0.10307
74.60000,0.08070
74.60400,0.10122
74.60800,0.07595
74.61200,0.06838
74.61600,0.06644
74.62000,0.07973
74.62400,0.08960
74.62800,0.02751
74.63200,0.05635
74.63600,0.04402
74.64000,0.05306
74.64400,0.09935
74.64800,0.04735
74.65200,0.00272
74.65600,0.06864
74.66000,0.04182
74.66400,0.03288
74.66800,0.09519
74.67200,0.09093
74.67600,0.07128
74.68000,0.05584
74.68400,0.03623
74.68800,0.07961
74.69200,0.04550
74.69600,0.05467
74.70000,0.04579
74.70400,0.05082
74.70800,0.00458
74.71200,0.01331
74.71600,0.00109
74.72000,-0.03231
74.72400,-0.03025
74.72800,-0.03117
74.73200,-0.02392
74.73600,0.01069
74.74000,0.08457
74.74400,0.25424
74.74800,0.38843
74.75200,0.64808
74.75600,0.87149
74.76000,1.01214
74.76400,1.10175
74.76800,0.99160
74.77200,0.82881
74.77600,0.56962
74.78000,0.29946
74.78400,0.11083
74.78800,-0.08614
74.79200,-0.16037
74.79600,-0.16535
74.80000,-0.18777
74.80400,-0.11139
74.80800,-0.06479
74.81200,-0.05807
74.81600,-0.01504
74.82000,-0.00050
74.82400,0.08539
74.82800,0.07080
74.83200,0.06239
74.83600,0.05794
74.84000,0.08306
74.84400,0.06177
74.84800,0.08799
74.85200,0.08531
74.85600,0.11521
74.86000,0.10053
74.86400,0.07542
74.86800,0.10763
74.87200,0.12760
74.87600,0.12982
74.88000,0.17286
74.88400,0.14881
74.88800,0.14973
74.89200,0.19195
74.89600,0.21415
74.90000,0.20878
74.90400,0.23739
74.90800,0.24783
74.91200,0.26785
74.91600,0.28689
74.92000,0.28722
74.92400,0.32405
74.92800,0.32862
74.93200,0.36582
74.93600,0.34421
74.94000,0.34496
74.94400,0.31957
74.94800,0.38758
74.95200,0.33317
74.95600,0.32036
74.96000,0.31497
74.96400,0.30837
74.96800,0.29185
74.97200,0.31204
74.97600,0.25134
74.98000,0.23859
74.98400,0.21588
74.98800,0.21886
74.99200,0.15594
74.99600,0.19148
75.00000,0.14767
75.00400,0.11136
75.00800,0.15501
75.01200,0.08651
75.01600,0.11533
75.02000,0.09172
75.02400,0.06902
75.02800,0.04169
75.03200,0.05397
75.03600,0.07804
75.04000,0.05669
75.04400,0.04305
75.04800,0.07052
75.05200,0.04974
75.05600,0.04822
75.06000,0.02805
75.06400,0.01636
75.06800,0.03386
75.07200,0.04787
75.07600,0.03346
75.08000,0.04718
75.08400,0.03578
75.08800,0.03550
75.09200,0.03944
75.09600,0.04684
75.10000,-0.00481
75.10400,0.03926
75.10800,0.03563
75.11200,0.03031
75.11600,0.05889
75.12000,0.06197
75.12400,0.06210
75.12800,0.05322
75.13200,0.04800
75.13600,0.04107
75.14000,0.05381
75.14400,0.02513
75.14800,0.03584
75.15200,0.04431
75.15600,0.03529
75.16000,0.01305
75.16400,0.03617
75.16800,0.02926
75.17200,0.02494
75.17600,0.04960
75.18000,0.05903
75.18400,0.03875
75.18800,0.01434
75.19200,0.03337
75.19600,0.03337
75.20000,0.01567
75.20400,0.02470
75.20800,0.03918
75.21200,0.02486
75.21600,0.04489
75.22000,0.01025
75.22400,0.04885
75.22800,0.02216
75.23200,0.03811
75.23600,0.03633
75.24000,0.02528
75.24400,0.05658
75.24800,-0.00013
75.25200,0.03944
75.25600,0.04766
75.26000,0.03036
75.26400,0.03342
75.26800,0.01213
75.27200,0.03354
75.27600,0.03813
75.28000,0.02241
75.28400,0.03483
75.28800,0.02670
75.29200,0.01386
75.29600,0.03212
75.30000,0.01843
75.30400,0.05078
75.30800,0.01812
75.31200,0.06089
75.31600,0.03320
75.32000,0.03249
75.32400,0.01871
75.32800,0.04129
75.33200,0.01260
75.33600,0.00203
75.34000,0.04154
75.34400,-0.00895
75.34800,0.05555
75.35200,0.02156
75.35600,0.06407
75.36000,0.03657
75.36400,0.06513
75.36800,0.00280
75.37200,0.02317
75.37600,0.03660
75.38000,0.02060
75.38400,0.03248
75.38800,0.02837
75.39200,0.04395
75.39600,0.06005
75.40000,-0.01193
75.40400,0.04373
75.40800,0.00773
75.41200,0.06374
75.41600,0.00115
75.42000,0.01396
75.42400,0.04025
75.42800,0.02734
75.43200,0.04378
75.43600,0.03867
75.44000,0.01594
75.44400,-0.00036
75.44800,0.05580
75.45200,0.03103
75.45600,0.03502
75.46000,0.03482
75.46400,0.03948
75.46800,0.03593
75.47200,0.05743
75.47600,0.06956
75.48000,0.04794
75.48400,0.05043
75.48800,0.10208
75.49200,0.11880
75.49600,0.09869
75.50000,0.11417
75.50400,0.11279
75.50800,0.13496
75.51200,0.12595
75.51600,0.11547
75.52000,0.10713
75.52400,0.12572
75.52800,0.11557
75.53200,0.09135
75.53600,0.09759
75.54000,0.01814
75.54400,0.06188
75.54800,0.06596
75.55200,0.01414
75.55600,0.03622
75.56000,0.04644
75.56400,0.06340
75.56800,0.04153
75.57200,0.00697
75.57600,0.04669
75.58000,0.02290
75.58400,0.04305
75.58800,-0.00139
75.59200,-0.00651
75.59600,-0.00633
75.60000,0.03653
75.60400,0.04940
75.60800,0.02944
75.61200,0.02866
75.61600,0.02213
75.62000,0.02881
75.62400,0.00400
75.62800,0.04949
75.63200,0.03949
75.63600,0.04379
75.64000,0.02186
75.64400,0.04079
75.64800,0.04147
75.65200,0.07209
75.65600,0.03831
75.66000,-0.00389
75.66400,-0.01603
75.66800,0.00232
75.67200,-0.02439
75.67600,-0.03659
75.68000,-0.04627
75.68400,-0.03048
75.68800,0.06886
75.69200,0.17741
75.69600,0.40807
75.70000,0.67819
75.70400,0.86316
75.70800,0.98549
75.71200,1.02991
75.71600,1.01611
75.72000,0.79219
75.72400,0.52155
75.72800,0.28879
75.73200,0.05784
75.73600,-0.10520
75.74000,-0.15986
75.74400,-0.17497
75.74800,-0.14057
75.75200,-0.15496
75.75600,-0.05765
75.76000,-0.05555
75.76400,-0.06153
75.76800,0.01731
75.77200,0.03142
75.77600,0.02850
75.78000,0.04023
75.78400,0.00835
75.78800,0.03996
75.79200,-0.00023
75.79600,0.02287
75.80000,0.08927
75.80400,0.07951
75.80800,0.05905
75.81200,0.06968
75.81600,0.06910
75.82000,0.09083
75.82400,0.09245
75.82800,0.08286
75.83200,0.10797
75.83600,0.09174
75.84000,0.12909
75.84400,0.16046
75.84800,0.18814
75.85200,0.24501
75.85600,0.18496
75.86000,0.27804
75.86400,0.24287
75.86800,0.25888
75.87200,0.27927
75.87600,0.33832
75.88000,0.28150
75.88400,0.30287
75.88800,0.32477
75.89200,0.33565
75.89600,0.32145
75.90000,0.31239
75.90400,0.32112
75.90800,0.27267
75.91200,0.31025
75.91600,0.25592
75.92000,0.25671
75.92400,0.21408
75.92800,0.20228
75.93200,0.21704
75.93600,0.18888
75.94000,0.15676
75.94400,0.15827
75.94800,0.19263
75.95200,0.06285
75.95600,0.05540
75.96000,0.08739
75.96400,0.03803
75.96800,0.08196
75.97200,0.03709
75.97600,0.04544
75.98000,0.02272
75.98400,0.07378
75.98800,0.06082
75.99200,-0.00814
75.99600,0.03620
76.00000,0.01342
76.00400,0.04816
76.00800,0.02226
76.01200,-0.00003
76.01600,0.00493
76.02000,0.01441
76.02400,0.04513
76.02800,0.01413
76.03200,0.00079
76.03600,0.00328
76.04000,0.02692
76.04400,0.00458
76.04800,0.04411
76.05200,0.02856
76.05600,0.01244
76.06000,0.01227
76.06400,0.00269
76.06800,-0.03868
76.07200,0.03182
76.07600,0.04035
76.08000,0.00452
76.08400,0.01485
76.08800,-0.01827
76.09200,0.00467
76.09600,0.01141
76.10000,0.00685
76.10400,0.00856
76.10800,0.02845
76.11200,0.02113
76.11600,0.02393
76.12000,-0.00441
76.12400,-0.00301
76.12800,0.00661
76.13200,-0.02559
76.13600,-0.02188
76.14000,0.01357
76.14400,0.00606
76.14800,0.00814
76.15200,0.02877
76.15600,-0.03773
76.16000,0.01317
76.16400,0.00099
76.16800,-0.02067
76.17200,0.01912
76.17600,0.03207
76.18000,-0.02519
76.18400,0.00505
76.18800,0.02454
76.19200,0.00471
76.19600,-0.00482
76.20000,0.02251
76.20400,-0.03107
76.20800,0.00231
76.21200,-0.00959
76.21600,0.00137
76.22000,-0.02245
76.22400,0.00592
76.22800,0.02834
76.23200,0.01086
76.23600,-0.02384
76.24000,-0.00832
76.24400,-0.01329
76.24800,-0.02765
76.25200,0.01696
76.25600,0.01081
76.26000,-0.00212
76.26400,0.02952
76.26800,0.01590
76.27200,-0.01113
76.27600,0.00163
76.28000,-0.00274
76.28400,0.00025
76.28800,0.02530
76.29200,0.02601
76.29600,-0.01964
76.30000,0.03993
76.30400,-0.03250
76.30800,-0.00610
76.31200,0.04605
76.31600,0.01300
76.32000,0.02106
76.32400,0.00146
76.32800,0.00770
76.33200,-0.01521
76.33600,0.02613
76.34000,-0.00629
76.34400,-0.01331
76.34800,-0.03303
76.35200,0.03942
76.35600,-0.03345
76.36000,-0.02367
76.36400,0.00669
76.36800,-0.00348
76.37200,0.03181
76.37600,0.00779
76.38000,0.00280
76.38400,-0.02018
76.38800,0.00676
76.39200,-0.03320
76.39600,-0.02018
76.40000,0.02168
76.40400,0.00095
76.40800,-0.02769
76.41200,-0.01709
76.41600,-0.00660
76.42000,0.00418
76.42400,0.00262
76.42800,0.01844
76.43200,-0.05385
76.43600,0.02385
76.44000,-0.02303
76.44400,0.01120
76.44800,0.02997
76.45200,0.05792
76.45600,0.03280
76.46000,0.02772
76.46400,0.04760
76.46800,0.07826
76.47200,0.12682
76.47600,0.06077
76.48000,0.07897
76.48400,0.07614
76.48800,0.11072
76.49200,0.09685
76.49600,0.07550
76.50000,0.07761
76.50400,0.09259
76.50800,0.04666
76.51200,0.02006
76.51600,0.03363
76.52000,-0.00038
76.52400,0.02105
76.52800,0.02610
76.53200,-0.00343
76.53600,0.01705
76.54000,0.02062
76.54400,0.02867
76.54800,-0.01615
76.55200,0.00050
76.55600,0.00512
76.56000,0.00305
76.56400,0.00663
76.56800,-0.00433
76.57200,0.00054
76.57600,0.00349
76.58000,-0.00426
76.58400,-0.00368
76.58800,-0.00889
76.59200,-0.01673
76.59600,-0.05241
76.60000,-0.01729
76.60400,-0.01490
76.60800,-0.02710
76.61200,-0.02529
76.61600,0.00740
76.62000,-0.02282
76.62400,-0.06390
76.62800,-0.03365
76.63200,-0.03238
76.63600,-0.01535
76.64000,-0.05084
76.64400,-0.06388
76.64800,-0.09997
76.65200,-0.09956
76.65600,-0.08701
76.66000,0.03818
76.66400,0.16534
76.66800,0.34705
76.67200,0.59098
76.67600,0.83041
76.68000,0.97857
76.68400,1.02182
76.68800,0.94723
76.69200,0.74290
76.69600,0.48927
76.70000,0.23563
76.70400,0.03090
76.70800,-0.16117
76.71200,-0.20042
76.71600,-0.22635
76.72000,-0.22744
76.72400,-0.18418
76.72800,-0.10865
76.73200,-0.10134
76.73600,-0.06681
76.74000,-0.01444
76.74400,-0.05166
76.74800,-0.02579
76.75200,-0.02905
76.75600,-0.02780
76.76000,-0.01836
76.76400,-0.00031
76.76800,-0.01368
76.77200,0.01543
76.77600,0.01545
76.78000,-0.01423
76.78400,0.01558
76.78800,0.01975
76.79200,0.00761
76.79600,0.00809
76.80000,0.07603
76.80400,0.07655
76.80800,0.10892
76.81200,0.13344
76.81600,0.13311
76.82000,0.14355
76.82400,0.17843
76.82800,0.16921
76.83200,0.18130
76.83600,0.22601
76.84000,0.23393
76.84400,0.22511
76.84800,0.23910
76.85200,0.23146
76.85600,0.30453
76.86000,0.26079
76.86400,0.25967
76.86800,0.25585
76.87200,0.25281
76.87600,0.25830
76.88000,0.24608
76.88400,0.24933
76.88800,0.16996
76.89200,0.20565
76.89600,0.21779
76.90000,0.16872
76.90400,0.13742
76.90800,0.17142
76.91200,0.10252
76.91600,0.10951
76.92000,0.08325
76.92400,0.06067
76.92800,0.02956
76.93200,0.03974
76.93600,0.02841
76.94000,0.05153
76.94400,-0.02420
76.94800,-0.03339
76.95200,0.00168
76.95600,-0.04468
76.96000,-0.07456
76.96400,-0.02961
76.96800,-0.00435
76.97200,-0.06573
76.97600,-0.06045
76.98000,-0.00244
76.98400,-0.05144
76.98800,-0.05295
76.99200,-0.03955
76.99600,-0.00411
77.00000,-0.04143
77.00400,-0.02191
77.00800,-0.04180
77.01200,-0.06020
77.01600,-0.03418
77.02000,-0.07578
77.02400,-0.01989
77.02800,-0.07228
77.03200,-0.03765
77.03600,-0.08358
77.04000,-0.04280
77.04400,-0.03238
77.04800,-0.05574
77.05200,-0.00174
77.05600,-0.04182
77.06000,-0.03264
77.06400,-0.07076
77.06800,-0.05220
77.07200,-0.03815
77.07600,-0.02727
77.08000,-0.03164
77.08400,-0.07123
77.08800,-0.07236
77.09200,-0.06599
77.09600,-0.02217
77.10000,-0.07928
77.10400,-0.06839
77.10800,-0.04174
77.11200,-0.04586
77.11600,-0.04602
77.12000,-0.06139
77.12400,-0.03818
77.12800,-0.04795
77.13200,-0.04937
77.13600,-0.04182
77.14000,-0.05063
77.14400,-0.05030
77.14800,-0.02359
77.15200,-0.03331
77.15600,-0.04527
77.16000,-0.04482
77.16400,-0.01969
77.16800,-0.07383
77.17200,-0.08662
77.17600,-0.04771
77.18000,-0.08279
77.18400,-0.06944
77.18800,-0.04403
77.19200,-0.04524
77.19600,-0.05596
77.20000,-0.06434
77.20400,-0.07895
77.20800,-0.06384
77.21200,-0.06636
77.21600,-0.05101
77.22000,-0.03142
77.22400,-0.05653
77.22800,-0.07341
77.23200,-0.04301
77.23600,-0.02650
77.24000,-0.04552
77.24400,-0.06046
77.24800,-0.05947
77.25200,-0.05824
77.25600,-0.07272
77.26000,-0.03366
77.26400,-0.05882
77.26800,-0.01372
77.27200,-0.02971
77.27600,-0.06280
77.28000,-0.00366
77.28400,-0.06292
77.28800,-0.06913
77.29200,-0.08947
77.29600,-0.05417
77.30000,-0.04622
77.30400,-0.06172
77.30800,-0.05674
77.31200,-0.04597
77.31600,-0.07070
77.32000,-0.05643
77.32400,-0.06053
77.32800,-0.02647
77.33200,-0.04211
77.33600,-0.05805
77.34000,-0.07659
77.34400,-0.05924
77.34800,-0.07237
77.35200,-0.06379
77.35600,-0.04957
77.36000,-0.04151
77.36400,-0.03663
77.36800,-0.06876
77.37200,-0.05353
77.37600,-0.05844
77.38000,-0.04066
77.38400,-0.01567
77.38800,-0.03744
77.39200,-0.04083
77.39600,-0.05299
77.40000,-0.04814
77.40400,-0.09758
77.40800,-0.05107
77.41200,-0.05951
77.41600,-0.05649
77.42000,-0.03912
77.42400,0.00912
77.42800,-0.04264
77.43200,-0.06746
77.43600,-0.04630
77.44000,-0.01651
77.44400,-0.01053
77.44800,-0.01292
77.45200,0.00393
77.45600,-0.01309
77.46000,0.04197
77.46400,-0.01955
77.46800,0.02115
77.47200,0.01884
77.47600,0.02813
77.48000,0.04248
77.48400,0.03935
77.48800,0.05172
77.49200,0.06535
77.49600,0.02901
77.50000,-0.00818
77.50400,0.00075
77.50800,-0.02451
77.51200,-0.03401
77.51600,-0.03536
77.52000,-0.01705
77.52400,-0.05768
77.52800,-0.04121
77.53200,-0.06681
77.53600,-0.03864
77.54000,-0.03471
77.54400,-0.08775
77.54800,-0.04646
77.55200,-0.07920
77.55600,-0.05631
77.56000,-0.06548
77.56400,-0.04686
77.56800,-0.08861
77.57200,-0.02621
77.57600,-0.05803
77.58000,-0.07750
77.58400,-0.04060
77.58800,-0.03767
77.59200,-0.05509
77.59600,-0.07515
77.60000,-0.08091
77.60400,-0.08319
77.60800,-0.03475
77.61200,-0.06469
77.61600,-0.06731
77.62000,-0.07556
77.62400,-0.04842
77.62800,-0.08550
77.63200,-0.07291
77.63600,-0.14046
77.64000,-0.13822
77.64400,-0.13053
77.64800,-0.15471
77.65200,-0.06517
77.65600,-0.06230
77.66000,0.12535
77.66400,0.32405
77.66800,0.55174
77.67200,0.75900
77.67600,0.91148
77.68000,1.02645
77.68400,0.88365
77.68800,0.67900
77.69200,0.38895
77.69600,0.22488
77.70000,-0.02488
77.70400,-0.13804
77.70800,-0.25193
77.71200,-0.25191
77.71600,-0.22833
77.72000,-0.22931
77.72400,-0.22230
77.72800,-0.11597
77.73200,-0.07114
77.73600,-0.11872
77.74000,-0.08719
77.74400,-0.07120
77.74800,-0.07000
77.75200,-0.04994
77.75600,-0.06082
77.76000,-0.04409
77.76400,-0.06796
77.76800,-0.07783
77.77200,-0.00548
77.77600,-0.03069
77.78000,-0.02015
77.78400,-0.04183
77.78800,-0.00024
77.79200,0.00086
77.79600,0.02430
77.80000,0.03077
77.80400,0.06466
77.80800,0.08678
77.81200,0.07000
77.81600,0.08738
77.82000,0.12747
77.82400,0.10290
77.82800,0.13459
77.83200,0.15854
77.83600,0.13950
77.84000,0.23246
77.84400,0.20237
77.84800,0.21336
77.85200,0.20122
77.85600,0.23960
77.86000,0.22165
77.86400,0.20618
77.86800,0.23153
77.87200,0.24687
77.87600,0.17788
77.88000,0.19474
77.88400,0.22464
77.88800,0.16154
77.89200,0.13432
77.89600,0.16153
77.90000,0.11718
77.90400,0.11228
77.90800,0.10956
77.91200,0.07187
77.91600,0.04976
77.92000,0.06514
77.92400,-0.01593
77.92800,-0.02061
77.93200,-0.01440
77.93600,-0.03188
77.94000,-0.03203
77.94400,-0.07261
77.94800,-0.07488
77.95200,-0.03424
77.95600,-0.05630
77.96000,-0.04799
77.96400,-0.06673
77.96800,-0.06176
77.97200,-0.09343
77.97600,-0.03057
77.98000,-0.04487
77.98400,-0.09251
77.98800,-0.07624
77.99200,-0.06085
77.99600,-0.07648
78.00000,-0.06933
78.00400,-0.06423
78.00800,-0.10427
78.01200,-0.05366
78.01600,-0.05953
78.02000,-0.08806
78.02400,-0.07227
78.02800,-0.07045
78.03200,-0.07372
78.03600,-0.06759
78.04000,-0.09799
78.04400,-0.06721
78.04800,-0.06037
78.05200,-0.06059
78.05600,-0.05968
78.06000,-0.07954
78.06400,-0.06553
78.06800,-0.04883
78.07200,-0.06656
78.07600,-0.06357
78.08000,-0.06672
78.08400,-0.05721
78.08800,-0.09260
78.09200,-0.06883
78.09600,-0.05121
78.10000,-0.08551
78.10400,-0.05655
78.10800,-0.07657
78.11200,-0.07551
78.11600,-0.08962
78.12000,-0.08473
78.12400,-0.04362
78.12800,-0.09516
78.13200,-0.06409
78.13600,-0.09320
78.14000,-0.02640
78.14400,-0.05303
78.14800,-0.08240
78.15200,-0.08851
78.15600,-0.07188
78.16000,-0.05973
78.16400,-0.03295
78.16800,-0.03791
78.17200,-0.08556
78.17600,-0.06129
78.18000,-0.04729
78.18400,-0.07944
78.18800,-0.07501
78.19200,-0.04755
78.19600,-0.09295
78.20000,-0.06451
78.20400,-0.06655
78.20800,-0.07060
78.21200,-0.06443
78.21600,-0.09630
78.22000,-0.04824
78.22400,-0.07334
78.22800,-0.02531
78.23200,-0.02591
78.23600,-0.07340
78.24000,-0.02655
78.24400,-0.03562
78.24800,-0.07943
78.25200,-0.06882
78.25600,-0.04018
78.26000,-0.07792
78.26400,-0.07000
78.26800,-0.11330
78.27200,-0.09034
78.27600,-0.08621
78.28000,-0.07652
78.28400,-0.07710
78.28800,-0.05743
78.29200,-0.05723
78.29600,-0.06928
78.30000,-0.08927
78.30400,-0.05717
78.30800,-0.04945
78.31200,-0.06256
78.31600,-0.03399
78.32000,-0.07006
78.32400,-0.04432
78.32800,-0.05571
78.33200,-0.03446
78.33600,-0.02911
78.34000,-0.08370
78.34400,-0.09538
78.34800,-0.03960
78.35200,-0.05383
78.35600,-0.05296
78.36000,-0.06822
78.36400,-0.07442
78.36800,-0.03598
78.37200,-0.04970
78.37600,-0.06930
78.38000,-0.05767
78.38400,-0.05258
78.38800,-0.08393
78.39200,-0.06951
78.39600,-0.04641
78.40000,-0.05269
78.40400,-0.08148
78.40800,-0.04592
78.41200,-0.00961
78.41600,-0.03375
78.42000,-0.06751
78.42400,-0.04451
78.42800,-0.04122
78.43200,-0.03606
78.43600,-0.02869
78.44000,-0.01391
78.44400,0.00540
78.44800,-0.00707
78.45200,0.04433
78.45600,0.04013
78.46000,0.07872
78.46400,0.06006
78.46800,0.06437
78.47200,0.05425
78.47600,0.03849
78.48000,0.01430
78.48400,0.04084
78.48800,0.02084
78.49200,-0.00343
78.49600,0.00805
78.50000,-0.00250
78.50400,-0.02985
78.50800,0.00398
78.51200,-0.04051
78.51600,-0.03391
78.52000,-0.01984
78.52400,-0.05407
78.52800,-0.05195
78.53200,-0.03856
78.53600,-0.05497
78.54000,-0.05940
78.54400,-0.07144
78.54800,-0.04538
78.55200,-0.05722
78.55600,-0.03344
78.56000,-0.03007
78.56400,-0.05001
78.56800,-0.03433
78.57200,-0.06321
78.57600,-0.01788
78.58000,-0.05976
78.58400,-0.05084
78.58800,-0.05565
78.59200,-0.05750
78.59600,-0.03211
78.60000,-0.04786
78.60400,-0.06599
78.60800,-0.03465
78.61200,-0.05209
78.61600,-0.04781
78.62000,-0.06543
78.62400,-0.09355
78.62800,-0.13854
78.63200,-0.12221
78.63600,-0.13278
78.64000,-0.05873
78.64400,-0.00537
78.64800,0.16809
78.65200,0.38190
78.65600,0.58800
78.66000,0.83074
78.66400,0.91911
78.66800,0.97210
78.67200,0.88224
78.67600,0.68868
78.68000,0.44297
78.68400,0.23176
78.68800,-0.01439
78.69200,-0.15361
78.69600,-0.21445
78.70000,-0.25496
78.70400,-0.19900
78.70800,-0.16786
78.71200,-0.13511
78.71600,-0.07804
78.72000,-0.07143
78.72400,-0.05789
78.72800,-0.02731
78.73200,-0.02005
78.73600,-0.06159
78.74000,-0.01015
78.74400,-0.00901
78.74800,-0.07022
78.75200,0.01813
78.75600,-0.01341
78.76000,0.01638
78.76400,-0.02764
78.76800,0.00773
78.77200,-0.00129
78.77600,0.00692
78.78000,0.03981
78.78400,0.01979
78.78800,0.06109
78.79200,0.09060
78.79600,0.07870
78.80000,0.09034
78.80400,0.14021
78.80800,0.16535
78.81200,0.18399
78.81600,0.17384
78.82000,0.19309
78.82400,0.24378
78.82800,0.24899
78.83200,0.25064
78.83600,0.25877
78.84000,0.25894
78.84400,0.27853
78.84800,0.28204
78.85200,0.26787
78.85600,0.26831
78.86000,0.22833
78.86400,0.24387
78.86800,0.26581
78.87200,0.22495
78.87600,0.17779
78.88000,0.17971
78.88400,0.17253
78.88800,0.18097
78.89200,0.17741
78.89600,0.11715
78.90000,0.09763
78.90400,0.08750
78.90800,0.04780
78.91200,0.08170
78.91600,0.01988
78.92000,0.04691
78.92400,0.01371
78.92800,-0.00523
78.93200,0.01358
78.93600,0.03337
78.94000,-0.02817
78.94400,-0.00382
78.94800,-0.02547
78.95200,0.00652
78.95600,-0.04568
78.96000,-0.04218
78.96400,-0.02695
78.96800,-0.04457
78.97200,-0.00142
78.97600,-0.04932
78.98000,-0.02019
78.98400,-0.03058
78.98800,-0.00195
78.99200,-0.03115
78.99600,-0.02510
79.00000,0.01175
79.00400,-0.00810
79.00800,0.00387
79.01200,0.00771
79.01600,-0.01017
79.02000,-0.01373
79.02400,-0.05132
79.02800,-0.05352
79.03200,-0.02649
79.03600,-0.01310
79.04000,0.00330
79.04400,-0.03350
79.04800,-0.02376
79.05200,0.02347
79.05600,-0.03830
79.06000,-0.02084
79.06400,-0.01842
79.06800,-0.03039
79.07200,0.01287
79.07600,-0.04757
79.08000,-0.02088
79.08400,-0.04867
79.08800,-0.02820
79.09200,0.01584
79.09600,-0.05262
79.10000,-0.04754
79.10400,-0.01340
79.10800,-0.00669
79.11200,-0.02708
79.11600,-0.00455
79.12000,-0.01624
79.12400,-0.02041
79.12800,-0.01014
79.13200,0.01212
79.13600,-0.03394
79.14000,0.00541
79.14400,-0.00544
79.14800,-0.01522
79.15200,-0.02428
79.15600,-0.00377
79.16000,0.00566
79.16400,-0.02851
79.16800,0.00499
79.17200,-0.00873
79.17600,0.00736
79.18000,-0.00350
79.18400,-0.01184
79.18800,-0.00411
79.19200,0.00489
79.19600,-0.03648
79.20000,-0.00676
79.20400,-0.05523
79.20800,-0.00246
79.21200,-0.01614
79.21600,-0.00543
79.22000,0.01358
79.22400,0.01249
79.22800,0.02271
79.23200,0.01314
79.23600,-0.00925
79.24000,-0.01951
79.24400,0.04666
79.24800,-0.01668
79.25200,-0.01104
79.25600,0.00499
79.26000,-0.01965
79.26400,0.00027
79.26800,0.00127
79.27200,-0.01235
79.27600,-0.02285
79.28000,-0.00101
79.28400,0.00666
79.28800,-0.01997
79.29200,0.00140
79.29600,0.00146
79.30000,-0.01835
79.30400,0.00799
79.30800,-0.02733
79.31200,0.01794
79.31600,-0.01377
79.32000,0.02067
79.32400,0.00284
79.32800,0.00275
79.33200,-0.02507
79.33600,0.01679
79.34000,-0.01959
79.34400,0.04587
79.34800,0.01198
79.35200,0.00856
79.35600,0.00593
79.36000,0.02058
79.36400,0.01809
79.36800,0.01991
79.37200,0.03269
79.37600,0.01758
79.38000,0.05768
79.38400,0.00393
79.38800,0.00777
79.39200,0.06087
79.39600,0.05839
79.40000,0.04025
79.40400,0.05466
79.40800,0.07441
79.41200,0.12066
79.41600,0.11463
79.42000,0.07282
79.42400,0.08184
79.42800,0.10882
79.43200,0.07951
79.43600,0.08482
79.44000,0.07895
79.44400,0.08197
79.44800,0.08335
79.45200,0.04833
79.45600,0.04370
79.46000,0.05016
79.46400,0.06910
79.46800,0.03927
79.47200,0.01947
79.47600,0.04037
79.48000,0.01660
79.48400,-0.01077
79.48800,0.02790
79.49200,0.04623
79.49600,-0.00789
79.50000,0.02791
79.50400,-0.01043
79.50800,0.01088
79.51200,0.01089
79.51600,0.00587
79.52000,0.01129
79.52400,0.02662
79.52800,0.00418
79.53200,0.00909
79.53600,0.00842
79.54000,0.01944
79.54400,0.00233
79.54800,0.03005
79.55200,0.02088
79.55600,0.00286
79.56000,-0.00996
79.56400,0.00756
79.56800,0.02958
79.57200,0.01606
79.57600,-0.00652
79.58000,0.01770
79.58400,-0.01000
79.58800,-0.04383
79.59200,-0.02557
79.59600,-0.02486
79.60000,0.05479
79.60400,0.20634
79.60800,0.36271
79.61200,0.62827
79.61600,0.83632
79.62000,1.02589
79.62400,1.05550
79.62800,0.99519
79.63200,0.76919
79.63600,0.55896
79.64000,0.27935
79.64400,0.07327
79.64800,-0.07698
79.65200,-0.18891
79.65600,-0.16704
79.66000,-0.17619
79.66400,-0.11709
79.66800,-0.08831
79.67200,-0.06799
79.67600,-0.02640
79.68000,0.00587
79.68400,0.00691
79.68800,0.05360
79.69200,0.04963
79.69600,0.03134
79.70000,0.02522
79.70400,0.06390
79.70800,0.04053
79.71200,0.06712
79.71600,0.02302
79.72000,0.01860
79.72400,0.07952
79.72800,0.09115
79.73200,0.08026
79.73600,0.09207
79.74000,0.11704
79.74400,0.13242
79.74800,0.13597
79.75200,0.15456
79.75600,0.17591
79.76000,0.21020
79.76400,0.22169
79.76800,0.17635
79.77200,0.25084
79.77600,0.25536
79.78000,0.29826
79.78400,0.30535
79.78800,0.29317
79.79200,0.31223
79.79600,0.27486
79.80000,0.32352
79.80400,0.30568
79.80800,0.32862
79.81200,0.30753
79.81600,0.33870
79.82000,0.33061
79.82400,0.28633
79.82800,0.26140
79.83200,0.28856
79.83600,0.21982
79.84000,0.22249
79.84400,0.20346
79.84800,0.19799
79.85200,0.17645
79.85600,0.14105
79.86000,0.15965
79.86400,0.13474
79.86800,0.11990
79.87200,0.13153
79.87600,0.12703
79.88000,0.08498
79.88400,0.06315
79.88800,0.05883
79.89200,0.05531
79.89600,0.03196
79.90000,0.03416
79.90400,0.03494
79.90800,0.05215
79.91200,0.05404
79.91600,-0.01105
79.92000,0.00577
79.92400,0.02326
79.92800,0.01425
79.93200,0.03367
79.93600,0.00024
79.94000,0.02901
79.94400,0.03757
79.94800,0.04126
79.95200,0.02535
79.95600,0.04186
79.96000,0.04829
79.96400,0.02672
79.96800,0.01375
79.97200,0.02369
79.97600,0.03986
79.98000,0.03963
79.98400,0.00191
79.98800,0.00463
79.99200,0.00368
79.99600,0.07045
80.00000,0.04317
80.00400,0.03843
80.00800,0.01242
80.01200,-0.00688
80.01600,0.07455
80.02000,0.04764
80.02400,-0.01179
80.02800,0.06763
80.03200,0.04346
80.03600,0.03498
80.04000,0.04120
80.04400,0.05402
80.04800,-0.00189
80.05200,0.04199
80.05600,0.01204
80.06000,0.02849
80.06400,0.03290
80.06800,0.02840
80.07200,0.02283
80.07600,0.04051
80.08000,0.02964
80.08400,0.04261
80.08800,0.05208
80.09200,0.02053
80.09600,0.03412
80.10000,0.02074
80.10400,0.05378
80.10800,0.05247
80.11200,0.05803
80.11600,0.05929
80.12000,0.04083
80.12400,0.01860
80.12800,0.02410
80.13200,0.06271
80.13600,0.04138
80.14000,0.05475
80.14400,0.02800
80.14800,0.03455
80.15200,0.07635
80.15600,0.05876
80.16000,0.00900
80.16400,0.02571
80.16800,0.04246
80.17200,0.06054
80.17600,0.05858
80.18000,0.05682
80.18400,0.06374
80.18800,0.05389
80.19200,0.05671
80.19600,0.02285
80.20000,0.01719
80.20400,0.03028
80.20800,0.06511
80.21200,0.06749
80.21600,0.02008
80.22000,0.03524
80.22400,0.04254
80.22800,0.05245
80.23200,0.04764
80.23600,0.07063
80.24000,0.04645
80.24400,0.03702
80.24800,0.03681
80.25200,0.06310
80.25600,0.03688
80.26000,0.05214
80.26400,0.03394
80.26800,0.01861
80.27200,0.00087
80.27600,0.03617
80.28000,0.02684
80.28400,0.05825
80.28800,0.03517
80.29200,0.02383
80.29600,0.05658
80.30000,0.03405
80.30400,0.08285
80.30800,0.03362
80.31200,0.04430
80.31600,0.02739
80.32000,0.07243
80.32400,0.04865
80.32800,0.03873
80.33200,0.04119
80.33600,0.00329
80.34000,0.06818
80.34400,0.04362
80.34800,0.06655
80.35200,0.02765
80.35600,0.07251
80.36000,0.03170
80.36400,0.04526
80.36800,0.08426
80.37200,0.03628
80.37600,0.04820
80.38000,0.04634
80.38400,0.05444
80.38800,0.05852
80.39200,0.05714
80.39600,0.07407
80.40000,0.06380
80.40400,0.10612
80.40800,0.10174
80.41200,0.07518
80.41600,0.09752
80.42000,0.11069
80.42400,0.14453
80.42800,0.09531
80.43200,0.16121
80.43600,0.10455
80.44000,0.13297
80.44400,0.12658
80.44800,0.13345
80.45200,0.14973
80.45600,0.14452
80.46000,0.11555
80.46400,0.10443
80.46800,0.07925
80.47200,0.11209
80.47600,0.07109
80.48000,0.12551
80.48400,0.03556
80.48800,0.04867
80.49200,0.07068
80.49600,0.08907
80.50000,0.04504
80.50400,0.05809
80.50800,0.03594
80.51200,0.05172
80.51600,0.00478
80.52000,0.05909
80.52400,0.03567
80.52800,0.05461
80.53200,0.04352
80.53600,0.02765
80.54000,0.01533
80.54400,0.02737
80.54800,0.04530
80.55200,0.06038
80.55600,0.06852
80.56000,0.06519
80.56400,0.08722
80.56800,0.06569
80.57200,0.08181
80.57600,0.06103
80.58000,0.05035
80.58400,0.00772
80.58800,0.05348
80.59200,0.02101
80.59600,0.00033
80.60000,-0.03535
80.60400,0.00096
80.60800,-0.02278
80.61200,0.00134
80.61600,0.07597
80.62000,0.22945
80.62400,0.43648
80.62800,0.66868
80.63200,0.87677
80.63600,1.03206
80.64000,1.07420
80.64400,0.98422
80.64800,0.82798
80.65200,0.55489
80.65600,0.29303
80.66000,0.12459
80.66400,-0.07556
80.66800,-0.14553
80.67200,-0.15531
80.67600,-0.14376
80.68000,-0.10439
80.68400,-0.04162
80.68800,-0.00344
80.69200,-0.02053
80.69600,0.06235
80.70000,0.01531
80.70400,0.02683
80.70800,0.06474
80.71200,0.03545
80.71600,0.03382
80.72000,0.07716
80.72400,0.07472
80.72800,0.07682
80.73200,0.10257
80.73600,0.10128
80.74000,0.07943
80.74400,0.08859
80.74800,0.11574
80.75200,0.11100
80.75600,0.13675
80.76000,0.16269
80.76400,0.16600
80.76800,0.15026
80.77200,0.22702
80.77600,0.21111
80.78000,0.23721
80.78400,0.21719
80.78800,0.26547
80.79200,0.25875
80.79600,0.33052
80.80000,0.30429
80.80400,0.29794
80.80800,0.33317
80.81200,0.32418
80.81600,0.34852
80.82000,0.32992
80.82400,0.31432
80.82800,0.33890
80.83200,0.32993
80.83600,0.30971
80.84000,0.32681
80.84400,0.31608
80.84800,0.28199
80.85200,0.26495
80.85600,0.25609
80.86000,0.24907
80.86400,0.21638
80.86800,0.17261
80.87200,0.19027
80.87600,0.20876
80.88000,0.15885
80.88400,0.13882
80.88800,0.10919
80.89200,0.07796
80.89600,0.10844
80.90000,0.10117
80.90400,0.09102
80.90800,0.07887
80.91200,0.09528
80.91600,0.06384
80.92000,0.02650
80.92400,0.05662
80.92800,0.06061
80.93200,0.07069
80.93600,0.06486
80.94000,0.06647
80.94400,0.06085
80.94800,0.05705
80.95200,0.02854
80.95600,0.04397
80.96000,0.06974
80.96400,0.08244
80.96800,-0.00103
80.97200,0.04676
80.97600,0.04152
80.98000,0.06661
80.98400,0.01215
80.98800,0.03838
80.99200,0.05339
80.99600,0.03354
81.00000,0.01663
81.00400,0.08659
81.00800,0.04505
81.01200,0.05089
81.01600,0.06169
81.02000,0.08742
81.02400,0.03636
81.02800,0.04666
81.03200,0.04348
81.03600,0.06860
81.04000,0.06795
81.04400,0.08121
81.04800,0.04160
81.05200,0.02570
81.05600,0.03792
81.06000,0.01191
81.06400,0.05677
81.06800,0.00895
81.07200,0.05827
81.07600,0.02894
81.08000,0.05833
81.08400,0.07931
81.08800,0.04789
81.09200,0.04719
81.09600,0.05096
81.10000,0.03740
81.10400,0.05687
81.10800,0.04490
81.11200,0.05328
81.11600,0.03375
81.12000,0.06049
81.12400,0.05662
81.12800,0.03376
81.13200,0.04859
81.13600,0.02357
81.14000,0.02183
81.14400,0.02902
81.14800,0.05804
81.15200,0.04279
81.15600,0.04911
81.16000,0.05566
81.16400,0.04442
81.16800,0.04691
81.17200,0.03880
81.17600,0.09200
81.18000,0.03377
81.18400,0.06213
81.18800,0.04519
81.19200,0.08517
81.19600,0.02733
81.20000,0.04869
81.20400,0.05789
81.20800,0.04120
81.21200,0.09252
81.21600,0.05552
81.22000,0.05824
81.22400,0.01844
81.22800,0.05850
81.23200,0.02747
81.23600,0.06129
81.24000,0.05769
81.24400,0.04772
81.24800,0.03983
81.25200,0.03401
81.25600,0.03836
81.26000,0.08098
81.26400,0.03522
81.26800,0.04414
81.27200,0.05852
81.27600,0.02315
81.28000,0.04260
81.28400,0.07286
81.28800,0.05543
81.29200,0.06137
81.29600,0.06441
81.30000,0.04960
81.30400,0.00536
81.30800,0.06535
81.31200,0.06153
81.31600,0.00300
81.32000,0.04661
81.32400,0.07844
81.32800,0.02843
81.33200,0.06906
81.33600,0.07850
81.34000,0.04797
81.34400,0.04544
81.34800,0.03016
81.35200,0.06297
81.35600,0.05506
81.36000,0.06135
81.36400,0.04904
81.36800,0.05152
81.37200,0.03831
81.37600,0.07130
81.38000,0.04746
81.38400,0.07470
81.38800,0.06827
81.39200,0.03689
81.39600,0.02853
81.40000,0.07153
81.40400,0.05971
81.40800,0.04627
81.41200,0.07477
81.41600,0.01752
81.42000,0.06978
81.42400,0.05538
81.42800,0.08068
81.43200,0.06081
81.43600,0.06857
81.44000,0.09918
81.44400,0.10169
81.44800,0.07649
81.45200,0.12375
81.45600,0.13669
81.46000,0.09890
81.46400,0.12147
81.46800,0.12248
81.47200,0.13052
81.47600,0.13635
81.48000,0.18563
81.48400,0.12513
81.48800,0.12148
81.49200,0.12649
81.49600,0.14846
81.50000,0.10508
81.50400,0.12211
81.50800,0.11463
81.51200,0.07803
81.51600,0.08570
81.52000,0.09075
81.52400,0.07038
81.52800,0.09291
81.53200,0.06586
81.53600,0.08641
81.54000,0.03383
81.54400,0.05735
81.54800,0.00379
81.55200,0.02409
81.55600,0.03939
81.56000,0.04292
81.56400,0.04558
81.56800,0.06032
81.57200,0.02098
81.57600,0.01748
81.58000,0.06479
81.58400,0.05602
81.58800,0.06852
81.59200,0.06616
81.59600,0.05593
81.60000,0.04013
81.60400,0.05940
81.60800,0.03179
81.61200,0.02251
81.61600,0.04110
81.62000,0.08791
81.62400,0.01908
81.62800,0.05283
81.63200,0.00782
81.63600,0.02691
81.64000,-0.03056
81.64400,-0.04383
81.64800,0.00038
81.65200,0.08931
81.65600,0.24472
81.66000,0.41558
81.66400,0.66326
81.66800,0.92334
81.67200,1.03072
81.67600,1.08780
81.68000,1.04528
81.68400,0.79233
81.68800,0.55962
81.69200,0.29887
81.69600,0.09763
81.70000,-0.07209
81.70400,-0.14035
81.70800,-0.14193
81.71200,-0.13837
81.71600,-0.14013
81.72000,-0.03724
81.72400,-0.01458
81.72800,0.04428
81.73200,0.01028
81.73600,0.04690
81.74000,0.02905
81.74400,0.06751
81.74800,0.04388
81.75200,0.08344
81.75600,0.06347
81.76000,0.02385
81.76400,0.04688
81.76800,0.08815
81.77200,0.09608
81.77600,0.10856
81.78000,0.10738
81.78400,0.09905
81.78800,0.12121
81.79200,0.13283
81.79600,0.14547
81.80000,0.18027
81.80400,0.15806
81.80800,0.18835
81.81200,0.23763
81.81600,0.22754
81.82000,0.25858
81.82400,0.25562
81.82800,0.28335
81.83200,0.32332
81.83600,0.34389
81.84000,0.32553
81.84400,0.32131
81.84800,0.37047
81.85200,0.30783
81.85600,0.34399
81.86000,0.35978
81.86400,0.38674
81.86800,0.35449
81.87200,0.32171
81.87600,0.31015
81.88000,0.29676
81.88400,0.26246
81.88800,0.25707
81.89200,0.25284
81.89600,0.19642
81.90000,0.19405
81.90400,0.13591
81.90800,0.19365
81.91200,0.16144
81.91600,0.11042
81.92000,0.10137
81.92400,0.10253
81.92800,0.13719
81.93200,0.10459
81.93600,0.06542
81.94000,0.06851
81.94400,0.04125
81.94800,0.04760
81.95200,0.02961
81.95600,0.09424
81.96000,0.06938
81.96400,0.07872
81.96800,0.06018
81.97200,0.03445
81.97600,0.06763
81.98000,0.05673
81.98400,0.03325
81.98800,0.01300
81.99200,0.04524
81.99600,0.02073
82.00000,0.03971
82.00400,0.00380
82.00800,0.00959
82.01200,0.06333
82.01600,0.05504
82.02000,0.04670
82.02400,0.03920
82.02800,0.04752
82.03200,0.02566
82.03600,0.05890
82.04000,0.07438
82.04400,0.03113
82.04800,0.01390
82.05200,0.04331
82.05600,0.01033
82.06000,0.08240
82.06400,0.04127
82.06800,0.05100
82.07200,0.04656
82.07600,0.03229
82.08000,0.02847
82.08400,0.02068
82.08800,0.08090
82.09200,0.04353
82.09600,0.06320
82.10000,0.07180
82.10400,0.03653
82.10800,0.03133
82.11200,0.03426
82.11600,0.04873
82.12000,0.02258
82.12400,0.06026
82.12800,0.03664
82.13200,0.02555
82.13600,0.05478
82.14000,0.06927
82.14400,0.02379
82.14800,0.03667
82.15200,0.03744
82.15600,0.05074
82.16000,0.05572
82.16400,0.03748
82.16800,0.02234
82.17200,0.02761
82.17600,0.05694
82.18000,0.07647
82.18400,0.04329
82.18800,0.02268
82.19200,0.08834
82.19600,0.06198
82.20000,0.02506
82.20400,0.01325
82.20800,0.02113
82.21200,0.09787
82.21600,0.06290
82.22000,0.01812
82.22400,0.02338
82.22800,0.03038
82.23200,0.01304
82.23600,0.04932
82.24000,0.01658
82.24400,0.03244
82.24800,0.04882
82.25200,0.03194
82.25600,0.05632
82.26000,0.02615
82.26400,0.05968
82.26800,0.02302
82.27200,0.02515
82.27600,0.00665
82.28000,0.04279
82.28400,0.04956
82.28800,0.03617
82.29200,0.06434
82.29600,0.04816
82.30000,0.04217
82.30400,0.00325
82.30800,0.03128
82.31200,0.04200
82.31600,0.01051
82.32000,0.06325
82.32400,0.04077
82.32800,0.06358
82.33200,0.00893
82.33600,0.06905
82.34000,0.06122
82.34400,0.03645
82.34800,0.02623
82.35200,0.06499
82.35600,0.01314
82.36000,0.02884
82.36400,0.05523
82.36800,0.03110
82.37200,0.01582
82.37600,0.00988
82.38000,0.02192
82.38400,0.05670
82.38800,0.08680
82.39200,0.01256
82.39600,0.00662
82.40000,0.04360
82.40400,0.02744
82.40800,0.02301
82.41200,0.02801
82.41600,0.05768
82.42000,0.04723
82.42400,0.01785
82.42800,0.04374
82.43200,0.01148
82.43600,0.06014
82.44000,0.00113
82.44400,0.03596
82.44800,0.06805
82.45200,0.09097
82.45600,0.07417
82.46000,0.03236
82.46400,0.07783
82.46800,0.10962
82.47200,0.11306
82.47600,0.11665
82.48000,0.10549
82.48400,0.08299
82.48800,0.11645
82.49200,0.12969
82.49600,0.11231
82.50000,0.10384
82.50400,0.12295
82.50800,0.10047
82.51200,0.10198
82.51600,0.11005
82.52000,0.06481
82.52400,0.08906
82.52800,0.03831
82.53200,0.07007
82.53600,0.05377
82.54000,0.04998
82.54400,0.04991
82.54800,0.03615
82.55200,-0.00475
82.55600,0.06110
82.56000,0.03004
82.56400,0.02858
82.56800,0.02493
82.57200,0.03089
82.57600,0.01827
82.58000,-0.00506
82.58400,-0.00107
82.58800,0.05746
82.59200,0.03364
82.59600,-0.00073
82.60000,0.05269
82.60400,0.02635
82.60800,-0.00121
82.61200,0.00439
82.61600,0.00717
82.62000,0.04269
82.62400,0.03418
82.62800,0.01311
82.63200,0.01195
82.63600,-0.00158
82.64000,0.00857
82.64400,-0.02595
82.64800,-0.00303
82.65200,-0.04088
82.65600,-0.03445
82.66000,-0.02058
82.66400,-0.01367
82.66800,0.07858
82.67200,0.14099
82.67600,0.37824
82.68000,0.63096
82.68400,0.82549
82.68800,1.01778
82.69200,1.03435
82.69600,0.95727
82.70000,0.73052
82.70400,0.53867
82.70800,0.26078
82.71200,0.08307
82.71600,-0.08068
82.72000,-0.17109
82.72400,-0.17411
82.72800,-0.17962
82.73200,-0.15414
82.73600,-0.09628
82.74000,-0.06293
82.74400,-0.00779
82.74800,-0.02368
82.75200,-0.01818
82.75600,0.03760
82.76000,0.03250
82.76400,0.01038
82.76800,0.02321
82.77200,-0.00936
82.77600,0.05995
82.78000,0.02024
82.78400,-0.00611
82.78800,0.03986
82.79200,0.05995
82.79600,0.07156
82.80000,0.07297
82.80400,0.08403
82.80800,0.08840
82.81200,0.10359
82.81600,0.11571
82.82000,0.18668
82.82400,0.15467
82.82800,0.17352
82.83200,0.14793
82.83600,0.20558
82.84000,0.23514
82.84400,0.25488
82.84800,0.22548
82.85200,0.26855
82.85600,0.31335
82.86000,0.28753
82.86400,0.29473
82.86800,0.31473
82.87200,0.30219
82.87600,0.29127
82.88000,0.28476
82.88400,0.25479
82.88800,0.28344
82.89200,0.27878
82.89600,0.26487
82.90000,0.22140
82.90400,0.22791
82.90800,0.18019
82.91200,0.15090
82.91600,0.17754
82.92000,0.12156
82.92400,0.10083
82.92800,0.10633
82.93200,0.09036
82.93600,0.11357
82.94000,0.09080
82.94400,0.09973
82.94800,0.05160
82.95200,0.00660
82.95600,0.00503
82.96000,0.02994
82.96400,-0.00908
82.96800,0.02276
82.97200,0.03128
82.97600,0.01871
82.98000,-0.03020
82.98400,0.02428
82.98800,0.03521
82.99200,0.01940
82.99600,0.04568
83.00000,-0.01917
83.00400,-0.00674
83.00800,0.01229
83.01200,0.01510
83.01600,0.02397
83.02000,-0.00929
83.02400,-0.02015
83.02800,-0.01106
83.03200,-0.02139
83.03600,-0.00572
83.04000,-0.01451
83.04400,0.00748
83.04800,-0.02228
83.05200,0.00991
83.05600,-0.02440
83.06000,0.01551
83.06400,0.01462
83.06800,-0.01050
83.07200,-0.01446
83.07600,-0.00348
83.08000,-0.00183
83.08400,-0.03192
83.08800,0.00272
83.09200,-0.04941
83.09600,-0.03518
83.10000,-0.03664
83.10400,-0.00851
83.10800,-0.02987
83.11200,-0.05995
83.11600,0.00856
83.12000,-0.02513
83.12400,-0.02068
83.12800,-0.00759
83.13200,-0.00739
83.13600,-0.00315
83.14000,-0.04137
83.14400,-0.00913
83.14800,0.00390
83.15200,-0.00101
83.15600,0.01355
83.16000,-0.04542
83.16400,0.00761
83.16800,-0.04580
83.17200,-0.04033
83.17600,-0.01369
83.18000,0.02951
83.18400,0.00564
83.18800,-0.02135
83.19200,-0.01707
83.19600,0.00305
83.20000,-0.04386
83.20400,-0.02695
83.20800,-0.03176
83.21200,0.00401
83.21600,-0.00941
83.22000,-0.01453
83.22400,0.00317
83.22800,-0.02658
83.23200,-0.03989
83.23600,-0.00355
83.24000,-0.05875
83.24400,-0.01699
83.24800,-0.02324
83.25200,-0.05587
83.25600,-0.01960
83.26000,-0.04137
83.26400,0.00319
83.26800,-0.00873
83.27200,-0.00664
83.27600,-0.00490
83.28000,-0.02522
83.28400,-0.00291
83.28800,-0.01351
83.29200,-0.01453
83.29600,-0.00494
83.30000,0.01367
83.30400,-0.06038
83.30800,-0.03649
83.31200,-0.05657
83.31600,-0.05308
83.32000,-0.01419
83.32400,-0.04800
83.32800,-0.03269
83.33200,-0.04029
83.33600,-0.00966
83.34000,0.00331
83.34400,-0.02729
83.34800,-0.04389
83.35200,-0.04148
83.35600,-0.03415
83.36000,-0.06279
83.36400,-0.05515
83.36800,-0.02650
83.37200,-0.02504
83.37600,-0.02592
83.38000,-0.02148
83.38400,-0.04143
83.38800,-0.02682
83.39200,-0.04154
83.39600,-0.01258
83.40000,-0.05219
83.40400,0.00461
83.40800,0.00610
83.41200,0.00138
83.41600,0.02181
83.42000,0.04899
83.42400,0.03875
83.42800,0.08515
83.43200,0.07745
83.43600,0.06144
83.44000,0.05857
83.44400,0.03969
83.44800,0.04062
83.45200,0.06211
83.45600,0.05428
83.46000,0.05118
83.46400,0.06810
83.46800,0.03351
83.47200,0.02296
83.47600,0.00093
83.48000,-0.02505
83.48400,-0.02046
83.48800,-0.02001
83.49200,-0.00931
83.49600,-0.01471
83.50000,-0.05244
83.50400,-0.03692
83.50800,-0.02148
83.51200,-0.06673
83.51600,-0.04439
83.52000,-0.06924
83.52400,-0.05488
83.52800,-0.01862
83.53200,-0.03440
83.53600,0.00081
83.54000,-0.06328
83.54400,-0.02472
83.54800,-0.04631
83.55200,-0.07510
83.55600,-0.03958
83.56000,-0.03934
83.56400,-0.04947
83.56800,-0.02039
83.57200,-0.05091
83.57600,-0.03054
83.58000,-0.04595
83.58400,-0.05838
83.58800,-0.04364
83.59200,-0.03711
83.59600,-0.04013
83.60000,-0.06133
83.60400,-0.13719
83.60800,-0.14407
83.61200,-0.12180
83.61600,-0.06060
83.62000,-0.04148
83.62400,0.13936
83.62800,0.30904
83.63200,0.57713
83.63600,0.79997
83.64000,0.92665
83.64400,1.00428
83.64800,0.91124
83.65200,0.70621
83.65600,0.48969
83.66000,0.24996
83.66400,-0.00845
83.66800,-0.14984
83.67200,-0.22759
83.67600,-0.23908
83.68000,-0.24650
83.68400,-0.20571
83.68800,-0.13585
83.69200,-0.12421
83.69600,-0.06678
83.70000,-0.06766
83.70400,-0.02684
83.70800,-0.02345
83.71200,-0.07172
83.71600,-0.03153
83.72000,-0.04767
83.72400,-0.05171
83.72800,-0.01904
83.73200,-0.01048
83.73600,-0.01639
83.74000,0.00173
83.74400,0.01908
83.74800,0.00271
83.75200,0.01743
83.75600,0.02629
83.76000,0.05871
83.76400,0.02530
83.76800,0.05623
83.77200,0.04967
83.77600,0.07961
83.78000,0.11560
83.78400,0.11920
83.78800,0.12929
83.79200,0.15711
83.79600,0.20140
83.80000,0.23540
83.80400,0.21092
83.80800,0.20567
83.81200,0.23402
83.81600,0.22469
83.82000,0.24805
83.82400,0.25618
83.82800,0.27990
83.83200,0.22141
83.83600,0.22641
83.84000,0.20231
83.84400,0.22828
83.84800,0.17328
83.85200,0.20245
83.85600,0.19493
83.86000,0.10717
83.86400,0.14458
83.86800,0.15077
83.87200,0.08881
83.87600,0.06843
83.88000,0.09318
83.88400,0.03349
83.88800,0.02157
83.89200,-0.00743
83.89600,0.01210
83.90000,0.01567
83.90400,-0.03535
83.90800,-0.01075
83.91200,-0.02404
83.91600,-0.00796
83.92000,-0.04615
83.92400,-0.06318
83.92800,-0.04657
83.93200,-0.04420
83.93600,-0.06100
83.94000,-0.07588
83.94400,-0.04578
83.94800,-0.09126
83.95200,-0.08326
83.95600,-0.06313
83.96000,-0.08838
83.96400,-0.05158
83.96800,-0.09425
83.97200,-0.06612
83.97600,-0.05426
83.98000,-0.03553
83.98400,-0.07965
83.98800,-0.05740
83.99200,-0.03944
83.99600,-0.07948
84.00000,-0.05610
84.00400,-0.04080
84.00800,-0.04163
84.01200,-0.06499
84.01600,-0.05682
84.02000,-0.07824
84.02400,-0.05330
84.02800,-0.05556
84.03200,-0.07472
84.03600,-0.01627
84.04000,-0.05168
84.04400,-0.08122
84.04800,-0.06402
84.05200,-0.05486
84.05600,-0.08570
84.06000,-0.08306
84.06400,-0.05025
84.06800,-0.06651
84.07200,-0.06652
84.07600,-0.04436
84.08000,-0.07071
84.08400,-0.09530
84.08800,-0.08782
84.09200,-0.06863
84.09600,-0.06958
84.10000,-0.07347
84.10400,-0.08344
84.10800,-0.10111
84.11200,-0.07101
84.11600,-0.05758
84.12000,-0.06069
84.12400,-0.05363
84.12800,-0.00759
84.13200,-0.08981
84.13600,-0.07865
84.14000,-0.06319
84.14400,-0.11460
84.14800,-0.05252
84.15200,-0.06863
84.15600,-0.00282
84.16000,-0.06867
84.16400,-0.06889
84.16800,-0.06680
84.17200,-0.07146
84.17600,-0.08043
84.18000,-0.04499
84.18400,-0.06046
84.18800,-0.06058
84.19200,-0.07252
84.19600,-0.10530
84.20000,-0.07663
84.20400,-0.11256
84.20800,-0.07992
84.21200,-0.06020
84.21600,-0.07269
84.22000,-0.06581
84.22400,-0.03594
84.22800,-0.05633
84.23200,-0.04763
84.23600,-0.07406
84.24000,-0.07416
84.24400,-0.09556
84.24800,-0.03801
84.25200,-0.04452
84.25600,-0.06860
84.26000,-0.05742
84.26400,-0.06122
84.26800,-0.03787
84.27200,-0.05379
84.27600,-0.06410
84.28000,-0.08067
84.28400,-0.10558
84.28800,-0.09879
84.29200,-0.05145
84.29600,-0.01618
84.30000,-0.04671
84.30400,-0.02860
84.30800,-0.00191
84.31200,0.02738
84.31600,-0.04249
84.32000,0.01075
84.32400,0.01136
84.32800,0.04351
84.33200,0.02297
84.33600,-0.00266
84.34000,-0.01663
84.34400,-0.00628
84.34800,0.01292
84.35200,-0.00763
84.35600,-0.02287
84.36000,0.03500
84.36400,-0.04475
84.36800,-0.02988
84.37200,-0.00794
84.37600,-0.03997
84.38000,-0.08737
84.38400,-0.05164
84.38800,-0.05676
84.39200,-0.03266
84.39600,-0.07858
84.40000,-0.09453
84.40400,-0.07314
84.40800,-0.08829
84.41200,-0.06251
84.41600,-0.05393
84.42000,-0.06859
84.42400,-0.06822
84.42800,-0.09205
84.43200,-0.09500
84.43600,-0.06121
84.44000,-0.03913
84.44400,-0.05089
84.44800,-0.01866
84.45200,-0.08727
84.45600,-0.10976
84.46000,-0.06808
84.46400,-0.06182
84.46800,-0.08442
84.47200,-0.10571
84.47600,-0.04197
84.48000,-0.11063
84.48400,-0.06883
84.48800,-0.07299
84.49200,-0.07865
84.49600,-0.12429
84.50000,-0.11841
84.50400,-0.14105
84.50800,-0.08839
84.51200,0.00435
84.51600,0.11745
84.52000,0.27978
84.52400,0.55231
84.52800,0.70125
84.53200,0.94299
84.53600,0.94731
84.54000,0.86849
84.54400,0.71270
84.54800,0.46264
84.55200,0.20111
84.55600,-0.03406
84.56000,-0.15588
84.56400,-0.24632
84.56800,-0.27754
84.57200,-0.26895
84.57600,-0.20587
84.58000,-0.18852
84.58400,-0.10919
84.58800,-0.14273
84.59200,-0.10638
84.59600,-0.06970
84.60000,-0.09983
84.60400,-0.02308
84.60800,-0.08544
84.61200,-0.06670
84.61600,-0.05928
84.62000,-0.04353
84.62400,-0.01462
84.62800,-0.04575
84.63200,-0.04076
84.63600,0.00335
84.64000,-0.01429
84.64400,0.01195
84.64800,0.00863
84.65200,0.00991
84.65600,0.02210
84.66000,0.02964
84.66400,0.05030
84.66800,0.08697
84.67200,0.10043
84.67600,0.13568
84.68000,0.14008
84.68400,0.16408
84.68800,0.15539
84.69200,0.15560
84.69600,0.22339
84.70000,0.25172
84.70400,0.21950
84.70800,0.25039
84.71200,0.21958
84.71600,0.22047
84.72000,0.24539
84.72400,0.25070
84.72800,0.23771
84.73200,0.23893
84.73600,0.20612
84.74000,0.18738
84.74400,0.17656
84.74800,0.13986
84.75200,0.13302
84.75600,0.08842
84.76000,0.08074
84.76400,0.10245
84.76800,0.05861
84.77200,0.00713
84.77600,0.01550
84.78000,0.04045
84.78400,0.01065
84.78800,-0.00093
84.79200,0.00272
84.79600,0.00585
84.80000,-0.03116
84.80400,-0.02637
84.80800,0.00354
84.81200,-0.02854
84.81600,-0.05519
84.82000,-0.06407
84.82400,-0.05858
84.82800,-0.02754
84.83200,-0.09361
84.83600,-0.04052
84.84000,-0.06261
84.84400,-0.04163
84.84800,-0.05111
84.85200,-0.08728
84.85600,-0.06505
84.86000,-0.09579
84.86400,-0.05824
84.86800,-0.07082
84.87200,-0.03682
84.87600,-0.09219
84.88000,-0.04915
84.88400,-0.07458
84.88800,-0.06458
84.89200,-0.08896
84.89600,-0.01728
84.90000,-0.05876
84.90400,-0.05229
84.90800,-0.00711
84.91200,-0.08828
84.91600,-0.05537
84.92000,-0.07188
84.92400,-0.05864
84.92800,-0.06120
84.93200,-0.04232
84.93600,-0.03754
84.94000,-0.05095
84.94400,-0.02848
84.94800,-0.05861
84.95200,-0.07753
84.95600,-0.08630
84.96000,-0.03446
84.96400,-0.05842
84.96800,-0.04145
84.97200,-0.03629
84.97600,-0.06892
84.98000,-0.02412
84.98400,-0.03550
84.98800,-0.01666
84.99200,-0.03567
84.99600,-0.07311
85.00000,-0.03796
85.00400,-0.04677
85.00800,-0.07799
85.01200,-0.03119
85.01600,-0.05392
85.02000,-0.04028
85.02400,-0.01548
85.02800,-0.02160
85.03200,-0.05635
85.03600,-0.03293
85.04000,-0.02700
85.04400,-0.04424
85.04800,-0.02550
85.05200,-0.03526
85.05600,-0.05579
85.06000,-0.01808
85.06400,-0.05132
85.06800,-0.05600
85.07200,-0.05370
85.07600,-0.08236
85.08000,-0.02439
85.08400,-0.07012
85.08800,-0.08195
85.09200,-0.03834
85.09600,-0.08885
85.10000,-0.05054
85.10400,-0.02959
85.10800,-0.03731
85.11200,-0.03657
85.11600,-0.04981
85.12000,-0.06283
85.12400,-0.03767
85.12800,-0.02765
85.13200,-0.04433
85.13600,-0.02341
85.14000,-0.09193
85.14400,-0.06094
85.14800,-0.09588
85.15200,-0.05074
85.15600,-0.03859
85.16000,-0.06723
85.16400,-0.05264
85.16800,-0.04308
85.17200,-0.05773
85.17600,-0.04552
85.18000,-0.02108
85.18400,-0.04033
85.18800,-0.01893
85.19200,-0.03118
85.19600,-0.05042
85.20000,-0.03811
85.20400,-0.02068
85.20800,-0.05054
85.21200,-0.05244
85.21600,-0.01414
85.22000,-0.02157
85.22400,-0.02543
85.22800,-0.04896
85.23200,-0.04162
85.23600,-0.02981
85.24000,-0.02931
85.24400,-0.01956
85.24800,-0.05921
85.25200,-0.01877
85.25600,-0.05686
85.26000,-0.05607
85.26400,-0.04602
85.26800,-0.04688
85.27200,-0.01470
85.27600,-0.01081
85.28000,0.00759
85.28400,-0.04829
85.28800,-0.03041
85.29200,-0.00558
85.29600,-0.06548
85.30000,-0.01242
85.30400,0.01182
85.30800,-0.00254
85.31200,-0.03276
85.31600,-0.01414
85.32000,-0.00257
85.32400,-0.01155
85.32800,-0.00973
85.33200,0.04419
85.33600,0.01301
85.34000,0.06194
85.34400,0.02768
85.34800,0.04113
85.35200,0.01733
85.35600,0.01620
85.36000,0.10623
85.36400,0.05450
85.36800,0.05630
85.37200,0.07578
85.37600,0.02194
85.38000,0.04235
85.38400,0.05577
85.38800,0.04003
85.39200,0.04414
85.39600,0.00334
85.40000,-0.03195
85.40400,-0.00741
85.40800,-0.00235
85.41200,-0.03812
85.41600,-0.02658
85.42000,-0.02310
85.42400,0.01997
85.42800,-0.03871
85.43200,-0.04188
85.43600,-0.03027
85.44000,-0.03937
85.44400,-0.02558
85.44800,-0.03703
85.45200,-0.05163
85.45600,-0.04039
85.46000,-0.06518
85.46400,0.00809
85.46800,0.00245
85.47200,-0.02787
85.47600,-0.02091
85.48000,-0.01128
85.48400,-0.01827
85.48800,-0.04274
85.49200,-0.04264
85.49600,-0.00899
85.50000,-0.03194
85.50400,-0.02129
85.50800,-0.04418
85.51200,-0.02897
85.51600,-0.06491
85.52000,-0.07484
85.52400,-0.08195
85.52800,-0.13296
85.53200,-0.04082
85.53600,0.04846
85.54000,0.15253
85.54400,0.32612
85.54800,0.59608
85.55200,0.78813
85.55600,0.93928
85.56000,1.03599
85.56400,0.92237
85.56800,0.71602
85.57200,0.46370
85.57600,0.24421
85.58000,0.02999
85.58400,-0.11683
85.58800,-0.22666
85.59200,-0.23852
85.59600,-0.20736
85.60000,-0.17745
85.60400,-0.12569
85.60800,-0.09607
85.61200,-0.06102
85.61600,-0.03619
85.62000,-0.01379
85.62400,0.00683
85.62800,-0.01500
85.63200,-0.05168
85.63600,0.02176
85.64000,-0.03456
85.64400,0.00510
85.64800,0.02877
85.65200,0.02297
85.65600,0.04349
85.66000,0.02486
85.66400,0.07797
85.66800,0.05457
85.67200,0.02211
85.67600,0.08295
85.68000,0.07580
85.68400,0.11977
85.68800,0.09990
85.69200,0.14883
85.69600,0.12347
85.70000,0.16224
85.70400,0.18399
85.70800,0.22735
85.71200,0.20491
85.71600,0.24395
85.72000,0.27407
85.72400,0.22740
85.72800,0.30530
85.73200,0.27967
85.73600,0.29037
85.74000,0.32740
85.74400,0.28533
85.74800,0.29700
85.75200,0.30051
85.75600,0.29535
85.76000,0.27822
85.76400,0.22725
85.76800,0.23155
85.77200,0.17801
85.77600,0.16471
85.78000,0.16552
85.78400,0.14737
85.78800,0.12465
85.79200,0.10354
85.79600,0.13753
85.80000,0.06139
85.80400,0.08498
85.80800,0.03610
85.81200,0.05699
85.81600,0.02347
85.82000,-0.00238
85.82400,-0.01618
85.82800,0.04232
85.83200,0.03829
85.83600,0.00337
85.84000,0.00195
85.84400,0.00971
85.84800,-0.03088
85.85200,0.01182
85.85600,0.05792
85.86000,-0.01246
85.86400,-0.03770
85.86800,-0.01628
85.87200,-0.00488
85.87600,-0.01147
85.88000,0.02995
85.88400,0.00755
85.88800,-0.01694
85.89200,-0.00033
85.89600,-0.01420
85.90000,-0.02077
85.90400,0.02612
85.90800,-0.00812
85.91200,-0.01621
85.91600,0.02462
85.92000,-0.00991
85.92400,0.01649
85.92800,-0.05746
85.93200,0.01046
85.93600,-0.02640
85.94000,-0.01112
85.94400,0.01505
85.94800,0.03271
85.95200,-0.04946
85.95600,0.02449
85.96000,-0.00871
85.96400,-0.01196
85.96800,0.01899
85.97200,-0.00453
85.97600,-0.01340
85.98000,-0.00609
85.98400,-0.00612
85.98800,-0.01161
85.99200,0.02080
85.99600,0.03269
86.00000,-0.01930
86.00400,-0.01399
86.00800,-0.00326
86.01200,-0.01588
86.01600,0.00171
86.02000,0.00308
86.02400,-0.00004
86.02800,-0.01451
86.03200,0.00655
86.03600,-0.02512
86.04000,-0.00713
86.04400,-0.00205
86.04800,0.00196
86.05200,0.01819
86.05600,-0.00245
86.06000,-0.01868
86.06400,0.01009
86.06800,-0.00092
86.07200,0.01782
86.07600,0.03565
86.08000,0.03320
86.08400,0.00208
86.08800,-0.01742
86.09200,0.00750
86.09600,-0.00100
86.10000,-0.01196
86.10400,-0.02782
86.10800,0.02676
86.11200,-0.01646
86.11600,0.02459
86.12000,0.02543
86.12400,-0.01485
86.12800,0.01236
86.13200,0.00272
86.13600,-0.02514
86.14000,-0.00802
86.14400,0.00746
86.14800,0.02432
86.15200,-0.00974
86.15600,0.00101
86.16000,0.02639
86.16400,-0.00267
86.16800,-0.00824
86.17200,-0.02498
86.17600,0.01462
86.18000,-0.00814
86.18400,-0.01354
86.18800,-0.00291
86.19200,-0.00876
86.19600,0.06557
86.20000,-0.00460
86.20400,0.02246
86.20800,-0.01898
86.21200,0.02462
86.21600,0.01459
86.22000,-0.00012
86.22400,0.05319
86.22800,-0.01135
86.23200,-0.01427
86.23600,-0.04987
86.24000,-0.03910
86.24400,-0.00593
86.24800,0.00713
86.25200,0.02444
86.25600,0.00710
86.26000,-0.00665
86.26400,-0.01068
86.26800,0.04222
86.27200,0.00021
86.27600,0.04482
86.28000,0.00779
86.28400,0.00278
86.28800,0.00287
86.29200,0.02119
86.29600,0.02808
86.30000,0.00547
86.30400,0.02458
86.30800,-0.00970
86.31200,-0.01445
86.31600,-0.00973
86.32000,0.01725
86.32400,0.01899
86.32800,0.05338
86.33200,0.03986
86.33600,0.04694
86.34000,0.05905
86.34400,0.04511
86.34800,0.05953
86.35200,0.13266
86.35600,0.11308
86.36000,0.07801
86.36400,0.08664
86.36800,0.11997
86.37200,0.06731
86.37600,0.06107
86.38000,0.09273
86.38400,0.08287
86.38800,0.10169
86.39200,0.05473
86.39600,0.04123
86.40000,0.06667
86.40400,0.02986
86.40800,0.04479
86.41200,-0.00276
86.41600,0.02233
86.42000,0.06264
86.42400,-0.00644
86.42800,0.01909
86.43200,0.01617
86.43600,0.02015
86.44000,0.01364
86.44400,0.03111
86.44800,0.00223
86.45200,-0.00303
86.45600,0.01975
86.46000,0.02052
86.46400,-0.02089
86.46800,0.03110
86.47200,0.00842
86.47600,0.03599
86.48000,0.01651
86.48400,-0.00851
86.48800,0.00904
86.49200,0.03074
86.49600,0.03796
86.50000,0.01324
86.50400,0.02930
86.50800,0.04151
86.51200,0.01750
86.51600,0.03435
86.52000,0.00783
86.52400,-0.03992
86.52800,-0.06393
86.53200,-0.06924
86.53600,-0.01653
86.54000,0.00518
86.54400,0.04408
86.54800,0.20246
86.55200,0.44170
86.55600,0.61219
86.56000,0.84676
86.56400,0.99291
86.56800,1.06241
86.57200,0.92705
86.57600,0.78493
86.58000,0.53403
86.58400,0.29989
86.58800,0.07182
86.59200,-0.07690
86.59600,-0.18261
86.60000,-0.17896
86.60400,-0.17733
86.60800,-0.09286
86.61200,-0.08081
86.61600,-0.04873
86.62000,-0.01726
86.62400,0.00134
86.62800,0.00469
86.63200,0.03362
86.63600,0.02499
86.64000,0.01065
86.64400,0.04986
86.64800,0.05061
86.65200,0.06197
86.65600,0.03551
86.66000,0.06821
86.66400,0.08674
86.66800,0.07666
86.67200,0.08063
86.67600,0.08166
86.68000,0.06224
86.68400,0.08639
86.68800,0.11977
86.69200,0.15741
86.69600,0.16354
86.70000,0.15929
86.70400,0.19243
86.70800,0.20397
86.71200,0.20976
86.71600,0.24166
86.72000,0.27688
86.72400,0.25253
86.72800,0.28138
86.73200,0.30122
86.73600,0.29145
86.74000,0.30073
86.74400,0.33320
86.74800,0.36873
86.75200,0.32598
86.75600,0.30956
86.76000,0.34521
86.76400,0.30603
86.76800,0.25273
86.77200,0.26596
86.77600,0.22213
86.78000,0.23812
86.78400,0.25666
86.78800,0.24968
86.79200,0.25778
86.79600,0.19309
86.80000,0.14970
86.80400,0.12718
86.80800,0.11713
86.81200,0.08956
86.81600,0.07987
86.82000,0.09444
86.82400,0.08037
86.82800,0.07275
86.83200,0.05844
86.83600,0.02554
86.84000,0.06153
86.84400,0.04605
86.84800,0.05880
86.85200,0.04248
86.85600,0.01700
86.86000,0.05425
86.86400,0.05012
86.86800,0.02783
86.87200,0.04698
86.87600,0.04071
86.88000,0.02194
86.88400,0.03567
86.88800,0.01583
86.89200,0.05787
86.89600,0.02207
86.90000,0.05017
86.90400,0.06771
86.90800,0.03234
86.91200,0.04508
86.91600,0.06077
86.92000,-0.00636
86.92400,0.07438
86.92800,0.04422
86.93200,0.00756
86.93600,0.03545
86.94000,0.07518
86.94400,0.03461
86.94800,0.06000
86.95200,0.05435
86.95600,0.01986
86.96000,0.04050
86.96400,0.06775
86.96800,0.01743
86.97200,0.03531
86.97600,0.02245
86.98000,0.02288
86.98400,0.02992
86.98800,-0.00880
86.99200,0.02131
86.99600,-0.00021
87.00000,0.01502
87.00400,0.02283
87.00800,0.05573
87.01200,0.01265
87.01600,0.05277
87.02000,0.02664
87.02400,0.01962
87.02800,0.00135
87.03200,0.03871
87.03600,0.03370
87.04000,0.05186
87.04400,0.02331
87.04800,-0.00588
87.05200,0.04693
87.05600,0.06358
87.06000,0.03676
87.06400,0.03925
87.06800,0.04636
87.07200,0.04226
87.07600,0.08832
87.08000,0.03513
87.08400,0.04728
87.08800,0.05576
87.09200,0.04796
87.09600,0.00324
87.10000,0.04554
87.10400,0.03137
87.10800,0.01795
87.11200,0.05726
87.11600,0.02487
87.12000,0.04689
87.12400,0.02446
87.12800,0.05105
87.13200,0.06534
87.13600,0.02199
87.14000,0.02313
87.14400,0.05840
87.14800,0.02127
87.15200,0.06115
87.15600,0.04713
87.16000,0.02166
87.16400,0.02856
87.16800,0.06713
87.17200,0.05691
87.17600,0.04370
87.18000,0.04472
87.18400,0.06305
87.18800,0.02839
87.19200,0.04823
87.19600,0.05001
87.20000,0.06848
87.20400,0.03378
87.20800,0.03809
87.21200,0.04677
87.21600,0.03778
87.22000,0.03684
87.22400,0.05387
87.22800,0.03280
87.23200,0.03807
87.23600,0.04903
87.24000,0.04783
87.24400,0.03886
87.24800,0.04704
87.25200,0.02678
87.25600,0.03988
87.26000,0.04459
87.26400,0.04287
87.26800,0.10122
87.27200,0.12199
87.27600,0.08283
87.28000,0.09578
87.28400,0.10413
87.28800,0.10989
87.29200,0.11431
87.29600,0.15219
87.30000,0.14988
87.30400,0.11774
87.30800,0.14882
87.31200,0.12728
87.31600,0.15240
87.32000,0.11926
87.32400,0.13268
87.32800,0.10358
87.33200,0.10465
87.33600,0.10689
87.34000,0.10342
87.34400,0.05401
87.34800,0.06274
87.35200,0.05134
87.35600,0.02823
87.36000,0.06326
87.36400,0.05013
87.36800,0.04676
87.37200,0.03420
87.37600,0.08576
87.38000,0.03085
87.38400,-0.00420
87.38800,0.04064
87.39200,0.05408
87.39600,0.02612
87.40000,0.04553
87.40400,0.00180
87.40800,0.04325
87.41200,0.04910
87.41600,0.02967
87.42000,0.02620
87.42400,0.02748
87.42800,0.03776
87.43200,0.07032
87.43600,0.05052
87.44000,0.03650
87.44400,0.03801
87.44800,0.06275
87.45200,0.02975
87.45600,0.01944
87.46000,0.04146
87.46400,0.01127
87.46800,0.01911
87.47200,-0.02547
87.47600,-0.02591
87.48000,0.02209
87.48400,0.09792
87.48800,0.23579
87.49200,0.41223
87.49600,0.64718
87.50000,0.86272
87.50400,1.02185
87.50800,1.10193
87.51200,0.97866
87.51600,0.81865
87.52000,0.57088
87.52400,0.27700
87.52800,0.11549
87.53200,-0.04898
87.53600,-0.12426
87.54000,-0.14955
87.54400,-0.11533
87.54800,-0.09074
87.55200,-0.06878
87.55600,-0.03087
87.56000,-0.00600
87.56400,0.01526
87.56800,0.02694
87.57200,0.05595
87.57600,0.07629
87.58000,0.05574
87.58400,0.08409
87.58800,0.08862
87.59200,0.08431
87.59600,0.04202
87.60000,0.02877
87.60400,0.10808
87.60800,0.10473
87.61200,0.07522
87.61600,0.09890
87.62000,0.12927
87.62400,0.13769
87.62800,0.12600
87.63200,0.16637
87.63600,0.15401
87.64000,0.19604
87.64400,0.23079
87.64800,0.24266
87.65200,0.24344
87.65600,0.28595
87.66000,0.32844
87.66400,0.30056
87.66800,0.32263
87.67200,0.30398
87.67600,0.35800
87.68000,0.31769
87.68400,0.34983
87.68800,0.37459
87.69200,0.36619
87.69600,0.28486
87.70000,0.32681
87.70400,0.28487
87.70800,0.31516
87.71200,0.27795
87.71600,0.33596
87.72000,0.29875
87.72400,0.23699
87.72800,0.23293
87.73200,0.22190
87.73600,0.22302
87.74000,0.21368
87.74400,0.18354
87.74800,0.12928
87.75200,0.07759
87.75600,0.09745
87.76000,0.09388
87.76400,0.12227
87.76800,0.07182
87.77200,0.11646
87.77600,0.10080
87.78000,0.08080
87.78400,0.09196
87.78800,0.05706
87.79200,0.08982
87.79600,0.06810
87.80000,0.05275
87.80400,0.04718
87.80800,0.02022
87.81200,0.05452
87.81600,0.07154
87.82000,0.05196
87.82400,0.05088
87.82800,0.09388
87.83200,0.11770
87.83600,0.03239
87.84000,0.08477
87.84400,0.05884
87.84800,0.05932
87.85200,0.04299
87.85600,0.05448
87.86000,0.06565
87.86400,0.06842
87.86800,0.04821
87.87200,0.04917
87.87600,0.07275
87.88000,0.09056
87.88400,0.05138
87.88800,0.07072
87.89200,0.07482
87.89600,0.06767
87.90000,0.04181
87.90400,0.06106
87.90800,0.06201
87.91200,0.03808
87.91600,0.06152
87.92000,0.06051
87.92400,0.04653
87.92800,0.09420
87.93200,0.06681
87.93600,0.04376
87.94000,0.08466
87.94400,0.05520
87.94800,0.04083
87.95200,0.03700
87.95600,0.08244
87.96000,0.03741
87.96400,0.06774
87.96800,0.07076
87.97200,0.04982
87.97600,0.07650
87.98000,0.08208
87.98400,0.06016
87.98800,0.06144
87.99200,0.07517
87.99600,0.06300
88.00000,0.08837
88.00400,0.07682
88.00800,0.06360
88.01200,0.06620
88.01600,0.05389
88.02000,0.07503
88.02400,0.04719
88.02800,0.06108
88.03200,0.03660
88.03600,0.10962
88.04000,0.06809
88.04400,0.06302
88.04800,0.07155
88.05200,0.02863
88.05600,0.09158
88.06000,0.02920
88.06400,0.07490
88.06800,0.05432
88.07200,0.07744
88.07600,0.07502
88.08000,0.06756
88.08400,0.08239
88.08800,0.05614
88.09200,0.06728
88.09600,0.05639
88.10000,0.04915
88.10400,0.04137
88.10800,0.07132
88.11200,0.09960
88.11600,0.04916
88.12000,0.05803
88.12400,0.05654
88.12800,0.08186
88.13200,0.03811
88.13600,0.08697
88.14000,0.07534
88.14400,0.07748
88.14800,0.11127
88.15200,0.11981
88.15600,0.13120
88.16000,0.15972
88.16400,0.11559
88.16800,0.17402
88.17200,0.16803
88.17600,0.21049
88.18000,0.18991
88.18400,0.17150
88.18800,0.11834
88.19200,0.15662
88.19600,0.17437
88.20000,0.15170
88.20400,0.12374
88.20800,0.09062
88.21200,0.10725
88.21600,0.06786
88.22000,0.07405
88.22400,0.07508
88.22800,0.08615
88.23200,0.06066
88.23600,0.06882
88.24000,0.06706
88.24400,0.07106
88.24800,0.07686
88.25200,0.07297
88.25600,0.05708
88.26000,0.06564
88.26400,0.04939
88.26800,0.03756
88.27200,0.05006
88.27600,0.06132
88.28000,0.02041
88.28400,0.07712
88.28800,0.06888
88.29200,0.02992
88.29600,0.04041
88.30000,0.04342
88.30400,0.01479
88.30800,0.02616
88.31200,0.06944
88.31600,0.01995
88.32000,0.10336
88.32400,0.08325
88.32800,0.08038
88.33200,0.04767
88.33600,0.04595
88.34000,0.03068
88.34400,-0.02998
88.34800,0.02269
88.35200,0.00750
88.35600,0.09733
88.36000,0.19104
88.36400,0.43444
88.36800,0.63493
88.37200,0.93321
88.37600,1.04842
88.38000,1.10362
88.38400,0.99549
88.38800,0.83720
88.39200,0.58136
88.39600,0.30867
88.40000,0.11386
88.40400,-0.05390
88.40800,-0.15082
88.41200,-0.18671
88.41600,-0.16183
88.42000,-0.07928
88.42400,-0.00901
88.42800,-0.02109
88.43200,0.00488
88.43600,0.06375
88.44000,0.04664
88.44400,0.06422
88.44800,0.06243
88.45200,0.01599
88.45600,0.04033
88.46000,0.07769
88.46400,0.07702
88.46800,0.07369
88.47200,0.05720
88.47600,0.09367
88.48000,0.09240
88.48400,0.08672
88.48800,0.11207
88.49200,0.13315
88.49600,0.18487
88.50000,0.17692
88.50400,0.15096
88.50800,0.20186
88.51200,0.17062
88.51600,0.17265
88.52000,0.22230
88.52400,0.29564
88.52800,0.28940
88.53200,0.27680
88.53600,0.31504
88.54000,0.27830
88.54400,0.32871
88.54800,0.32262
88.55200,0.32371
88.55600,0.34591
88.56000,0.33871
88.56400,0.36018
88.56800,0.32301
88.57200,0.34950
88.57600,0.34099
88.58000,0.33593
88.58400,0.31835
88.58800,0.30332
88.59200,0.29373
88.59600,0.27988
88.60000,0.25788
88.60400,0.24163
88.60800,0.17232
88.61200,0.17707
88.61600,0.19613
88.62000,0.13826
88.62400,0.15173
88.62800,0.14531
88.63200,0.13986
88.63600,0.08949
88.64000,0.09798
88.64400,0.08263
88.64800,0.09214
88.65200,0.03409
88.65600,0.06698
88.66000,0.08873
88.66400,0.06127
88.66800,0.07976
88.67200,0.08653
88.67600,0.05842
88.68000,0.04536
88.68400,0.04159
88.68800,0.02724
88.69200,0.04260
88.69600,0.04700
88.70000,0.07017
88.70400,0.03587
88.70800,0.03563
88.71200,0.04822
88.71600,0.04477
88.72000,0.07532
88.72400,0.04928
88.72800,0.07800
88.73200,0.05018
88.73600,-0.00608
88.74000,0.04434
88.74400,0.02462
88.74800,0.04789
88.75200,0.02813
88.75600,0.06584
88.76000,0.04110
88.76400,0.03948
88.76800,0.08981
88.77200,0.03984
88.77600,0.03645
88.78000,0.03903
88.78400,0.06102
88.78800,0.05072
88.79200,0.04606
88.79600,0.06913
88.80000,0.03242
88.80400,0.05985
88.80800,0.06168
88.81200,0.05071
88.81600,0.03370
88.82000,0.04107
88.82400,0.06679
88.82800,-0.01188
88.83200,0.07456
88.83600,0.02396
88.84000,0.06235
88.84400,0.05347
88.84800,0.05119
88.85200,0.05295
88.85600,0.03186
88.86000,0.07496
88.86400,0.04264
88.86800,0.05819
88.87200,0.03678
88.87600,0.03421
88.88000,0.06306
88.88400,0.02055
88.88800,0.03936
88.89200,0.02295
88.89600,0.00634
88.90000,0.05964
88.90400,0.03956
88.90800,0.00139
88.91200,0.03717
88.91600,0.08635
88.92000,0.06018
88.92400,0.03353
88.92800,0.04521
88.93200,0.03185
88.93600,0.04204
88.94000,0.03444
88.94400,0.04069
88.94800,0.02711
88.95200,0.05402
88.95600,0.01181
88.96000,-0.00000
88.96400,0.00118
88.96800,0.02105
88.97200,0.03737
88.97600,0.04645
88.98000,0.05057
88.98400,0.00223
88.98800,0.00199
88.99200,0.04659
88.99600,0.06980
89.00000,0.04613
89.00400,0.03028
89.00800,0.05409
89.01200,0.06613
89.01600,0.05280
89.02000,0.03619
89.02400,0.02524
89.02800,0.02017
89.03200,0.02193
89.03600,0.00625
89.04000,0.03780
89.04400,0.05141
89.04800,0.02392
89.05200,0.04572
89.05600,0.04346
89.06000,0.02686
89.06400,0.02796
89.06800,0.05951
89.07200,0.01325
89.07600,0.01500
89.08000,0.02077
89.08400,0.01460
89.08800,0.04275
89.09200,0.04497
89.09600,0.02900
89.10000,0.05106
89.10400,0.00468
89.10800,0.04936
89.11200,0.10272
89.11600,0.08061
89.12000,0.04778
89.12400,0.09623
89.12800,0.07393
89.13200,0.10927
89.13600,0.11972
89.14000,0.08376
89.14400,0.15662
89.14800,0.09363
89.15200,0.11346
89.15600,0.13535
89.16000,0.12994
89.16400,0.11559
89.16800,0.09640
89.17200,0.11039
89.17600,0.09179
89.18000,0.06758
89.18400,0.08787
89.18800,0.08772
89.19200,0.03542
89.19600,0.03279
89.20000,0.01327
89.20400,0.00610
89.20800,0.03061
89.21200,0.04386
89.21600,-0.00794
89.22000,0.01564
89.22400,0.02599
89.22800,0.00642
89.23200,0.03567
89.23600,0.02942
89.24000,0.01543
89.24400,0.04029
89.24800,0.02325
89.25200,0.03816
89.25600,0.02802
89.26000,0.00986
89.26400,0.04609
89.26800,0.00058
89.27200,0.02196
89.27600,0.00716
89.28000,-0.00385
89.28400,-0.01345
89.28800,0.03614
89.29200,0.03763
89.29600,0.02918
89.30000,-0.04042
89.30400,0.00208
89.30800,-0.02496
89.31200,-0.03306
89.31600,-0.05458
89.32000,-0.04678
89.32400,-0.01730
89.32800,0.07641
89.33200,0.19701
89.33600,0.37884
89.34000,0.57384
89.34400,0.84232
89.34800,0.94595
89.35200,1.02146
89.35600,0.95270
89.36000,0.76312
89.36400,0.50218
89.36800,0.29991
89.37200,0.02065
89.37600,-0.07373
89.38000,-0.18402
89.38400,-0.20236
89.38800,-0.18111
89.39200,-0.13583
89.39600,-0.13914
89.40000,-0.05591
89.40400,-0.04090
89.40800,-0.01856
89.41200,-0.00510
89.41600,-0.00078
89.42000,0.02848
89.42400,-0.00911
89.42800,-0.00353
89.43200,0.02535
89.43600,0.01433
89.44000,0.04162
89.44400,-0.03054
89.44800,0.02855
89.45200,0.04240
89.45600,0.08622
89.46000,0.07980
89.46400,0.05077
89.46800,0.10425
89.47200,0.07866
89.47600,0.11739
89.48000,0.11932
89.48400,0.11554
89.48800,0.17820
89.49200,0.19072
89.49600,0.19038
89.50000,0.19720
89.50400,0.21505
89.50800,0.24359
89.51200,0.28338
89.51600,0.26316
89.52000,0.28051
89.52400,0.28056
89.52800,0.26735
89.53200,0.28634
89.53600,0.27917
89.54000,0.31171
89.54400,0.28346
89.54800,0.29582
89.55200,0.25568
89.55600,0.24621
89.56000,0.25573
89.56400,0.21883
89.56800,0.19304
89.57200,0.18287
89.57600,0.16162
89.58000,0.15958
89.58400,0.10640
89.58800,0.09301
89.59200,0.06846
89.59600,0.09725
89.60000,0.07299
89.60400,0.04181
89.60800,0.04940
89.61200,0.06751
89.61600,0.03718
89.62000,0.01248
89.62400,-0.01116
89.62800,0.01535
89.63200,0.05362
89.63600,0.02051
89.64000,-0.01249
89.64400,-0.03991
89.64800,0.00997
89.65200,-0.02866
89.65600,-0.02105
89.66000,0.03029
89.66400,-0.02301
89.66800,-0.01989
89.67200,0.03885
89.67600,0.01840
89.68000,-0.06529
89.68400,-0.00098
89.68800,-0.02252
89.69200,-0.01415
89.69600,-0.03075
89.70000,-0.01222
89.70400,-0.00530
89.70800,-0.02507
89.71200,-0.00279
89.71600,-0.00424
89.72000,-0.04390
89.72400,0.01641
89.72800,-0.01717
89.73200,-0.00307
89.73600,0.00854
89.74000,-0.02168
89.74400,0.02822
89.74800,-0.03988
89.75200,-0.04393
89.75600,-0.02947
89.76000,0.01537
89.76400,0.00978
89.76800,-0.00624
89.77200,-0.04299
89.77600,-0.03178
89.78000,-0.02811
89.78400,-0.02224
89.78800,-0.04774
89.79200,-0.02413
89.79600,-0.03483
89.80000,-0.01619
89.80400,-0.04519
89.80800,-0.03722
89.81200,-0.02354
89.81600,-0.01285
89.82000,-0.02514
89.82400,-0.02357
89.82800,-0.03040
89.83200,-0.04039
89.83600,-0.03652
89.84000,-0.04611
89.84400,-0.01762
89.84800,-0.02060
89.85200,-0.03229
89.85600,-0.04703
89.86000,-0.03763
89.86400,-0.03325
89.86800,-0.00931
89.87200,-0.03739
89.87600,-0.02626
89.88000,-0.04448
89.88400,-0.01782
89.88800,-0.03694
89.89200,-0.04874
89.89600,-0.07129
89.90000,-0.03885
89.90400,-0.03969
89.90800,-0.00906
89.91200,-0.05873
89.91600,-0.04521
89.92000,-0.05878
89.92400,-0.01788
89.92800,-0.02840
89.93200,-0.04154
89.93600,-0.02189
89.94000,-0.03141
89.94400,-0.04492
89.94800,-0.03617
89.95200,-0.02315
89.95600,-0.01677
89.96000,0.00007
89.96400,-0.03025
89.96800,-0.03500
89.97200,-0.03455
89.97600,-0.05365
89.98000,-0.04026
89.98400,-0.02580
89.98800,-0.04524
89.99200,-0.04383
89.99600,-0.06368
